model	coverage	label_level	accuracy	ci_low	ci_high	n
nn_masked	1.00000	class	0.97434	0.96784	0.97977	2767
nn_masked	1.00000	family_of_predicted_class	0.99349	0.99024	0.99639	2767
nn_masked	0.10000	class	0.97073	0.96422	0.97651	2767
nn_masked	0.10000	family_of_predicted_class	0.99386	0.99060	0.99675	2767
nn_masked	0.01000	class	0.92736	0.91760	0.93676	2767
nn_masked	0.01000	family_of_predicted_class	0.97037	0.96386	0.97651	2767
nn_masked	0.00100	class	0.46187	0.44272	0.47958	2767
nn_masked	0.00100	family_of_predicted_class	0.56812	0.54932	0.58583	2767
nn_plain	1.00000	class	0.97579	0.96999	0.98085	2767
nn_plain	1.00000	family_of_predicted_class	0.99494	0.99241	0.99711	2767
nn_plain	0.10000	class	0.97362	0.96711	0.97905	2767
nn_plain	0.10000	family_of_predicted_class	0.99313	0.98988	0.99602	2767
nn_plain	0.01000	class	0.84098	0.82905	0.85472	2767
nn_plain	0.01000	family_of_predicted_class	0.88724	0.87568	0.89881	2767
nn_plain	0.00100	class	0.04156	0.03469	0.04951	2767
nn_plain	0.00100	family_of_predicted_class	0.07192	0.06252	0.08132	2767
centroid	1.00000	class	0.94868	0.94000	0.95628	2767
centroid	1.00000	family_of_predicted_class	0.98374	0.97904	0.98844	2767
centroid	0.10000	class	0.94977	0.94109	0.95735	2767
centroid	0.10000	family_of_predicted_class	0.98265	0.97795	0.98735	2767
centroid	0.01000	class	0.94109	0.93206	0.94940	2767
centroid	0.01000	family_of_predicted_class	0.98085	0.97615	0.98555	2767
centroid	0.00100	class	0.87604	0.86375	0.88870	2767
centroid	0.00100	family_of_predicted_class	0.93748	0.92880	0.94687	2767
rf	1.00000	class	0.96422	0.95662	0.97109	2767
rf	1.00000	family_of_predicted_class	0.98988	0.98518	0.99349	2767
rf	0.10000	class	0.07987	0.06975	0.08999	2767
rf	0.10000	family_of_predicted_class	0.16805	0.15323	0.18216	2767
rf	0.01000	class	0.01988	0.01518	0.02530	2767
rf	0.01000	family_of_predicted_class	0.10950	0.09758	0.12179	2767
rf	0.00100	class	0.01988	0.01518	0.02530	2767
rf	0.00100	family_of_predicted_class	0.10914	0.09721	0.12143	2767
lgbm	1.00000	class	0.95410	0.94579	0.96133	2767
lgbm	1.00000	family_of_predicted_class	0.98012	0.97506	0.98482	2767
lgbm	0.10000	class	0.28334	0.26599	0.30070	2767
lgbm	0.10000	family_of_predicted_class	0.37911	0.36213	0.39827	2767
lgbm	0.01000	class	0.06939	0.06035	0.07879	2767
lgbm	0.01000	family_of_predicted_class	0.09830	0.08710	0.10914	2767
lgbm	0.00100	class	0.02060	0.01590	0.02602	2767
lgbm	0.00100	family_of_predicted_class	0.02819	0.02277	0.03433	2767
