field	kind	samples_with_value	n_distinct	top_values
geo_accession	core	1104/1104	1104	GSM2940725 (1); GSM2940726 (1); GSM2940727 (1); GSM2940728 (1); GSM2940729 (1); GSM2940730 (1); GSM2940731 (1); GSM2940732 (1)
title	core	1104/1104	1104	GBM, MES, sample 1 [validation set] (1); O IDH, sample 2 [validation set] (1); GBM, MES, sample 3 [validation set] (1); A IDH, sample 4 [validation set] (1); GBM, MYCN, sample 5 [validation set] (1); PITAD, FSH LH, sample 6 [validation set] (1); LGG, PA PF, sample 7 [validation set] (1); GBM, RTK II, sample 8 [validation set] (1)
source	core	1104/1104	1	brain tumor (1104)
tissue	characteristic	1104/1104	1	brain tumor (1104)
methylation.class	characteristic	1104/1104	69	GBM, RTK II (118); GBM, MES (104); A IDH (94); O IDH (83); MNG (59); GBM, RTK I (44); MB, G4 (43); MB, SHH CHL AD (42)
material	characteristic	1104/1104	2	DNA_FFPE (1094); DNA_KRYO (10)
!Sample_last_update_date	other (not stored)	1104/1104	6	Jan 24 2018 (1040); Sep 14 2023 (56); Sep 28 2021 (4)
!Sample_type	other (not stored)	1104/1104	1	genomic (1104)
!Sample_channel_count	other (not stored)	1104/1104	1	1 (1104)
!Sample_organism_ch1	other (not stored)	1104/1104	1	Homo sapiens (1104)
!Sample_treatment_protocol_ch1	other (not stored)	1104/1104	1	Extraction of high molecular weight DNA from frozen tumor sa (1104)
!Sample_molecule_ch1	other (not stored)	1104/1104	1	genomic DNA (1104)
!Sample_extract_protocol_ch1	other (not stored)	1104/1104	1	Illumina protocol. (1104)
!Sample_label_ch1	other (not stored)	1104/1104	1	biotin/DNP (1104)
!Sample_label_protocol_ch1	other (not stored)	1104/1104	1	Illumina protocol. (1104)
!Sample_taxid_ch1	other (not stored)	1104/1104	1	9606 (1104)
!Sample_hyb_protocol	other (not stored)	1104/1104	1	Illumina protocol. (1104)
!Sample_scan_protocol	other (not stored)	1104/1104	1	Illumina iScan System according to the manufacturer's protoc (1104)
!Sample_description	other (not stored)	1104/1104	1	Methylation data from brain tumor sample. (1104)
!Sample_data_processing	other (not stored)	1104/1104	1	Bioconductor (Version 3.3) package minifi (Version 1.18) usi (1104)
!Sample_platform_id	other (not stored)	1104/1104	1	GPL13534 (1104)
!Sample_supplementary_file	other (not stored)	1104/1104	1104	ftp://ftp.ncbi.nlm.nih.gov/geo/samples/GSM2940nnn/GSM2940725 (1); ftp://ftp.ncbi.nlm.nih.gov/geo/samples/GSM2940nnn/GSM2940726 (1); ftp://ftp.ncbi.nlm.nih.gov/geo/samples/GSM2940nnn/GSM2940727 (1)
!Sample_data_row_count	other (not stored)	1104/1104	1	0 (1104)
!Sample_relation	other (not stored)	1/1104	1	Reanalyzed by: GSE276972 (1)
