geo_accession	label_raw	mc_class	mc_family	label_family	material	in_training	match
GSM2940725	GBM, MES	GBM, MES	GBM	GBM	FFPE	1	exact
GSM2940726	O IDH	O IDH	O IDH	O IDH	FFPE	1	exact
GSM2940727	GBM, MES	GBM, MES	GBM	GBM	FFPE	1	exact
GSM2940728	A IDH	A IDH	A IDH	A IDH	FFPE	1	exact
GSM2940729	GBM, MYCN	GBM, MYCN	GBM	GBM	FFPE	1	exact
GSM2940730	PITAD, FSH LH	PITAD, FSH LH	PITAD	PITAD	FFPE	1	exact
GSM2940731	LGG, PA PF	LGG, PA PF	LGG	LGG	FFPE	1	exact
GSM2940732	GBM, RTK II	GBM, RTK II	GBM	GBM	FFPE	1	exact
GSM2940733	MNG	MNG	MNG	MNG	FFPE	1	exact
GSM2940734	GBM, MES	GBM, MES	GBM	GBM	FFPE	1	exact
GSM2940735	GBM, MES	GBM, MES	GBM	GBM	FFPE	1	exact
GSM2940736	GBM, MES	GBM, MES	GBM	GBM	FFPE	1	exact
GSM2940737	GBM, MES	GBM, MES	GBM	GBM	FFPE	1	exact
GSM2940738	DMG, K27	DMG, K27	DMG	DMG	FFPE	1	exact
GSM2940739	MB, G4	MB, G4	MB	MB	FFPE	1	exact
GSM2940740	GBM, RTK I	GBM, RTK I	GBM	GBM	FFPE	1	exact
GSM2940741	A IDH	A IDH	A IDH	A IDH	FFPE	1	exact
GSM2940742	GBM, RTK II	GBM, RTK II	GBM	GBM	FFPE	1	exact
GSM2940743	MNG	MNG	MNG	MNG	FFPE	1	exact
GSM2940744	MNG	MNG	MNG	MNG	FFPE	1	exact
GSM2940745	A IDH	A IDH	A IDH	A IDH	FFPE	1	exact
GSM2940746	LGG, PA PF	LGG, PA PF	LGG	LGG	FFPE	1	exact
GSM2940747	DMG, K27	DMG, K27	DMG	DMG	FFPE	1	exact
GSM2940748	MB, SHH INF	MB, SHH INF	MB	MB	FFPE	1	exact
GSM2940749	GBM, MES	GBM, MES	GBM	GBM	FFPE	1	exact
GSM2940750	MB, G4	MB, G4	MB	MB	FFPE	1	exact
GSM2940751	O IDH	O IDH	O IDH	O IDH	FFPE	1	exact
GSM2940752	DMG, K27	DMG, K27	DMG	DMG	FFPE	1	exact
GSM2940753	EPN, PF A	EPN, PF A	EPN	EPN	FFPE	1	exact
GSM2940754	EPN, RELA	EPN, RELA	EPN	EPN	FFPE	1	exact
GSM2940755	O IDH	O IDH	O IDH	O IDH	FFPE	1	exact
GSM2940756	GBM, MES	GBM, MES	GBM	GBM	FFPE	1	exact
GSM2940757	GBM, RTK II	GBM, RTK II	GBM	GBM	FFPE	1	exact
GSM2940758	O IDH	O IDH	O IDH	O IDH	FFPE	1	exact
GSM2940759	MNG	MNG	MNG	MNG	FFPE	1	exact
GSM2940760	A IDH, HG	A IDH, HG	A IDH	A IDH	FFPE	1	exact
GSM2940761	DMG, K27	DMG, K27	DMG	DMG	FFPE	1	exact
GSM2940762	SCHW, MEL	SCHW, MEL	SCHW	SCHW	FFPE	1	exact
GSM2940763	A IDH	A IDH	A IDH	A IDH	FFPE	1	exact
GSM2940764	GBM, MES	GBM, MES	GBM	GBM	FFPE	1	exact
GSM2940765	GBM, MES	GBM, MES	GBM	GBM	FFPE	1	exact
GSM2940766	MNG	MNG	MNG	MNG	FFPE	1	exact
GSM2940767	GBM, RTK II	GBM, RTK II	GBM	GBM	FFPE	1	exact
GSM2940768	LGG, PA PF	LGG, PA PF	LGG	LGG	FFPE	1	exact
GSM2940769	GBM, RTK II	GBM, RTK II	GBM	GBM	FFPE	1	exact
GSM2940770	MNG	MNG	MNG	MNG	FFPE	1	exact
GSM2940771	O IDH	O IDH	O IDH	O IDH	FFPE	1	exact
GSM2940772	GBM, MES	GBM, MES	GBM	GBM	FFPE	1	exact
GSM2940773	EPN, PF A	EPN, PF A	EPN	EPN	FFPE	1	exact
GSM2940774	O IDH	O IDH	O IDH	O IDH	FFPE	1	exact
GSM2940775	GBM, MES	GBM, MES	GBM	GBM	FFPE	1	exact
GSM2940776	EPN, PF A	EPN, PF A	EPN	EPN	FFPE	1	exact
GSM2940777	MB, SHH CHL AD	MB, SHH CHL AD	MB	MB	FFPE	1	exact
GSM2940778	GBM, RTK I	GBM, RTK I	GBM	GBM	FFPE	1	exact
GSM2940779	GBM, RTK II	GBM, RTK II	GBM	GBM	FFPE	1	exact
GSM2940780	EPN, PF A	EPN, PF A	EPN	EPN	FFPE	1	exact
GSM2940781	MELCYT	MELCYT	MELCYT	MELCYT	FFPE	1	exact
GSM2940782	PXA	PXA	PXA	PXA	Frozen	1	exact
GSM2940783	LGG, PA/GG ST	LGG, PA/GG ST	LGG	LGG	FFPE	1	exact
GSM2940784	EPN, MPE	EPN, MPE	EPN	EPN	FFPE	1	exact
GSM2940785	O IDH	O IDH	O IDH	O IDH	FFPE	1	exact
GSM2940786	GBM, RTK II	GBM, RTK II	GBM	GBM	FFPE	1	exact
GSM2940787	GBM, RTK II	GBM, RTK II	GBM	GBM	FFPE	1	exact
GSM2940788	O IDH	O IDH	O IDH	O IDH	FFPE	1	exact
GSM2940789	LGG, PA PF	LGG, PA PF	LGG	LGG	FFPE	1	exact
GSM2940790	PLEX, PED B	PLEX, PED B	PLEX	PLEX	FFPE	1	exact
GSM2940791	A IDH	A IDH	A IDH	A IDH	FFPE	1	exact
GSM2940792	ANA PA	ANA PA	ANA PA	ANA PA	FFPE	1	exact
GSM2940793	DMG, K27	DMG, K27	DMG	DMG	FFPE	1	exact
GSM2940794	MNG	MNG	MNG	MNG	FFPE	1	exact
GSM2940795	CHORDM	CHORDM	CHORDM	CHORDM	FFPE	1	exact
GSM2940796	CNS NB, FOXR2	CNS NB, FOXR2	CNS NB	CNS NB	FFPE	1	exact
GSM2940797	MB, G4	MB, G4	MB	MB	FFPE	1	exact
GSM2940798	CNS NB, FOXR2	CNS NB, FOXR2	CNS NB	CNS NB	FFPE	1	exact
GSM2940799	LGG, PA/GG ST	LGG, PA/GG ST	LGG	LGG	FFPE	1	exact
GSM2940800	MB, G4	MB, G4	MB	MB	Frozen	1	exact
GSM2940801	PXA	PXA	PXA	PXA	FFPE	1	exact
GSM2940802	LGG, DNT	LGG, DNT	LGG	LGG	FFPE	1	exact
GSM2940803	A IDH	A IDH	A IDH	A IDH	FFPE	1	exact
GSM2940804	MELAN	MELAN	MELAN	MELAN	FFPE	1	exact
GSM2940805	GBM, MES	GBM, MES	GBM	GBM	FFPE	1	exact
GSM2940806	GBM, RTK II	GBM, RTK II	GBM	GBM	FFPE	1	exact
GSM2940807	GBM, MES	GBM, MES	GBM	GBM	FFPE	1	exact
GSM2940808	GBM, RTK I	GBM, RTK I	GBM	GBM	FFPE	1	exact
GSM2940809	O IDH	O IDH	O IDH	O IDH	FFPE	1	exact
GSM2940810	GBM, RTK II	GBM, RTK II	GBM	GBM	FFPE	1	exact
GSM2940811	A IDH	A IDH	A IDH	A IDH	FFPE	1	exact
GSM2940812	GBM, G34	GBM, G34	GBM	GBM	FFPE	1	exact
GSM2940813	GBM, MES	GBM, MES	GBM	GBM	FFPE	1	exact
GSM2940814	ANA PA	ANA PA	ANA PA	ANA PA	FFPE	1	exact
GSM2940815	A IDH	A IDH	A IDH	A IDH	FFPE	1	exact
GSM2940816	LGG, PA MID	LGG, PA MID	LGG	LGG	FFPE	1	exact
GSM2940817	MB, SHH CHL AD	MB, SHH CHL AD	MB	MB	FFPE	1	exact
GSM2940818	GBM, MYCN	GBM, MYCN	GBM	GBM	FFPE	1	exact
GSM2940819	MB, G3	MB, G3	MB	MB	FFPE	1	exact
GSM2940820	GBM, RTK I	GBM, RTK I	GBM	GBM	FFPE	1	exact
GSM2940821	LGG, PA PF	LGG, PA PF	LGG	LGG	FFPE	1	exact
GSM2940822	GBM, MES	GBM, MES	GBM	GBM	FFPE	1	exact
GSM2940823	EWS	EWS	EWS	EWS	FFPE	1	exact
GSM2940824	CN	CN	CN	CN	FFPE	1	exact
GSM2940825	EPN, RELA	EPN, RELA	EPN	EPN	FFPE	1	exact
GSM2940826	MB, G4	MB, G4	MB	MB	FFPE	1	exact
GSM2940827	LGG, PA PF	LGG, PA PF	LGG	LGG	FFPE	1	exact
GSM2940828	MNG	MNG	MNG	MNG	FFPE	1	exact
GSM2940829	O IDH	O IDH	O IDH	O IDH	FFPE	1	exact
GSM2940830	IHG	IHG	IHG	IHG	FFPE	1	exact
GSM2940831	A IDH, HG	A IDH, HG	A IDH	A IDH	FFPE	1	exact
GSM2940832	O IDH	O IDH	O IDH	O IDH	FFPE	1	exact
GSM2940833	O IDH	O IDH	O IDH	O IDH	FFPE	1	exact
GSM2940834	LGG, DNT	LGG, DNT	LGG	LGG	FFPE	1	exact
GSM2940835	ANA PA	ANA PA	ANA PA	ANA PA	FFPE	1	exact
GSM2940836	ANA PA	ANA PA	ANA PA	ANA PA	FFPE	1	exact
GSM2940837	MB, G4	MB, G4	MB	MB	FFPE	1	exact
GSM2940838	GBM, MES	GBM, MES	GBM	GBM	FFPE	1	exact
GSM2940839	PXA	PXA	PXA	PXA	FFPE	1	exact
GSM2940840	A IDH, HG	A IDH, HG	A IDH	A IDH	FFPE	1	exact
GSM2940841	MB, SHH INF	MB, SHH INF	MB	MB	FFPE	1	exact
GSM2940842	GBM, RTK II	GBM, RTK II	GBM	GBM	FFPE	1	exact
GSM2940843	DMG, K27	DMG, K27	DMG	DMG	FFPE	1	exact
GSM2940844	ANA PA	ANA PA	ANA PA	ANA PA	FFPE	1	exact
GSM2940845	SUBEPN, SPINE	SUBEPN, SPINE	SUBEPN	SUBEPN	FFPE	1	exact
GSM2940846	O IDH	O IDH	O IDH	O IDH	FFPE	1	exact
GSM2940847	PTPR, B	PTPR, B	PTPR	PTPR	FFPE	1	exact
GSM2940848	ANA PA	ANA PA	ANA PA	ANA PA	FFPE	1	exact
GSM2940849	LGG, PA/GG ST	LGG, PA/GG ST	LGG	LGG	FFPE	1	exact
GSM2940850	GBM, RTK I	GBM, RTK I	GBM	GBM	FFPE	1	exact
GSM2940851	EPN, PF A	EPN, PF A	EPN	EPN	FFPE	1	exact
GSM2940852	MNG	MNG	MNG	MNG	FFPE	1	exact
GSM2940853	LGG, GG	LGG, GG	LGG	LGG	FFPE	1	exact
GSM2940854	EPN, PF B	EPN, PF B	EPN	EPN	FFPE	1	exact
GSM2940855	GBM, RTK II	GBM, RTK II	GBM	GBM	FFPE	1	exact
GSM2940856	GBM, MID	GBM, MID	GBM	GBM	FFPE	1	exact
GSM2940857	O IDH	O IDH	O IDH	O IDH	FFPE	1	exact
GSM2940858	GBM, RTK II	GBM, RTK II	GBM	GBM	FFPE	1	exact
GSM2940859	A IDH	A IDH	A IDH	A IDH	FFPE	1	exact
GSM2940860	DMG, K27	DMG, K27	DMG	DMG	FFPE	1	exact
GSM2940861	A IDH, HG	A IDH, HG	A IDH	A IDH	FFPE	1	exact
GSM2940862	EPN, SPINE	EPN, SPINE	EPN	EPN	FFPE	1	exact
GSM2940863	GBM, RTK II	GBM, RTK II	GBM	GBM	FFPE	1	exact
GSM2940864	LGG, PA PF	LGG, PA PF	LGG	LGG	FFPE	1	exact
GSM2940865	MB, SHH CHL AD	MB, SHH CHL AD	MB	MB	FFPE	1	exact
GSM2940866	LGG, RGNT	LGG, RGNT	LGG	LGG	FFPE	1	exact
GSM2940867	MELAN	MELAN	MELAN	MELAN	FFPE	1	exact
GSM2940868	SCHW	SCHW	SCHW	SCHW	FFPE	1	exact
GSM2940869	LGG, PA MID	LGG, PA MID	LGG	LGG	FFPE	1	exact
GSM2940870	MB, G3	MB, G3	MB	MB	FFPE	1	exact
GSM2940871	PLEX, PED B	PLEX, PED B	PLEX	PLEX	FFPE	1	exact
GSM2940872	GBM, MID	GBM, MID	GBM	GBM	FFPE	1	exact
GSM2940873	LGG, PA PF	LGG, PA PF	LGG	LGG	FFPE	1	exact
GSM2940874	PITAD, STH DNS B	PITAD, STH DNS B	PITAD	PITAD	FFPE	1	exact
GSM2940875	PXA	PXA	PXA	PXA	FFPE	1	exact
GSM2940876	GBM, MYCN	GBM, MYCN	GBM	GBM	FFPE	1	exact
GSM2940877	EPN, PF A	EPN, PF A	EPN	EPN	FFPE	1	exact
GSM2940878	ANA PA	ANA PA	ANA PA	ANA PA	FFPE	1	exact
GSM2940879	MB, SHH INF	MB, SHH INF	MB	MB	FFPE	1	exact
GSM2940880	ENB, A	ENB, A	ENB	ENB	FFPE	1	exact
GSM2940881	EPN, PF A	EPN, PF A	EPN	EPN	FFPE	1	exact
GSM2940882	GBM, RTK II	GBM, RTK II	GBM	GBM	FFPE	1	exact
GSM2940883	GBM, RTK II	GBM, RTK II	GBM	GBM	FFPE	1	exact
GSM2940884	LGG, PA PF	LGG, PA PF	LGG	LGG	FFPE	1	exact
GSM2940885	A IDH, HG	A IDH, HG	A IDH	A IDH	FFPE	1	exact
GSM2940886	MB, SHH CHL AD	MB, SHH CHL AD	MB	MB	FFPE	1	exact
GSM2940887	LGG, PA PF	LGG, PA PF	LGG	LGG	FFPE	1	exact
GSM2940888	MB, SHH CHL AD	MB, SHH CHL AD	MB	MB	FFPE	1	exact
GSM2940889	EPN, PF A	EPN, PF A	EPN	EPN	FFPE	1	exact
GSM2940890	LGG, PA PF	LGG, PA PF	LGG	LGG	FFPE	1	exact
GSM2940891	A IDH	A IDH	A IDH	A IDH	FFPE	1	exact
GSM2940892	MNG	MNG	MNG	MNG	FFPE	1	exact
GSM2940893	LGG, PA MID	LGG, PA MID	LGG	LGG	FFPE	1	exact
GSM2940894	EPN, PF A	EPN, PF A	EPN	EPN	FFPE	1	exact
GSM2940895	ANA PA	ANA PA	ANA PA	ANA PA	FFPE	1	exact
GSM2940896	MB, SHH CHL AD	MB, SHH CHL AD	MB	MB	FFPE	1	exact
GSM2940897	GBM, MES	GBM, MES	GBM	GBM	FFPE	1	exact
GSM2940898	GBM, MES	GBM, MES	GBM	GBM	FFPE	1	exact
GSM2940899	MB, G4	MB, G4	MB	MB	FFPE	1	exact
GSM2940900	DMG, K27	DMG, K27	DMG	DMG	FFPE	1	exact
GSM2940901	ATRT, SHH	ATRT, SHH	ATRT	ATRT	FFPE	1	exact
GSM2940902	A IDH	A IDH	A IDH	A IDH	FFPE	1	exact
GSM2940903	LGG, DNT	LGG, DNT	LGG	LGG	FFPE	1	exact
GSM2940904	EPN, PF A	EPN, PF A	EPN	EPN	FFPE	1	exact
GSM2940905	MB, G4	MB, G4	MB	MB	FFPE	1	exact
GSM2940906	LGG, PA PF	LGG, PA PF	LGG	LGG	FFPE	1	exact
GSM2940907	EPN, RELA	EPN, RELA	EPN	EPN	FFPE	1	exact
GSM2940908	LGG, RGNT	LGG, RGNT	LGG	LGG	FFPE	1	exact
GSM2940909	LGG, DNT	LGG, DNT	LGG	LGG	FFPE	1	exact
GSM2940910	MB, G4	MB, G4	MB	MB	FFPE	1	exact
GSM2940911	DMG, K27	DMG, K27	DMG	DMG	FFPE	1	exact
GSM2940912	A IDH	A IDH	A IDH	A IDH	FFPE	1	exact
GSM2940913	GBM, RTK II	GBM, RTK II	GBM	GBM	FFPE	1	exact
GSM2940914	LIPN	LIPN	LIPN	LIPN	FFPE	1	exact
GSM2940915	SCHW	SCHW	SCHW	SCHW	FFPE	1	exact
GSM2940916	MB, G4	MB, G4	MB	MB	FFPE	1	exact
GSM2940917	GBM, MES	GBM, MES	GBM	GBM	FFPE	1	exact
GSM2940918	O IDH	O IDH	O IDH	O IDH	FFPE	1	exact
GSM2940919	MELCYT	MELCYT	MELCYT	MELCYT	FFPE	1	exact
GSM2940920	PGG, nC	PGG, nC	PGG	PGG	FFPE	1	exact
GSM2940921	A IDH	A IDH	A IDH	A IDH	FFPE	1	exact
GSM2940922	GBM, RTK I	GBM, RTK I	GBM	GBM	FFPE	1	exact
GSM2940923	EPN, MPE	EPN, MPE	EPN	EPN	FFPE	1	exact
GSM2940924	MB, G3	MB, G3	MB	MB	FFPE	1	exact
GSM2940925	MB, SHH INF	MB, SHH INF	MB	MB	FFPE	1	exact
GSM2940926	ANA PA	ANA PA	ANA PA	ANA PA	FFPE	1	exact
GSM2940927	O IDH	O IDH	O IDH	O IDH	FFPE	1	exact
GSM2940928	GBM, MES	GBM, MES	GBM	GBM	FFPE	1	exact
GSM2940929	PITAD, ACTH	PITAD, ACTH	PITAD	PITAD	FFPE	1	exact
GSM2940930	O IDH	O IDH	O IDH	O IDH	FFPE	1	exact
GSM2940931	A IDH	A IDH	A IDH	A IDH	FFPE	1	exact
GSM2940932	GBM, MES	GBM, MES	GBM	GBM	FFPE	1	exact
GSM2940933	MB, SHH CHL AD	MB, SHH CHL AD	MB	MB	FFPE	1	exact
GSM2940934	LGG, PA MID	LGG, PA MID	LGG	LGG	FFPE	1	exact
GSM2940935	EPN, MPE	EPN, MPE	EPN	EPN	FFPE	1	exact
GSM2940936	O IDH	O IDH	O IDH	O IDH	FFPE	1	exact
GSM2940937	O IDH	O IDH	O IDH	O IDH	FFPE	1	exact
GSM2940938	GBM, RTK I	GBM, RTK I	GBM	GBM	FFPE	1	exact
GSM2940939	O IDH	O IDH	O IDH	O IDH	FFPE	1	exact
GSM2940940	A IDH, HG	A IDH, HG	A IDH	A IDH	FFPE	1	exact
GSM2940941	GBM, RTK I	GBM, RTK I	GBM	GBM	FFPE	1	exact
GSM2940942	O IDH	O IDH	O IDH	O IDH	FFPE	1	exact
GSM2940943	A IDH, HG	A IDH, HG	A IDH	A IDH	FFPE	1	exact
GSM2940944	EPN, MPE	EPN, MPE	EPN	EPN	FFPE	1	exact
GSM2940945	EPN, MPE	EPN, MPE	EPN	EPN	FFPE	1	exact
GSM2940946	LGG, PA PF	LGG, PA PF	LGG	LGG	FFPE	1	exact
GSM2940947	A IDH	A IDH	A IDH	A IDH	FFPE	1	exact
GSM2940948	DMG, K27	DMG, K27	DMG	DMG	FFPE	1	exact
GSM2940949	GBM, RTK I	GBM, RTK I	GBM	GBM	FFPE	1	exact
GSM2940950	DMG, K27	DMG, K27	DMG	DMG	FFPE	1	exact
GSM2940951	DMG, K27	DMG, K27	DMG	DMG	FFPE	1	exact
GSM2940952	A IDH	A IDH	A IDH	A IDH	FFPE	1	exact
GSM2940953	PXA	PXA	PXA	PXA	FFPE	1	exact
GSM2940954	A IDH, HG	A IDH, HG	A IDH	A IDH	FFPE	1	exact
GSM2940955	PIN T, PPT	PIN T, PPT	PIN T	PIN T	FFPE	1	exact
GSM2940956	A IDH, HG	A IDH, HG	A IDH	A IDH	FFPE	1	exact
GSM2940957	MB, G3	MB, G3	MB	MB	FFPE	1	exact
GSM2940958	MB, SHH CHL AD	MB, SHH CHL AD	MB	MB	FFPE	1	exact
GSM2940959	A IDH, HG	A IDH, HG	A IDH	A IDH	FFPE	1	exact
GSM2940960	MB, G4	MB, G4	MB	MB	FFPE	1	exact
GSM2940961	MB, G4	MB, G4	MB	MB	FFPE	1	exact
GSM2940962	EPN, PF A	EPN, PF A	EPN	EPN	FFPE	1	exact
GSM2940963	SUBEPN, SPINE	SUBEPN, SPINE	SUBEPN	SUBEPN	FFPE	1	exact
GSM2940964	LGG, PA PF	LGG, PA PF	LGG	LGG	FFPE	1	exact
GSM2940965	MB, SHH CHL AD	MB, SHH CHL AD	MB	MB	FFPE	1	exact
GSM2940966	A IDH, HG	A IDH, HG	A IDH	A IDH	FFPE	1	exact
GSM2940967	GBM, RTK I	GBM, RTK I	GBM	GBM	FFPE	1	exact
GSM2940968	GBM, RTK I	GBM, RTK I	GBM	GBM	FFPE	1	exact
GSM2940969	MB, SHH INF	MB, SHH INF	MB	MB	FFPE	1	exact
GSM2940970	A IDH, HG	A IDH, HG	A IDH	A IDH	FFPE	1	exact
GSM2940971	GBM, MES	GBM, MES	GBM	GBM	FFPE	1	exact
GSM2940972	GBM, RTK I	GBM, RTK I	GBM	GBM	FFPE	1	exact
GSM2940973	SUBEPN, ST	SUBEPN, ST	SUBEPN	SUBEPN	FFPE	1	exact
GSM2940974	GBM, RTK I	GBM, RTK I	GBM	GBM	FFPE	1	exact
GSM2940975	MNG	MNG	MNG	MNG	FFPE	1	exact
GSM2940976	MB, G4	MB, G4	MB	MB	FFPE	1	exact
GSM2940977	LGG, PA/GG ST	LGG, PA/GG ST	LGG	LGG	FFPE	1	exact
GSM2940978	A IDH	A IDH	A IDH	A IDH	FFPE	1	exact
GSM2940979	GBM, MES	GBM, MES	GBM	GBM	FFPE	1	exact
GSM2940980	MELCYT	MELCYT	MELCYT	MELCYT	FFPE	1	exact
GSM2940981	O IDH	O IDH	O IDH	O IDH	FFPE	1	exact
GSM2940982	EPN, RELA	EPN, RELA	EPN	EPN	FFPE	1	exact
GSM2940983	GBM, RTK II	GBM, RTK II	GBM	GBM	FFPE	1	exact
GSM2940984	MB, G3	MB, G3	MB	MB	FFPE	1	exact
GSM2940985	GBM, RTK II	GBM, RTK II	GBM	GBM	FFPE	1	exact
GSM2940986	GBM, MYCN	GBM, MYCN	GBM	GBM	FFPE	1	exact
GSM2940987	A IDH, HG	A IDH, HG	A IDH	A IDH	FFPE	1	exact
GSM2940988	GBM, MID	GBM, MID	GBM	GBM	FFPE	1	exact
GSM2940989	MNG	MNG	MNG	MNG	FFPE	1	exact
GSM2940990	GBM, RTK II	GBM, RTK II	GBM	GBM	FFPE	1	exact
GSM2940991	GBM, MES	GBM, MES	GBM	GBM	FFPE	1	exact
GSM2940992	LGG, PA MID	LGG, PA MID	LGG	LGG	FFPE	1	exact
GSM2940993	EPN, RELA	EPN, RELA	EPN	EPN	FFPE	1	exact
GSM2940994	GBM, RTK II	GBM, RTK II	GBM	GBM	FFPE	1	exact
GSM2940995	GBM, MES	GBM, MES	GBM	GBM	FFPE	1	exact
GSM2940996	EPN, PF A	EPN, PF A	EPN	EPN	FFPE	1	exact
GSM2940997	GBM, RTK II	GBM, RTK II	GBM	GBM	FFPE	1	exact
GSM2940998	PXA	PXA	PXA	PXA	FFPE	1	exact
GSM2940999	LGG, MYB	LGG, MYB	LGG	LGG	FFPE	1	exact
GSM2941000	A IDH, HG	A IDH, HG	A IDH	A IDH	FFPE	1	exact
GSM2941001	GBM, MES	GBM, MES	GBM	GBM	FFPE	1	exact
GSM2941002	GBM, RTK I	GBM, RTK I	GBM	GBM	FFPE	1	exact
GSM2941003	MB, SHH INF	MB, SHH INF	MB	MB	FFPE	1	exact
GSM2941004	A IDH, HG	A IDH, HG	A IDH	A IDH	FFPE	1	exact
GSM2941005	A IDH	A IDH	A IDH	A IDH	FFPE	1	exact
GSM2941006	MB, SHH CHL AD	MB, SHH CHL AD	MB	MB	FFPE	1	exact
GSM2941007	GBM, MES	GBM, MES	GBM	GBM	FFPE	1	exact
GSM2941008	GBM, RTK I	GBM, RTK I	GBM	GBM	FFPE	1	exact
GSM2941009	GBM, MES	GBM, MES	GBM	GBM	FFPE	1	exact
GSM2941010	MNG	MNG	MNG	MNG	FFPE	1	exact
GSM2941011	HGNET, MN1	HGNET, MN1	HGNET	HGNET	FFPE	1	exact
GSM2941012	O IDH	O IDH	O IDH	O IDH	FFPE	1	exact
GSM2941013	LGG, PA MID	LGG, PA MID	LGG	LGG	FFPE	1	exact
GSM2941014	A IDH	A IDH	A IDH	A IDH	FFPE	1	exact
GSM2941015	GBM, MES	GBM, MES	GBM	GBM	FFPE	1	exact
GSM2941016	GBM, MES	GBM, MES	GBM	GBM	FFPE	1	exact
GSM2941017	GBM, RTK II	GBM, RTK II	GBM	GBM	FFPE	1	exact
GSM2941018	GBM, MES	GBM, MES	GBM	GBM	FFPE	1	exact
GSM2941019	LGG, PA PF	LGG, PA PF	LGG	LGG	FFPE	1	exact
GSM2941020	GBM, MES	GBM, MES	GBM	GBM	FFPE	1	exact
GSM2941021	EPN, MPE	EPN, MPE	EPN	EPN	FFPE	1	exact
GSM2941022	GBM, RTK II	GBM, RTK II	GBM	GBM	FFPE	1	exact
GSM2941023	O IDH	O IDH	O IDH	O IDH	FFPE	1	exact
GSM2941024	MB, G4	MB, G4	MB	MB	FFPE	1	exact
GSM2941025	LGG, PA PF	LGG, PA PF	LGG	LGG	FFPE	1	exact
GSM2941026	A IDH	A IDH	A IDH	A IDH	FFPE	1	exact
GSM2941027	GBM, MES	GBM, MES	GBM	GBM	FFPE	1	exact
GSM2941028	DMG, K27	DMG, K27	DMG	DMG	FFPE	1	exact
GSM2941029	O IDH	O IDH	O IDH	O IDH	FFPE	1	exact
GSM2941030	EWS	EWS	EWS	EWS	FFPE	1	exact
GSM2941031	PXA	PXA	PXA	PXA	FFPE	1	exact
GSM2941032	PXA	PXA	PXA	PXA	Frozen	1	exact
GSM2941033	GBM, RTK II	GBM, RTK II	GBM	GBM	FFPE	1	exact
GSM2941034	LGG, PA PF	LGG, PA PF	LGG	LGG	FFPE	1	exact
GSM2941035	EPN, PF A	EPN, PF A	EPN	EPN	FFPE	1	exact
GSM2941036	GBM, RTK II	GBM, RTK II	GBM	GBM	FFPE	1	exact
GSM2941037	MNG	MNG	MNG	MNG	FFPE	1	exact
GSM2941038	O IDH	O IDH	O IDH	O IDH	FFPE	1	exact
GSM2941039	MB, G4	MB, G4	MB	MB	FFPE	1	exact
GSM2941040	SCHW, MEL	SCHW, MEL	SCHW	SCHW	FFPE	1	exact
GSM2941041	O IDH	O IDH	O IDH	O IDH	FFPE	1	exact
GSM2941042	DMG, K27	DMG, K27	DMG	DMG	FFPE	1	exact
GSM2941043	MB, G4	MB, G4	MB	MB	FFPE	1	exact
GSM2941044	MB, SHH CHL AD	MB, SHH CHL AD	MB	MB	FFPE	1	exact
GSM2941045	GBM, MES	GBM, MES	GBM	GBM	FFPE	1	exact
GSM2941046	GBM, RTK I	GBM, RTK I	GBM	GBM	FFPE	1	exact
GSM2941047	LGG, GG	LGG, GG	LGG	LGG	FFPE	1	exact
GSM2941048	LGG, MYB	LGG, MYB	LGG	LGG	FFPE	1	exact
GSM2941049	O IDH	O IDH	O IDH	O IDH	FFPE	1	exact
GSM2941050	ANA PA	ANA PA	ANA PA	ANA PA	FFPE	1	exact
GSM2941051	A IDH	A IDH	A IDH	A IDH	FFPE	1	exact
GSM2941052	MB, SHH CHL AD	MB, SHH CHL AD	MB	MB	FFPE	1	exact
GSM2941053	GBM, G34	GBM, G34	GBM	GBM	FFPE	1	exact
GSM2941054	LGG, PA PF	LGG, PA PF	LGG	LGG	FFPE	1	exact
GSM2941055	DMG, K27	DMG, K27	DMG	DMG	FFPE	1	exact
GSM2941056	MNG	MNG	MNG	MNG	FFPE	1	exact
GSM2941057	IHG	IHG	IHG	IHG	FFPE	1	exact
GSM2941058	GBM, RTK II	GBM, RTK II	GBM	GBM	FFPE	1	exact
GSM2941059	MB, SHH CHL AD	MB, SHH CHL AD	MB	MB	FFPE	1	exact
GSM2941060	GBM, MES	GBM, MES	GBM	GBM	FFPE	1	exact
GSM2941061	HGNET, BCOR	HGNET, BCOR	HGNET	HGNET	FFPE	1	exact
GSM2941062	EPN, PF B	EPN, PF B	EPN	EPN	FFPE	1	exact
GSM2941063	PXA	PXA	PXA	PXA	FFPE	1	exact
GSM2941064	O IDH	O IDH	O IDH	O IDH	FFPE	1	exact
GSM2941065	GBM, RTK II	GBM, RTK II	GBM	GBM	FFPE	1	exact
GSM2941066	A IDH	A IDH	A IDH	A IDH	FFPE	1	exact
GSM2941067	O IDH	O IDH	O IDH	O IDH	FFPE	1	exact
GSM2941068	SUBEPN, PF	SUBEPN, PF	SUBEPN	SUBEPN	FFPE	1	exact
GSM2941069	O IDH	O IDH	O IDH	O IDH	FFPE	1	exact
GSM2941070	O IDH	O IDH	O IDH	O IDH	FFPE	1	exact
GSM2941071	GBM, RTK II	GBM, RTK II	GBM	GBM	FFPE	1	exact
GSM2941072	GBM, MES	GBM, MES	GBM	GBM	FFPE	1	exact
GSM2941073	O IDH	O IDH	O IDH	O IDH	FFPE	1	exact
GSM2941074	GBM, RTK I	GBM, RTK I	GBM	GBM	FFPE	1	exact
GSM2941075	A IDH	A IDH	A IDH	A IDH	FFPE	1	exact
GSM2941076	GBM, MYCN	GBM, MYCN	GBM	GBM	FFPE	1	exact
GSM2941077	GBM, MES	GBM, MES	GBM	GBM	FFPE	1	exact
GSM2941078	GBM, RTK II	GBM, RTK II	GBM	GBM	FFPE	1	exact
GSM2941079	LGG, PA MID	LGG, PA MID	LGG	LGG	FFPE	1	exact
GSM2941080	EPN, PF A	EPN, PF A	EPN	EPN	FFPE	1	exact
GSM2941081	A IDH, HG	A IDH, HG	A IDH	A IDH	FFPE	1	exact
GSM2941082	DMG, K27	DMG, K27	DMG	DMG	FFPE	1	exact
GSM2941083	MB, SHH CHL AD	MB, SHH CHL AD	MB	MB	FFPE	1	exact
GSM2941084	EPN, RELA	EPN, RELA	EPN	EPN	FFPE	1	exact
GSM2941085	GBM, MID	GBM, MID	GBM	GBM	FFPE	1	exact
GSM2941086	GBM, RTK II	GBM, RTK II	GBM	GBM	FFPE	1	exact
GSM2941087	PXA	PXA	PXA	PXA	FFPE	1	exact
GSM2941088	PXA	PXA	PXA	PXA	FFPE	1	exact
GSM2941089	MELAN	MELAN	MELAN	MELAN	FFPE	1	exact
GSM2941090	IHG	IHG	IHG	IHG	FFPE	1	exact
GSM2941091	O IDH	O IDH	O IDH	O IDH	FFPE	1	exact
GSM2941092	O IDH	O IDH	O IDH	O IDH	FFPE	1	exact
GSM2941093	A IDH	A IDH	A IDH	A IDH	FFPE	1	exact
GSM2941094	GBM, RTK II	GBM, RTK II	GBM	GBM	FFPE	1	exact
GSM2941095	MB, SHH INF	MB, SHH INF	MB	MB	FFPE	1	exact
GSM2941096	ETMR	ETMR	ETMR	ETMR	FFPE	1	exact
GSM2941097	LGG, PA/GG ST	LGG, PA/GG ST	LGG	LGG	FFPE	1	exact
GSM2941098	A IDH, HG	A IDH, HG	A IDH	A IDH	FFPE	1	exact
GSM2941099	GBM, MES	GBM, MES	GBM	GBM	FFPE	1	exact
GSM2941100	ANA PA	ANA PA	ANA PA	ANA PA	FFPE	1	exact
GSM2941101	MNG	MNG	MNG	MNG	FFPE	1	exact
GSM2941102	EPN, SPINE	EPN, SPINE	EPN	EPN	FFPE	1	exact
GSM2941103	HGNET, MN1	HGNET, MN1	HGNET	HGNET	FFPE	1	exact
GSM2941104	DLGNT	DLGNT	DLGNT	DLGNT	FFPE	1	exact
GSM2941105	GBM, MID	GBM, MID	GBM	GBM	FFPE	1	exact
GSM2941106	GBM, MES	GBM, MES	GBM	GBM	FFPE	1	exact
GSM2941107	MB, SHH CHL AD	MB, SHH CHL AD	MB	MB	FFPE	1	exact
GSM2941108	GBM, RTK II	GBM, RTK II	GBM	GBM	FFPE	1	exact
GSM2941109	DLGNT	DLGNT	DLGNT	DLGNT	FFPE	1	exact
GSM2941110	GBM, RTK II	GBM, RTK II	GBM	GBM	FFPE	1	exact
GSM2941111	LGG, PA/GG ST	LGG, PA/GG ST	LGG	LGG	FFPE	1	exact
GSM2941112	A IDH	A IDH	A IDH	A IDH	FFPE	1	exact
GSM2941113	A IDH, HG	A IDH, HG	A IDH	A IDH	FFPE	1	exact
GSM2941114	O IDH	O IDH	O IDH	O IDH	FFPE	1	exact
GSM2941115	GBM, RTK II	GBM, RTK II	GBM	GBM	FFPE	1	exact
GSM2941116	GBM, RTK II	GBM, RTK II	GBM	GBM	FFPE	1	exact
GSM2941117	GBM, RTK II	GBM, RTK II	GBM	GBM	FFPE	1	exact
GSM2941118	A IDH	A IDH	A IDH	A IDH	FFPE	1	exact
GSM2941119	MB, G3	MB, G3	MB	MB	FFPE	1	exact
GSM2941120	GBM, RTK II	GBM, RTK II	GBM	GBM	FFPE	1	exact
GSM2941121	A IDH, HG	A IDH, HG	A IDH	A IDH	FFPE	1	exact
GSM2941122	O IDH	O IDH	O IDH	O IDH	FFPE	1	exact
GSM2941123	A IDH	A IDH	A IDH	A IDH	FFPE	1	exact
GSM2941124	A IDH	A IDH	A IDH	A IDH	FFPE	1	exact
GSM2941125	LGG, DNT	LGG, DNT	LGG	LGG	FFPE	1	exact
GSM2941126	GBM, RTK I	GBM, RTK I	GBM	GBM	FFPE	1	exact
GSM2941127	A IDH, HG	A IDH, HG	A IDH	A IDH	FFPE	1	exact
GSM2941128	GBM, MYCN	GBM, MYCN	GBM	GBM	FFPE	1	exact
GSM2941129	MB, WNT	MB, WNT	MB	MB	FFPE	1	exact
GSM2941130	MB, WNT	MB, WNT	MB	MB	FFPE	1	exact
GSM2941131	GBM, RTK II	GBM, RTK II	GBM	GBM	FFPE	1	exact
GSM2941132	GBM, RTK I	GBM, RTK I	GBM	GBM	FFPE	1	exact
GSM2941133	PXA	PXA	PXA	PXA	FFPE	1	exact
GSM2941134	PXA	PXA	PXA	PXA	FFPE	1	exact
GSM2941135	PXA	PXA	PXA	PXA	FFPE	1	exact
GSM2941136	A IDH	A IDH	A IDH	A IDH	FFPE	1	exact
GSM2941137	O IDH	O IDH	O IDH	O IDH	FFPE	1	exact
GSM2941138	A IDH	A IDH	A IDH	A IDH	FFPE	1	exact
GSM2941139	A IDH	A IDH	A IDH	A IDH	FFPE	1	exact
GSM2941140	GBM, RTK II	GBM, RTK II	GBM	GBM	FFPE	1	exact
GSM2941141	EPN, MPE	EPN, MPE	EPN	EPN	FFPE	1	exact
GSM2941142	EPN, MPE	EPN, MPE	EPN	EPN	FFPE	1	exact
GSM2941143	GBM, RTK III	GBM, RTK III	GBM	GBM	FFPE	1	exact
GSM2941144	EPN, PF A	EPN, PF A	EPN	EPN	FFPE	1	exact
GSM2941145	EPN, MPE	EPN, MPE	EPN	EPN	FFPE	1	exact
GSM2941146	EPN, MPE	EPN, MPE	EPN	EPN	FFPE	1	exact
GSM2941147	MNG	MNG	MNG	MNG	FFPE	1	exact
GSM2941148	LGG, PA/GG ST	LGG, PA/GG ST	LGG	LGG	FFPE	1	exact
GSM2941149	MNG	MNG	MNG	MNG	FFPE	1	exact
GSM2941150	GBM, MES	GBM, MES	GBM	GBM	FFPE	1	exact
GSM2941151	MB, SHH CHL AD	MB, SHH CHL AD	MB	MB	FFPE	1	exact
GSM2941152	A IDH, HG	A IDH, HG	A IDH	A IDH	FFPE	1	exact
GSM2941153	ANA PA	ANA PA	ANA PA	ANA PA	FFPE	1	exact
GSM2941154	O IDH	O IDH	O IDH	O IDH	FFPE	1	exact
GSM2941155	LGG, GG	LGG, GG	LGG	LGG	FFPE	1	exact
GSM2941156	GBM, MES	GBM, MES	GBM	GBM	FFPE	1	exact
GSM2941157	MNG	MNG	MNG	MNG	FFPE	1	exact
GSM2941158	GBM, RTK II	GBM, RTK II	GBM	GBM	FFPE	1	exact
GSM2941159	MNG	MNG	MNG	MNG	FFPE	1	exact
GSM2941160	MNG	MNG	MNG	MNG	FFPE	1	exact
GSM2941161	MNG	MNG	MNG	MNG	FFPE	1	exact
GSM2941162	MNG	MNG	MNG	MNG	FFPE	1	exact
GSM2941163	A IDH	A IDH	A IDH	A IDH	FFPE	1	exact
GSM2941164	GBM, RTK I	GBM, RTK I	GBM	GBM	FFPE	1	exact
GSM2941165	GBM, RTK I	GBM, RTK I	GBM	GBM	FFPE	1	exact
GSM2941166	O IDH	O IDH	O IDH	O IDH	FFPE	1	exact
GSM2941167	GBM, RTK II	GBM, RTK II	GBM	GBM	FFPE	1	exact
GSM2941168	ATRT, SHH	ATRT, SHH	ATRT	ATRT	FFPE	1	exact
GSM2941169	EPN, PF A	EPN, PF A	EPN	EPN	FFPE	1	exact
GSM2941170	MB, WNT	MB, WNT	MB	MB	FFPE	1	exact
GSM2941171	GBM, RTK II	GBM, RTK II	GBM	GBM	FFPE	1	exact
GSM2941172	GBM, RTK II	GBM, RTK II	GBM	GBM	FFPE	1	exact
GSM2941173	HGNET, BCOR	HGNET, BCOR	HGNET	HGNET	FFPE	1	exact
GSM2941174	GBM, RTK III	GBM, RTK III	GBM	GBM	FFPE	1	exact
GSM2941175	LGG, PA PF	LGG, PA PF	LGG	LGG	FFPE	1	exact
GSM2941176	GBM, MES	GBM, MES	GBM	GBM	FFPE	1	exact
GSM2941177	A IDH	A IDH	A IDH	A IDH	FFPE	1	exact
GSM2941178	GBM, G34	GBM, G34	GBM	GBM	FFPE	1	exact
GSM2941179	MB, G3	MB, G3	MB	MB	FFPE	1	exact
GSM2941180	LGG, PA PF	LGG, PA PF	LGG	LGG	FFPE	1	exact
GSM2941181	DMG, K27	DMG, K27	DMG	DMG	FFPE	1	exact
GSM2941182	EPN, RELA	EPN, RELA	EPN	EPN	FFPE	1	exact
GSM2941183	LGG, PA PF	LGG, PA PF	LGG	LGG	FFPE	1	exact
GSM2941184	A IDH	A IDH	A IDH	A IDH	FFPE	1	exact
GSM2941185	MB, SHH CHL AD	MB, SHH CHL AD	MB	MB	FFPE	1	exact
GSM2941186	LGG, PA MID	LGG, PA MID	LGG	LGG	FFPE	1	exact
GSM2941187	GBM, RTK II	GBM, RTK II	GBM	GBM	FFPE	1	exact
GSM2941188	ETMR	ETMR	ETMR	ETMR	FFPE	1	exact
GSM2941189	MB, G4	MB, G4	MB	MB	FFPE	1	exact
GSM2941190	MB, G4	MB, G4	MB	MB	FFPE	1	exact
GSM2941191	PITAD, TSH	PITAD, TSH	PITAD	PITAD	FFPE	1	exact
GSM2941192	GBM, RTK II	GBM, RTK II	GBM	GBM	FFPE	1	exact
GSM2941193	GBM, MYCN	GBM, MYCN	GBM	GBM	FFPE	1	exact
GSM2941194	PTPR, A	PTPR, A	PTPR	PTPR	FFPE	1	exact
GSM2941195	LGG, PA PF	LGG, PA PF	LGG	LGG	FFPE	1	exact
GSM2941196	A IDH, HG	A IDH, HG	A IDH	A IDH	FFPE	1	exact
GSM2941197	A IDH	A IDH	A IDH	A IDH	FFPE	1	exact
GSM2941198	EPN, RELA	EPN, RELA	EPN	EPN	FFPE	1	exact
GSM2941199	LGG, PA PF	LGG, PA PF	LGG	LGG	FFPE	1	exact
GSM2941200	LGG, PA/GG ST	LGG, PA/GG ST	LGG	LGG	FFPE	1	exact
GSM2941201	GBM, RTK I	GBM, RTK I	GBM	GBM	FFPE	1	exact
GSM2941202	HMB	HMB	HMB	HMB	FFPE	1	exact
GSM2941203	A IDH, HG	A IDH, HG	A IDH	A IDH	FFPE	1	exact
GSM2941204	EPN, RELA	EPN, RELA	EPN	EPN	FFPE	1	exact
GSM2941205	EPN, PF B	EPN, PF B	EPN	EPN	FFPE	1	exact
GSM2941206	LGG, MYB	LGG, MYB	LGG	LGG	FFPE	1	exact
GSM2941207	O IDH	O IDH	O IDH	O IDH	FFPE	1	exact
GSM2941208	LGG, PA MID	LGG, PA MID	LGG	LGG	Frozen	1	exact
GSM2941209	MB, G4	MB, G4	MB	MB	FFPE	1	exact
GSM2941210	GBM, RTK II	GBM, RTK II	GBM	GBM	FFPE	1	exact
GSM2941211	MB, G4	MB, G4	MB	MB	FFPE	1	exact
GSM2941212	ANA PA	ANA PA	ANA PA	ANA PA	FFPE	1	exact
GSM2941213	SFT HMPC	SFT HMPC	SFT HMPC	SFT HMPC	FFPE	1	exact
GSM2941214	MB, G3	MB, G3	MB	MB	FFPE	1	exact
GSM2941215	GBM, RTK II	GBM, RTK II	GBM	GBM	FFPE	1	exact
GSM2941216	MB, SHH CHL AD	MB, SHH CHL AD	MB	MB	FFPE	1	exact
GSM2941217	ATRT, SHH	ATRT, SHH	ATRT	ATRT	FFPE	1	exact
GSM2941218	GBM, RTK I	GBM, RTK I	GBM	GBM	FFPE	1	exact
GSM2941219	O IDH	O IDH	O IDH	O IDH	FFPE	1	exact
GSM2941220	LGG, PA/GG ST	LGG, PA/GG ST	LGG	LGG	FFPE	1	exact
GSM2941221	LGG, PA MID	LGG, PA MID	LGG	LGG	FFPE	1	exact
GSM2941222	MNG	MNG	MNG	MNG	FFPE	1	exact
GSM2941223	EPN, PF B	EPN, PF B	EPN	EPN	FFPE	1	exact
GSM2941224	A IDH, HG	A IDH, HG	A IDH	A IDH	FFPE	1	exact
GSM2941225	GBM, RTK II	GBM, RTK II	GBM	GBM	FFPE	1	exact
GSM2941226	A IDH	A IDH	A IDH	A IDH	FFPE	1	exact
GSM2941227	MB, G4	MB, G4	MB	MB	FFPE	1	exact
GSM2941228	MNG	MNG	MNG	MNG	FFPE	1	exact
GSM2941229	MELAN	MELAN	MELAN	MELAN	FFPE	1	exact
GSM2941230	EPN, MPE	EPN, MPE	EPN	EPN	FFPE	1	exact
GSM2941231	MB, G4	MB, G4	MB	MB	FFPE	1	exact
GSM2941232	ATRT, MYC	ATRT, MYC	ATRT	ATRT	FFPE	1	exact
GSM2941233	GBM, MYCN	GBM, MYCN	GBM	GBM	FFPE	1	exact
GSM2941234	GBM, RTK II	GBM, RTK II	GBM	GBM	FFPE	1	exact
GSM2941235	DMG, K27	DMG, K27	DMG	DMG	FFPE	1	exact
GSM2941236	EPN, RELA	EPN, RELA	EPN	EPN	FFPE	1	exact
GSM2941237	EPN, PF B	EPN, PF B	EPN	EPN	FFPE	1	exact
GSM2941238	O IDH	O IDH	O IDH	O IDH	FFPE	1	exact
GSM2941239	GBM, MES	GBM, MES	GBM	GBM	FFPE	1	exact
GSM2941240	MNG	MNG	MNG	MNG	FFPE	1	exact
GSM2941241	MNG	MNG	MNG	MNG	FFPE	1	exact
GSM2941242	LGG, PA PF	LGG, PA PF	LGG	LGG	FFPE	1	exact
GSM2941243	LGG, PA/GG ST	LGG, PA/GG ST	LGG	LGG	FFPE	1	exact
GSM2941244	GBM, MES	GBM, MES	GBM	GBM	FFPE	1	exact
GSM2941245	A IDH	A IDH	A IDH	A IDH	FFPE	1	exact
GSM2941246	DMG, K27	DMG, K27	DMG	DMG	FFPE	1	exact
GSM2941247	A IDH, HG	A IDH, HG	A IDH	A IDH	FFPE	1	exact
GSM2941248	O IDH	O IDH	O IDH	O IDH	FFPE	1	exact
GSM2941249	IHG	IHG	IHG	IHG	FFPE	1	exact
GSM2941250	MB, SHH CHL AD	MB, SHH CHL AD	MB	MB	FFPE	1	exact
GSM2941251	MB, G3	MB, G3	MB	MB	FFPE	1	exact
GSM2941252	MB, G4	MB, G4	MB	MB	FFPE	1	exact
GSM2941253	O IDH	O IDH	O IDH	O IDH	FFPE	1	exact
GSM2941254	ATRT, SHH	ATRT, SHH	ATRT	ATRT	FFPE	1	exact
GSM2941255	SCHW	SCHW	SCHW	SCHW	FFPE	1	exact
GSM2941256	IHG	IHG	IHG	IHG	FFPE	1	exact
GSM2941257	GBM, MYCN	GBM, MYCN	GBM	GBM	FFPE	1	exact
GSM2941258	GBM, MES	GBM, MES	GBM	GBM	FFPE	1	exact
GSM2941259	A IDH	A IDH	A IDH	A IDH	FFPE	1	exact
GSM2941260	GBM, RTK II	GBM, RTK II	GBM	GBM	FFPE	1	exact
GSM2941261	GBM, RTK II	GBM, RTK II	GBM	GBM	FFPE	1	exact
GSM2941262	GBM, RTK II	GBM, RTK II	GBM	GBM	FFPE	1	exact
GSM2941263	MNG	MNG	MNG	MNG	FFPE	1	exact
GSM2941264	MNG	MNG	MNG	MNG	FFPE	1	exact
GSM2941265	PXA	PXA	PXA	PXA	FFPE	1	exact
GSM2941266	GBM, RTK II	GBM, RTK II	GBM	GBM	FFPE	1	exact
GSM2941267	GBM, RTK II	GBM, RTK II	GBM	GBM	FFPE	1	exact
GSM2941268	GBM, MES	GBM, MES	GBM	GBM	FFPE	1	exact
GSM2941269	A IDH	A IDH	A IDH	A IDH	FFPE	1	exact
GSM2941270	GBM, RTK II	GBM, RTK II	GBM	GBM	FFPE	1	exact
GSM2941271	A IDH	A IDH	A IDH	A IDH	FFPE	1	exact
GSM2941272	MB, G4	MB, G4	MB	MB	FFPE	1	exact
GSM2941273	PXA	PXA	PXA	PXA	FFPE	1	exact
GSM2941274	O IDH	O IDH	O IDH	O IDH	FFPE	1	exact
GSM2941275	GBM, MES	GBM, MES	GBM	GBM	FFPE	1	exact
GSM2941276	MB, SHH CHL AD	MB, SHH CHL AD	MB	MB	FFPE	1	exact
GSM2941277	MNG	MNG	MNG	MNG	FFPE	1	exact
GSM2941278	LGG, PA/GG ST	LGG, PA/GG ST	LGG	LGG	FFPE	1	exact
GSM2941279	MB, WNT	MB, WNT	MB	MB	FFPE	1	exact
GSM2941280	EPN, RELA	EPN, RELA	EPN	EPN	FFPE	1	exact
GSM2941281	GBM, RTK II	GBM, RTK II	GBM	GBM	FFPE	1	exact
GSM2941282	ANA PA	ANA PA	ANA PA	ANA PA	FFPE	1	exact
GSM2941283	A IDH	A IDH	A IDH	A IDH	FFPE	1	exact
GSM2941284	GBM, MES	GBM, MES	GBM	GBM	FFPE	1	exact
GSM2941285	A IDH, HG	A IDH, HG	A IDH	A IDH	FFPE	1	exact
GSM2941286	LGG, PA MID	LGG, PA MID	LGG	LGG	Frozen	1	exact
GSM2941287	GBM, RTK II	GBM, RTK II	GBM	GBM	FFPE	1	exact
GSM2941288	GBM, MES	GBM, MES	GBM	GBM	FFPE	1	exact
GSM2941289	A IDH	A IDH	A IDH	A IDH	FFPE	1	exact
GSM2941290	GBM, RTK I	GBM, RTK I	GBM	GBM	FFPE	1	exact
GSM2941291	A IDH	A IDH	A IDH	A IDH	FFPE	1	exact
GSM2941292	GBM, RTK II	GBM, RTK II	GBM	GBM	FFPE	1	exact
GSM2941293	GBM, MES	GBM, MES	GBM	GBM	FFPE	1	exact
GSM2941294	O IDH	O IDH	O IDH	O IDH	FFPE	1	exact
GSM2941295	O IDH	O IDH	O IDH	O IDH	FFPE	1	exact
GSM2941296	GBM, MES	GBM, MES	GBM	GBM	FFPE	1	exact
GSM2941297	DMG, K27	DMG, K27	DMG	DMG	FFPE	1	exact
GSM2941298	GBM, MES	GBM, MES	GBM	GBM	FFPE	1	exact
GSM2941299	MNG	MNG	MNG	MNG	FFPE	1	exact
GSM2941300	GBM, RTK I	GBM, RTK I	GBM	GBM	FFPE	1	exact
GSM2941301	A IDH	A IDH	A IDH	A IDH	FFPE	1	exact
GSM2941302	GBM, MES	GBM, MES	GBM	GBM	FFPE	1	exact
GSM2941303	MNG	MNG	MNG	MNG	FFPE	1	exact
GSM2941304	O IDH	O IDH	O IDH	O IDH	FFPE	1	exact
GSM2941305	MB, G3	MB, G3	MB	MB	FFPE	1	exact
GSM2941306	LGG, PA/GG ST	LGG, PA/GG ST	LGG	LGG	FFPE	1	exact
GSM2941307	A IDH, HG	A IDH, HG	A IDH	A IDH	FFPE	1	exact
GSM2941308	A IDH	A IDH	A IDH	A IDH	FFPE	1	exact
GSM2941309	MB, G4	MB, G4	MB	MB	FFPE	1	exact
GSM2941310	GBM, G34	GBM, G34	GBM	GBM	FFPE	1	exact
GSM2941311	DMG, K27	DMG, K27	DMG	DMG	FFPE	1	exact
GSM2941312	MNG	MNG	MNG	MNG	FFPE	1	exact
GSM2941313	HMB	HMB	HMB	HMB	FFPE	1	exact
GSM2941314	MB, SHH INF	MB, SHH INF	MB	MB	FFPE	1	exact
GSM2941315	EPN, SPINE	EPN, SPINE	EPN	EPN	FFPE	1	exact
GSM2941316	LGG, DNT	LGG, DNT	LGG	LGG	FFPE	1	exact
GSM2941317	MB, G4	MB, G4	MB	MB	FFPE	1	exact
GSM2941318	A IDH	A IDH	A IDH	A IDH	FFPE	1	exact
GSM2941319	MB, G3	MB, G3	MB	MB	FFPE	1	exact
GSM2941320	GBM, RTK II	GBM, RTK II	GBM	GBM	FFPE	1	exact
GSM2941321	GBM, RTK III	GBM, RTK III	GBM	GBM	FFPE	1	exact
GSM2941322	MB, SHH CHL AD	MB, SHH CHL AD	MB	MB	FFPE	1	exact
GSM2941323	MB, G4	MB, G4	MB	MB	FFPE	1	exact
GSM2941324	ATRT, SHH	ATRT, SHH	ATRT	ATRT	FFPE	1	exact
GSM2941325	GBM, MES	GBM, MES	GBM	GBM	FFPE	1	exact
GSM2941326	ANA PA	ANA PA	ANA PA	ANA PA	FFPE	1	exact
GSM2941327	MB, G4	MB, G4	MB	MB	FFPE	1	exact
GSM2941328	MB, G3	MB, G3	MB	MB	FFPE	1	exact
GSM2941329	MB, G4	MB, G4	MB	MB	FFPE	1	exact
GSM2941330	MB, SHH INF	MB, SHH INF	MB	MB	FFPE	1	exact
GSM2941331	MB, G3	MB, G3	MB	MB	FFPE	1	exact
GSM2941332	EPN, PF A	EPN, PF A	EPN	EPN	FFPE	1	exact
GSM2941333	MB, SHH CHL AD	MB, SHH CHL AD	MB	MB	FFPE	1	exact
GSM2941334	EPN, RELA	EPN, RELA	EPN	EPN	FFPE	1	exact
GSM2941335	GBM, RTK II	GBM, RTK II	GBM	GBM	FFPE	1	exact
GSM2941336	GBM, RTK II	GBM, RTK II	GBM	GBM	FFPE	1	exact
GSM2941337	CN	CN	CN	CN	FFPE	1	exact
GSM2941338	GBM, MES	GBM, MES	GBM	GBM	FFPE	1	exact
GSM2941339	LGG, PA/GG ST	LGG, PA/GG ST	LGG	LGG	FFPE	1	exact
GSM2941340	EPN, PF A	EPN, PF A	EPN	EPN	FFPE	1	exact
GSM2941341	LGG, PA PF	LGG, PA PF	LGG	LGG	FFPE	1	exact
GSM2941342	LGG, PA PF	LGG, PA PF	LGG	LGG	FFPE	1	exact
GSM2941343	A IDH	A IDH	A IDH	A IDH	FFPE	1	exact
GSM2941344	GBM, MES	GBM, MES	GBM	GBM	FFPE	1	exact
GSM2941345	GBM, RTK II	GBM, RTK II	GBM	GBM	FFPE	1	exact
GSM2941346	MB, G3	MB, G3	MB	MB	FFPE	1	exact
GSM2941347	MB, SHH CHL AD	MB, SHH CHL AD	MB	MB	FFPE	1	exact
GSM2941348	HGNET, BCOR	HGNET, BCOR	HGNET	HGNET	FFPE	1	exact
GSM2941349	A IDH	A IDH	A IDH	A IDH	FFPE	1	exact
GSM2941350	A IDH	A IDH	A IDH	A IDH	FFPE	1	exact
GSM2941351	MB, SHH CHL AD	MB, SHH CHL AD	MB	MB	FFPE	1	exact
GSM2941352	EPN, PF A	EPN, PF A	EPN	EPN	FFPE	1	exact
GSM2941353	LGG, RGNT	LGG, RGNT	LGG	LGG	FFPE	1	exact
GSM2941354	EPN, PF A	EPN, PF A	EPN	EPN	FFPE	1	exact
GSM2941355	EPN, RELA	EPN, RELA	EPN	EPN	FFPE	1	exact
GSM2941356	MB, G4	MB, G4	MB	MB	FFPE	1	exact
GSM2941357	DMG, K27	DMG, K27	DMG	DMG	FFPE	1	exact
GSM2941358	LGG, PA MID	LGG, PA MID	LGG	LGG	FFPE	1	exact
GSM2941359	MB, SHH CHL AD	MB, SHH CHL AD	MB	MB	FFPE	1	exact
GSM2941360	A IDH, HG	A IDH, HG	A IDH	A IDH	FFPE	1	exact
GSM2941361	LGG, DNT	LGG, DNT	LGG	LGG	FFPE	1	exact
GSM2941362	MNG	MNG	MNG	MNG	FFPE	1	exact
GSM2941363	GBM, RTK II	GBM, RTK II	GBM	GBM	FFPE	1	exact
GSM2941364	HGNET, MN1	HGNET, MN1	HGNET	HGNET	FFPE	1	exact
GSM2941365	GBM, RTK I	GBM, RTK I	GBM	GBM	FFPE	1	exact
GSM2941366	DMG, K27	DMG, K27	DMG	DMG	FFPE	1	exact
GSM2941367	MB, G4	MB, G4	MB	MB	FFPE	1	exact
GSM2941368	GBM, MYCN	GBM, MYCN	GBM	GBM	FFPE	1	exact
GSM2941369	HGNET, MN1	HGNET, MN1	HGNET	HGNET	FFPE	1	exact
GSM2941370	CNS NB, FOXR2	CNS NB, FOXR2	CNS NB	CNS NB	FFPE	1	exact
GSM2941371	GBM, RTK II	GBM, RTK II	GBM	GBM	FFPE	1	exact
GSM2941372	GBM, MES	GBM, MES	GBM	GBM	FFPE	1	exact
GSM2941373	GBM, RTK II	GBM, RTK II	GBM	GBM	FFPE	1	exact
GSM2941374	A IDH	A IDH	A IDH	A IDH	FFPE	1	exact
GSM2941375	MB, G4	MB, G4	MB	MB	FFPE	1	exact
GSM2941376	LGG, MYB	LGG, MYB	LGG	LGG	FFPE	1	exact
GSM2941377	LGG, PA/GG ST	LGG, PA/GG ST	LGG	LGG	FFPE	1	exact
GSM2941378	EPN, MPE	EPN, MPE	EPN	EPN	FFPE	1	exact
GSM2941379	EPN, PF A	EPN, PF A	EPN	EPN	FFPE	1	exact
GSM2941380	PIN T, PB B	PIN T, PB B	PIN T	PIN T	FFPE	1	exact
GSM2941381	A IDH	A IDH	A IDH	A IDH	FFPE	1	exact
GSM2941382	MB, G3	MB, G3	MB	MB	FFPE	1	exact
GSM2941383	DLGNT	DLGNT	DLGNT	DLGNT	FFPE	1	exact
GSM2941384	A IDH	A IDH	A IDH	A IDH	FFPE	1	exact
GSM2941385	GBM, MES	GBM, MES	GBM	GBM	FFPE	1	exact
GSM2941386	GBM, MES	GBM, MES	GBM	GBM	FFPE	1	exact
GSM2941387	O IDH	O IDH	O IDH	O IDH	FFPE	1	exact
GSM2941388	EPN, RELA	EPN, RELA	EPN	EPN	FFPE	1	exact
GSM2941389	O IDH	O IDH	O IDH	O IDH	FFPE	1	exact
GSM2941390	LGG, GG	LGG, GG	LGG	LGG	FFPE	1	exact
GSM2941391	DMG, K27	DMG, K27	DMG	DMG	FFPE	1	exact
GSM2941392	MB, WNT	MB, WNT	MB	MB	FFPE	1	exact
GSM2941393	PXA	PXA	PXA	PXA	FFPE	1	exact
GSM2941394	MB, G4	MB, G4	MB	MB	FFPE	1	exact
GSM2941395	MB, G4	MB, G4	MB	MB	FFPE	1	exact
GSM2941396	EWS	EWS	EWS	EWS	FFPE	1	exact
GSM2941397	LGG, PA PF	LGG, PA PF	LGG	LGG	FFPE	1	exact
GSM2941398	GBM, RTK III	GBM, RTK III	GBM	GBM	FFPE	1	exact
GSM2941399	EPN, PF A	EPN, PF A	EPN	EPN	FFPE	1	exact
GSM2941400	ATRT, TYR	ATRT, TYR	ATRT	ATRT	FFPE	1	exact
GSM2941401	GBM, MES	GBM, MES	GBM	GBM	FFPE	1	exact
GSM2941402	GBM, RTK II	GBM, RTK II	GBM	GBM	FFPE	1	exact
GSM2941403	EPN, MPE	EPN, MPE	EPN	EPN	FFPE	1	exact
GSM2941404	LGG, PA PF	LGG, PA PF	LGG	LGG	FFPE	1	exact
GSM2941405	A IDH	A IDH	A IDH	A IDH	FFPE	1	exact
GSM2941406	GBM, RTK II	GBM, RTK II	GBM	GBM	FFPE	1	exact
GSM2941407	GBM, RTK I	GBM, RTK I	GBM	GBM	FFPE	1	exact
GSM2941408	EPN, PF B	EPN, PF B	EPN	EPN	FFPE	1	exact
GSM2941409	MB, G4	MB, G4	MB	MB	FFPE	1	exact
GSM2941410	MB, G4	MB, G4	MB	MB	FFPE	1	exact
GSM2941411	GBM, G34	GBM, G34	GBM	GBM	FFPE	1	exact
GSM2941412	MB, G3	MB, G3	MB	MB	FFPE	1	exact
GSM2941413	LGG, PA/GG ST	LGG, PA/GG ST	LGG	LGG	FFPE	1	exact
GSM2941414	GBM, RTK III	GBM, RTK III	GBM	GBM	FFPE	1	exact
GSM2941415	LGG, DNT	LGG, DNT	LGG	LGG	FFPE	1	exact
GSM2941416	MB, WNT	MB, WNT	MB	MB	FFPE	1	exact
GSM2941417	DMG, K27	DMG, K27	DMG	DMG	Frozen	1	exact
GSM2941418	GBM, MES	GBM, MES	GBM	GBM	FFPE	1	exact
GSM2941419	MB, G3	MB, G3	MB	MB	FFPE	1	exact
GSM2941420	DMG, K27	DMG, K27	DMG	DMG	FFPE	1	exact
GSM2941421	A IDH	A IDH	A IDH	A IDH	FFPE	1	exact
GSM2941422	GBM, MES	GBM, MES	GBM	GBM	FFPE	1	exact
GSM2941423	SFT HMPC	SFT HMPC	SFT HMPC	SFT HMPC	FFPE	1	exact
GSM2941424	GBM, MYCN	GBM, MYCN	GBM	GBM	FFPE	1	exact
GSM2941425	MNG	MNG	MNG	MNG	FFPE	1	exact
GSM2941426	LGG, PA PF	LGG, PA PF	LGG	LGG	FFPE	1	exact
GSM2941427	GBM, RTK I	GBM, RTK I	GBM	GBM	FFPE	1	exact
GSM2941428	MB, SHH CHL AD	MB, SHH CHL AD	MB	MB	FFPE	1	exact
GSM2941429	MB, SHH INF	MB, SHH INF	MB	MB	FFPE	1	exact
GSM2941430	GBM, G34	GBM, G34	GBM	GBM	FFPE	1	exact
GSM2941431	MB, WNT	MB, WNT	MB	MB	FFPE	1	exact
GSM2941432	MB, G4	MB, G4	MB	MB	FFPE	1	exact
GSM2941433	MB, SHH CHL AD	MB, SHH CHL AD	MB	MB	FFPE	1	exact
GSM2941434	LGG, PA PF	LGG, PA PF	LGG	LGG	FFPE	1	exact
GSM2941435	MB, G4	MB, G4	MB	MB	FFPE	1	exact
GSM2941436	GBM, MES	GBM, MES	GBM	GBM	FFPE	1	exact
GSM2941437	A IDH	A IDH	A IDH	A IDH	FFPE	1	exact
GSM2941438	EPN, MPE	EPN, MPE	EPN	EPN	FFPE	1	exact
GSM2941439	GBM, MES	GBM, MES	GBM	GBM	FFPE	1	exact
GSM2941440	A IDH	A IDH	A IDH	A IDH	FFPE	1	exact
GSM2941441	A IDH	A IDH	A IDH	A IDH	FFPE	1	exact
GSM2941442	LGG, PA/GG ST	LGG, PA/GG ST	LGG	LGG	FFPE	1	exact
GSM2941443	DMG, K27	DMG, K27	DMG	DMG	FFPE	1	exact
GSM2941444	LGG, DNT	LGG, DNT	LGG	LGG	FFPE	1	exact
GSM2941445	MNG	MNG	MNG	MNG	FFPE	1	exact
GSM2941446	ETMR	ETMR	ETMR	ETMR	FFPE	1	exact
GSM2941447	GBM, RTK II	GBM, RTK II	GBM	GBM	FFPE	1	exact
GSM2941448	ATRT, MYC	ATRT, MYC	ATRT	ATRT	FFPE	1	exact
GSM2941449	EPN, SPINE	EPN, SPINE	EPN	EPN	FFPE	1	exact
GSM2941450	GBM, MES	GBM, MES	GBM	GBM	FFPE	1	exact
GSM2941451	O IDH	O IDH	O IDH	O IDH	FFPE	1	exact
GSM2941452	A IDH	A IDH	A IDH	A IDH	FFPE	1	exact
GSM2941453	PLEX, PED B	PLEX, PED B	PLEX	PLEX	FFPE	1	exact
GSM2941454	DMG, K27	DMG, K27	DMG	DMG	FFPE	1	exact
GSM2941455	EPN, PF A	EPN, PF A	EPN	EPN	FFPE	1	exact
GSM2941456	MNG	MNG	MNG	MNG	FFPE	1	exact
GSM2941457	GBM, MYCN	GBM, MYCN	GBM	GBM	FFPE	1	exact
GSM2941458	MNG	MNG	MNG	MNG	FFPE	1	exact
GSM2941459	GBM, MES	GBM, MES	GBM	GBM	FFPE	1	exact
GSM2941460	GBM, RTK II	GBM, RTK II	GBM	GBM	FFPE	1	exact
GSM2941461	O IDH	O IDH	O IDH	O IDH	FFPE	1	exact
GSM2941462	GBM, RTK III	GBM, RTK III	GBM	GBM	FFPE	1	exact
GSM2941463	GBM, MID	GBM, MID	GBM	GBM	FFPE	1	exact
GSM2941464	A IDH	A IDH	A IDH	A IDH	FFPE	1	exact
GSM2941465	LGG, DNT	LGG, DNT	LGG	LGG	FFPE	1	exact
GSM2941466	MB, SHH INF	MB, SHH INF	MB	MB	FFPE	1	exact
GSM2941467	PXA	PXA	PXA	PXA	FFPE	1	exact
GSM2941468	GBM, MES	GBM, MES	GBM	GBM	FFPE	1	exact
GSM2941469	GBM, G34	GBM, G34	GBM	GBM	FFPE	1	exact
GSM2941470	A IDH	A IDH	A IDH	A IDH	FFPE	1	exact
GSM2941471	A IDH	A IDH	A IDH	A IDH	FFPE	1	exact
GSM2941472	A IDH, HG	A IDH, HG	A IDH	A IDH	FFPE	1	exact
GSM2941473	GBM, G34	GBM, G34	GBM	GBM	FFPE	1	exact
GSM2941474	A IDH	A IDH	A IDH	A IDH	FFPE	1	exact
GSM2941475	GBM, RTK I	GBM, RTK I	GBM	GBM	FFPE	1	exact
GSM2941476	LGG, SEGA	LGG, SEGA	LGG	LGG	FFPE	1	exact
GSM2941477	LGG, PA PF	LGG, PA PF	LGG	LGG	FFPE	1	exact
GSM2941478	GBM, MYCN	GBM, MYCN	GBM	GBM	FFPE	1	exact
GSM2941479	MNG	MNG	MNG	MNG	FFPE	1	exact
GSM2941480	GBM, RTK II	GBM, RTK II	GBM	GBM	FFPE	1	exact
GSM2941481	GBM, RTK II	GBM, RTK II	GBM	GBM	FFPE	1	exact
GSM2941482	ANA PA	ANA PA	ANA PA	ANA PA	FFPE	1	exact
GSM2941483	EPN, PF A	EPN, PF A	EPN	EPN	FFPE	1	exact
GSM2941484	GBM, G34	GBM, G34	GBM	GBM	FFPE	1	exact
GSM2941485	MB, SHH CHL AD	MB, SHH CHL AD	MB	MB	FFPE	1	exact
GSM2941486	PXA	PXA	PXA	PXA	FFPE	1	exact
GSM2941487	GBM, MID	GBM, MID	GBM	GBM	FFPE	1	exact
GSM2941488	GBM, MES	GBM, MES	GBM	GBM	FFPE	1	exact
GSM2941489	GBM, RTK II	GBM, RTK II	GBM	GBM	FFPE	1	exact
GSM2941490	A IDH	A IDH	A IDH	A IDH	FFPE	1	exact
GSM2941491	GBM, MID	GBM, MID	GBM	GBM	FFPE	1	exact
GSM2941492	PXA	PXA	PXA	PXA	FFPE	1	exact
GSM2941493	GBM, MES	GBM, MES	GBM	GBM	FFPE	1	exact
GSM2941494	A IDH	A IDH	A IDH	A IDH	FFPE	1	exact
GSM2941495	MB, SHH CHL AD	MB, SHH CHL AD	MB	MB	FFPE	1	exact
GSM2941496	GBM, MYCN	GBM, MYCN	GBM	GBM	FFPE	1	exact
GSM2941497	LGG, GG	LGG, GG	LGG	LGG	FFPE	1	exact
GSM2941498	MB, G3	MB, G3	MB	MB	FFPE	1	exact
GSM2941499	SCHW	SCHW	SCHW	SCHW	FFPE	1	exact
GSM2941500	GBM, RTK II	GBM, RTK II	GBM	GBM	FFPE	1	exact
GSM2941501	O IDH	O IDH	O IDH	O IDH	FFPE	1	exact
GSM2941502	MB, WNT	MB, WNT	MB	MB	FFPE	1	exact
GSM2941503	ETMR	ETMR	ETMR	ETMR	FFPE	1	exact
GSM2941504	LGG, PA MID	LGG, PA MID	LGG	LGG	FFPE	1	exact
GSM2941505	LGG, PA MID	LGG, PA MID	LGG	LGG	FFPE	1	exact
GSM2941506	GBM, G34	GBM, G34	GBM	GBM	FFPE	1	exact
GSM2941507	EPN, PF A	EPN, PF A	EPN	EPN	FFPE	1	exact
GSM2941508	O IDH	O IDH	O IDH	O IDH	FFPE	1	exact
GSM2941509	MB, SHH CHL AD	MB, SHH CHL AD	MB	MB	FFPE	1	exact
GSM2941510	GBM, MES	GBM, MES	GBM	GBM	FFPE	1	exact
GSM2941511	GBM, RTK II	GBM, RTK II	GBM	GBM	FFPE	1	exact
GSM2941512	EPN, PF A	EPN, PF A	EPN	EPN	FFPE	1	exact
GSM2941513	O IDH	O IDH	O IDH	O IDH	FFPE	1	exact
GSM2941514	MB, G4	MB, G4	MB	MB	FFPE	1	exact
GSM2941515	EPN, PF A	EPN, PF A	EPN	EPN	FFPE	1	exact
GSM2941516	LGG, PA PF	LGG, PA PF	LGG	LGG	FFPE	1	exact
GSM2941517	LGG, MYB	LGG, MYB	LGG	LGG	FFPE	1	exact
GSM2941518	A IDH	A IDH	A IDH	A IDH	FFPE	1	exact
GSM2941519	O IDH	O IDH	O IDH	O IDH	FFPE	1	exact
GSM2941520	MB, WNT	MB, WNT	MB	MB	FFPE	1	exact
GSM2941521	O IDH	O IDH	O IDH	O IDH	FFPE	1	exact
GSM2941522	ANA PA	ANA PA	ANA PA	ANA PA	FFPE	1	exact
GSM2941523	EPN, PF B	EPN, PF B	EPN	EPN	FFPE	1	exact
GSM2941524	MNG	MNG	MNG	MNG	FFPE	1	exact
GSM2941525	GBM, RTK II	GBM, RTK II	GBM	GBM	FFPE	1	exact
GSM2941526	EPN, PF A	EPN, PF A	EPN	EPN	FFPE	1	exact
GSM2941527	A IDH, HG	A IDH, HG	A IDH	A IDH	FFPE	1	exact
GSM2941528	GBM, MES	GBM, MES	GBM	GBM	FFPE	1	exact
GSM2941529	SCHW, MEL	SCHW, MEL	SCHW	SCHW	FFPE	1	exact
GSM2941530	EPN, RELA	EPN, RELA	EPN	EPN	FFPE	1	exact
GSM2941531	A IDH	A IDH	A IDH	A IDH	FFPE	1	exact
GSM2941532	GBM, RTK II	GBM, RTK II	GBM	GBM	FFPE	1	exact
GSM2941533	GBM, RTK I	GBM, RTK I	GBM	GBM	FFPE	1	exact
GSM2941534	EPN, RELA	EPN, RELA	EPN	EPN	FFPE	1	exact
GSM2941535	ATRT, TYR	ATRT, TYR	ATRT	ATRT	FFPE	1	exact
GSM2941536	DMG, K27	DMG, K27	DMG	DMG	FFPE	1	exact
GSM2941537	GBM, RTK II	GBM, RTK II	GBM	GBM	FFPE	1	exact
GSM2941538	GBM, MYCN	GBM, MYCN	GBM	GBM	FFPE	1	exact
GSM2941539	O IDH	O IDH	O IDH	O IDH	FFPE	1	exact
GSM2941540	LGG, PA PF	LGG, PA PF	LGG	LGG	FFPE	1	exact
GSM2941541	GBM, RTK I	GBM, RTK I	GBM	GBM	FFPE	1	exact
GSM2941542	MB, SHH CHL AD	MB, SHH CHL AD	MB	MB	FFPE	1	exact
GSM2941543	O IDH	O IDH	O IDH	O IDH	FFPE	1	exact
GSM2941544	CNS NB, FOXR2	CNS NB, FOXR2	CNS NB	CNS NB	FFPE	1	exact
GSM2941545	CHORDM	CHORDM	CHORDM	CHORDM	FFPE	1	exact
GSM2941546	GBM, MES	GBM, MES	GBM	GBM	FFPE	1	exact
GSM2941547	LGG, PA/GG ST	LGG, PA/GG ST	LGG	LGG	FFPE	1	exact
GSM2941548	MB, G3	MB, G3	MB	MB	FFPE	1	exact
GSM2941549	A IDH	A IDH	A IDH	A IDH	FFPE	1	exact
GSM2941550	MB, SHH CHL AD	MB, SHH CHL AD	MB	MB	FFPE	1	exact
GSM2941551	PXA	PXA	PXA	PXA	FFPE	1	exact
GSM2941552	PXA	PXA	PXA	PXA	FFPE	1	exact
GSM2941553	A IDH, HG	A IDH, HG	A IDH	A IDH	FFPE	1	exact
GSM2941554	O IDH	O IDH	O IDH	O IDH	FFPE	1	exact
GSM2941555	A IDH	A IDH	A IDH	A IDH	FFPE	1	exact
GSM2941556	O IDH	O IDH	O IDH	O IDH	FFPE	1	exact
GSM2941557	EPN, PF A	EPN, PF A	EPN	EPN	FFPE	1	exact
GSM2941558	GBM, RTK II	GBM, RTK II	GBM	GBM	FFPE	1	exact
GSM2941559	O IDH	O IDH	O IDH	O IDH	FFPE	1	exact
GSM2941560	ANA PA	ANA PA	ANA PA	ANA PA	FFPE	1	exact
GSM2941561	GBM, RTK I	GBM, RTK I	GBM	GBM	FFPE	1	exact
GSM2941562	GBM, G34	GBM, G34	GBM	GBM	FFPE	1	exact
GSM2941563	A IDH, HG	A IDH, HG	A IDH	A IDH	FFPE	1	exact
GSM2941564	MB, G3	MB, G3	MB	MB	FFPE	1	exact
GSM2941565	MB, G3	MB, G3	MB	MB	FFPE	1	exact
GSM2941566	GBM, MES	GBM, MES	GBM	GBM	FFPE	1	exact
GSM2941567	GBM, RTK II	GBM, RTK II	GBM	GBM	FFPE	1	exact
GSM2941568	GBM, MID	GBM, MID	GBM	GBM	FFPE	1	exact
GSM2941569	GBM, RTK II	GBM, RTK II	GBM	GBM	FFPE	1	exact
GSM2941570	DMG, K27	DMG, K27	DMG	DMG	FFPE	1	exact
GSM2941571	LGG, PA MID	LGG, PA MID	LGG	LGG	FFPE	1	exact
GSM2941572	GBM, G34	GBM, G34	GBM	GBM	FFPE	1	exact
GSM2941573	MELAN	MELAN	MELAN	MELAN	FFPE	1	exact
GSM2941574	SCHW	SCHW	SCHW	SCHW	FFPE	1	exact
GSM2941575	O IDH	O IDH	O IDH	O IDH	FFPE	1	exact
GSM2941576	MNG	MNG	MNG	MNG	FFPE	1	exact
GSM2941577	MNG	MNG	MNG	MNG	FFPE	1	exact
GSM2941578	SCHW	SCHW	SCHW	SCHW	FFPE	1	exact
GSM2941579	DMG, K27	DMG, K27	DMG	DMG	FFPE	1	exact
GSM2941580	SCHW, MEL	SCHW, MEL	SCHW	SCHW	FFPE	1	exact
GSM2941581	O IDH	O IDH	O IDH	O IDH	FFPE	1	exact
GSM2941582	A IDH	A IDH	A IDH	A IDH	FFPE	1	exact
GSM2941583	O IDH	O IDH	O IDH	O IDH	FFPE	1	exact
GSM2941584	A IDH, HG	A IDH, HG	A IDH	A IDH	FFPE	1	exact
GSM2941585	A IDH	A IDH	A IDH	A IDH	FFPE	1	exact
GSM2941586	MB, G4	MB, G4	MB	MB	FFPE	1	exact
GSM2941587	GBM, RTK II	GBM, RTK II	GBM	GBM	FFPE	1	exact
GSM2941588	GBM, MID	GBM, MID	GBM	GBM	FFPE	1	exact
GSM2941589	GBM, RTK II	GBM, RTK II	GBM	GBM	FFPE	1	exact
GSM2941590	MNG	MNG	MNG	MNG	FFPE	1	exact
GSM2941591	GBM, RTK II	GBM, RTK II	GBM	GBM	FFPE	1	exact
GSM2941592	LGG, DNT	LGG, DNT	LGG	LGG	FFPE	1	exact
GSM2941593	O IDH	O IDH	O IDH	O IDH	FFPE	1	exact
GSM2941594	GBM, RTK II	GBM, RTK II	GBM	GBM	FFPE	1	exact
GSM2941595	GBM, MES	GBM, MES	GBM	GBM	FFPE	1	exact
GSM2941596	ANA PA	ANA PA	ANA PA	ANA PA	FFPE	1	exact
GSM2941597	A IDH	A IDH	A IDH	A IDH	FFPE	1	exact
GSM2941598	MNG	MNG	MNG	MNG	FFPE	1	exact
GSM2941599	A IDH, HG	A IDH, HG	A IDH	A IDH	FFPE	1	exact
GSM2941600	LGG, PA PF	LGG, PA PF	LGG	LGG	FFPE	1	exact
GSM2941601	GBM, RTK I	GBM, RTK I	GBM	GBM	FFPE	1	exact
GSM2941602	GBM, RTK I	GBM, RTK I	GBM	GBM	FFPE	1	exact
GSM2941603	MB, SHH INF	MB, SHH INF	MB	MB	Frozen	1	exact
GSM2941604	GBM, MES	GBM, MES	GBM	GBM	FFPE	1	exact
GSM2941605	GBM, RTK II	GBM, RTK II	GBM	GBM	FFPE	1	exact
GSM2941606	ANA PA	ANA PA	ANA PA	ANA PA	FFPE	1	exact
GSM2941607	MB, SHH CHL AD	MB, SHH CHL AD	MB	MB	FFPE	1	exact
GSM2941608	GBM, MES	GBM, MES	GBM	GBM	FFPE	1	exact
GSM2941609	GBM, MES	GBM, MES	GBM	GBM	FFPE	1	exact
GSM2941610	O IDH	O IDH	O IDH	O IDH	FFPE	1	exact
GSM2941611	MB, SHH CHL AD	MB, SHH CHL AD	MB	MB	FFPE	1	exact
GSM2941612	O IDH	O IDH	O IDH	O IDH	FFPE	1	exact
GSM2941613	GBM, RTK II	GBM, RTK II	GBM	GBM	FFPE	1	exact
GSM2941614	ANA PA	ANA PA	ANA PA	ANA PA	FFPE	1	exact
GSM2941615	GBM, RTK I	GBM, RTK I	GBM	GBM	FFPE	1	exact
GSM2941616	GBM, RTK II	GBM, RTK II	GBM	GBM	FFPE	1	exact
GSM2941617	GBM, MES	GBM, MES	GBM	GBM	FFPE	1	exact
GSM2941618	GBM, RTK I	GBM, RTK I	GBM	GBM	FFPE	1	exact
GSM2941619	ANA PA	ANA PA	ANA PA	ANA PA	FFPE	1	exact
GSM2941620	GBM, MID	GBM, MID	GBM	GBM	FFPE	1	exact
GSM2941621	GBM, RTK I	GBM, RTK I	GBM	GBM	FFPE	1	exact
GSM2941622	GBM, MID	GBM, MID	GBM	GBM	FFPE	1	exact
GSM2941623	MNG	MNG	MNG	MNG	FFPE	1	exact
GSM2941624	O IDH	O IDH	O IDH	O IDH	FFPE	1	exact
GSM2941625	GBM, MES	GBM, MES	GBM	GBM	FFPE	1	exact
GSM2941626	A IDH	A IDH	A IDH	A IDH	FFPE	1	exact
GSM2941627	O IDH	O IDH	O IDH	O IDH	FFPE	1	exact
GSM2941628	ANA PA	ANA PA	ANA PA	ANA PA	FFPE	1	exact
GSM2941629	DLGNT	DLGNT	DLGNT	DLGNT	FFPE	1	exact
GSM2941630	EPN, PF A	EPN, PF A	EPN	EPN	FFPE	1	exact
GSM2941631	ETMR	ETMR	ETMR	ETMR	FFPE	1	exact
GSM2941632	GBM, MID	GBM, MID	GBM	GBM	Frozen	1	exact
GSM2941633	GBM, RTK I	GBM, RTK I	GBM	GBM	FFPE	1	exact
GSM2941634	PITAD, FSH LH	PITAD, FSH LH	PITAD	PITAD	FFPE	1	exact
GSM2941635	LGG, PA PF	LGG, PA PF	LGG	LGG	FFPE	1	exact
GSM2941636	EPN, PF A	EPN, PF A	EPN	EPN	FFPE	1	exact
GSM2941637	GBM, RTK II	GBM, RTK II	GBM	GBM	FFPE	1	exact
GSM2941638	HGNET, MN1	HGNET, MN1	HGNET	HGNET	FFPE	1	exact
GSM2941639	A IDH	A IDH	A IDH	A IDH	FFPE	1	exact
GSM2941640	GBM, RTK II	GBM, RTK II	GBM	GBM	FFPE	1	exact
GSM2941641	A IDH	A IDH	A IDH	A IDH	FFPE	1	exact
GSM2941642	EPN, RELA	EPN, RELA	EPN	EPN	FFPE	1	exact
GSM2941643	EPN, MPE	EPN, MPE	EPN	EPN	FFPE	1	exact
GSM2941644	MB, SHH CHL AD	MB, SHH CHL AD	MB	MB	FFPE	1	exact
GSM2941645	GBM, MES	GBM, MES	GBM	GBM	FFPE	1	exact
GSM2941646	ETMR	ETMR	ETMR	ETMR	FFPE	1	exact
GSM2941647	O IDH	O IDH	O IDH	O IDH	FFPE	1	exact
GSM2941648	GBM, RTK II	GBM, RTK II	GBM	GBM	FFPE	1	exact
GSM2941649	MNG	MNG	MNG	MNG	FFPE	1	exact
GSM2941650	PLEX, PED A	PLEX, PED A	PLEX	PLEX	FFPE	1	exact
GSM2941651	GBM, MES	GBM, MES	GBM	GBM	FFPE	1	exact
GSM2941652	A IDH, HG	A IDH, HG	A IDH	A IDH	FFPE	1	exact
GSM2941653	GBM, RTK II	GBM, RTK II	GBM	GBM	FFPE	1	exact
GSM2941654	GBM, MES	GBM, MES	GBM	GBM	FFPE	1	exact
GSM2941655	LGG, PA/GG ST	LGG, PA/GG ST	LGG	LGG	FFPE	1	exact
GSM2941656	MNG	MNG	MNG	MNG	FFPE	1	exact
GSM2941657	GBM, RTK II	GBM, RTK II	GBM	GBM	FFPE	1	exact
GSM2941658	GBM, RTK II	GBM, RTK II	GBM	GBM	FFPE	1	exact
GSM2941659	MNG	MNG	MNG	MNG	FFPE	1	exact
GSM2941660	GBM, RTK III	GBM, RTK III	GBM	GBM	FFPE	1	exact
GSM2941661	O IDH	O IDH	O IDH	O IDH	FFPE	1	exact
GSM2941662	GBM, RTK III	GBM, RTK III	GBM	GBM	FFPE	1	exact
GSM2941663	GBM, MES	GBM, MES	GBM	GBM	FFPE	1	exact
GSM2941664	O IDH	O IDH	O IDH	O IDH	FFPE	1	exact
GSM2941665	A IDH	A IDH	A IDH	A IDH	FFPE	1	exact
GSM2941666	A IDH	A IDH	A IDH	A IDH	FFPE	1	exact
GSM2941667	A IDH, HG	A IDH, HG	A IDH	A IDH	FFPE	1	exact
GSM2941668	GBM, RTK III	GBM, RTK III	GBM	GBM	FFPE	1	exact
GSM2941669	MNG	MNG	MNG	MNG	FFPE	1	exact
GSM2941670	GBM, MID	GBM, MID	GBM	GBM	FFPE	1	exact
GSM2941671	DMG, K27	DMG, K27	DMG	DMG	FFPE	1	exact
GSM2941672	GBM, RTK II	GBM, RTK II	GBM	GBM	FFPE	1	exact
GSM2941673	A IDH	A IDH	A IDH	A IDH	FFPE	1	exact
GSM2941674	A IDH	A IDH	A IDH	A IDH	FFPE	1	exact
GSM2941675	MNG	MNG	MNG	MNG	FFPE	1	exact
GSM2941676	EPN, SPINE	EPN, SPINE	EPN	EPN	FFPE	1	exact
GSM2941677	PLEX, AD	PLEX, AD	PLEX	PLEX	FFPE	1	exact
GSM2941678	EPN, MPE	EPN, MPE	EPN	EPN	FFPE	1	exact
GSM2941679	EPN, SPINE	EPN, SPINE	EPN	EPN	FFPE	1	exact
GSM2941680	EPN, SPINE	EPN, SPINE	EPN	EPN	FFPE	1	exact
GSM2941681	MNG	MNG	MNG	MNG	FFPE	1	exact
GSM2941682	MNG	MNG	MNG	MNG	FFPE	1	exact
GSM2941683	MNG	MNG	MNG	MNG	FFPE	1	exact
GSM2941684	EPN, MPE	EPN, MPE	EPN	EPN	FFPE	1	exact
GSM2941685	LYMPHO	LYMPHO	LYMPHO	LYMPHO	FFPE	1	exact
GSM2941686	A IDH	A IDH	A IDH	A IDH	FFPE	1	exact
GSM2941687	GBM, RTK II	GBM, RTK II	GBM	GBM	FFPE	1	exact
GSM2941688	GBM, RTK II	GBM, RTK II	GBM	GBM	FFPE	1	exact
GSM2941689	LGG, PA PF	LGG, PA PF	LGG	LGG	FFPE	1	exact
GSM2941690	O IDH	O IDH	O IDH	O IDH	FFPE	1	exact
GSM2941691	O IDH	O IDH	O IDH	O IDH	FFPE	1	exact
GSM2941692	LGG, PA PF	LGG, PA PF	LGG	LGG	FFPE	1	exact
GSM2941693	MELAN	MELAN	MELAN	MELAN	FFPE	1	exact
GSM2941694	SCHW	SCHW	SCHW	SCHW	FFPE	1	exact
GSM2941695	GBM, MES	GBM, MES	GBM	GBM	FFPE	1	exact
GSM2941696	GBM, RTK II	GBM, RTK II	GBM	GBM	FFPE	1	exact
GSM2941697	GBM, MES	GBM, MES	GBM	GBM	FFPE	1	exact
GSM2941698	GBM, MES	GBM, MES	GBM	GBM	FFPE	1	exact
GSM2941699	LGG, PA PF	LGG, PA PF	LGG	LGG	FFPE	1	exact
GSM2941700	GBM, RTK II	GBM, RTK II	GBM	GBM	FFPE	1	exact
GSM2941701	GBM, MES	GBM, MES	GBM	GBM	FFPE	1	exact
GSM2941702	GBM, RTK II	GBM, RTK II	GBM	GBM	FFPE	1	exact
GSM2941703	GBM, MYCN	GBM, MYCN	GBM	GBM	FFPE	1	exact
GSM2941704	GBM, RTK II	GBM, RTK II	GBM	GBM	FFPE	1	exact
GSM2941705	DMG, K27	DMG, K27	DMG	DMG	FFPE	1	exact
GSM2941706	A IDH	A IDH	A IDH	A IDH	FFPE	1	exact
GSM2941707	GBM, MYCN	GBM, MYCN	GBM	GBM	FFPE	1	exact
GSM2941708	A IDH	A IDH	A IDH	A IDH	FFPE	1	exact
GSM2941709	DMG, K27	DMG, K27	DMG	DMG	FFPE	1	exact
GSM2941710	GBM, RTK II	GBM, RTK II	GBM	GBM	FFPE	1	exact
GSM2941711	MB, G4	MB, G4	MB	MB	FFPE	1	exact
GSM2941712	GBM, MES	GBM, MES	GBM	GBM	FFPE	1	exact
GSM2941713	EPN, PF A	EPN, PF A	EPN	EPN	FFPE	1	exact
GSM2941714	LGG, DNT	LGG, DNT	LGG	LGG	FFPE	1	exact
GSM2941715	MB, SHH CHL AD	MB, SHH CHL AD	MB	MB	FFPE	1	exact
GSM2941716	DMG, K27	DMG, K27	DMG	DMG	FFPE	1	exact
GSM2941717	GBM, MES	GBM, MES	GBM	GBM	FFPE	1	exact
GSM2941718	EPN, PF A	EPN, PF A	EPN	EPN	FFPE	1	exact
GSM2941719	GBM, RTK II	GBM, RTK II	GBM	GBM	FFPE	1	exact
GSM2941720	O IDH	O IDH	O IDH	O IDH	FFPE	1	exact
GSM2941721	A IDH	A IDH	A IDH	A IDH	FFPE	1	exact
GSM2941722	GBM, RTK II	GBM, RTK II	GBM	GBM	FFPE	1	exact
GSM2941723	EPN, PF B	EPN, PF B	EPN	EPN	FFPE	1	exact
GSM2941724	MB, G4	MB, G4	MB	MB	FFPE	1	exact
GSM2941725	GBM, MID	GBM, MID	GBM	GBM	FFPE	1	exact
GSM2941726	GBM, RTK II	GBM, RTK II	GBM	GBM	FFPE	1	exact
GSM2941727	A IDH	A IDH	A IDH	A IDH	FFPE	1	exact
GSM2941728	GBM, RTK I	GBM, RTK I	GBM	GBM	FFPE	1	exact
GSM2941729	MNG	MNG	MNG	MNG	FFPE	1	exact
GSM2941730	GBM, RTK I	GBM, RTK I	GBM	GBM	FFPE	1	exact
GSM2941731	GBM, MES	GBM, MES	GBM	GBM	FFPE	1	exact
GSM2941732	GBM, MES	GBM, MES	GBM	GBM	FFPE	1	exact
GSM2941733	GBM, RTK II	GBM, RTK II	GBM	GBM	FFPE	1	exact
GSM2941734	O IDH	O IDH	O IDH	O IDH	FFPE	1	exact
GSM2941735	ANA PA	ANA PA	ANA PA	ANA PA	FFPE	1	exact
GSM2941736	A IDH, HG	A IDH, HG	A IDH	A IDH	FFPE	1	exact
GSM2941737	A IDH	A IDH	A IDH	A IDH	FFPE	1	exact
GSM2941738	GBM, MES	GBM, MES	GBM	GBM	FFPE	1	exact
GSM2941739	DMG, K27	DMG, K27	DMG	DMG	FFPE	1	exact
GSM2941740	LGG, PA/GG ST	LGG, PA/GG ST	LGG	LGG	FFPE	1	exact
GSM2941741	GBM, RTK II	GBM, RTK II	GBM	GBM	FFPE	1	exact
GSM2941742	EPN, PF A	EPN, PF A	EPN	EPN	Frozen	1	exact
GSM2941743	A IDH, HG	A IDH, HG	A IDH	A IDH	Frozen	1	exact
GSM2941744	O IDH	O IDH	O IDH	O IDH	FFPE	1	exact
GSM2941745	ANA PA	ANA PA	ANA PA	ANA PA	FFPE	1	exact
GSM2941746	GBM, MES	GBM, MES	GBM	GBM	FFPE	1	exact
GSM2941747	EPN, RELA	EPN, RELA	EPN	EPN	FFPE	1	exact
GSM2941748	A IDH	A IDH	A IDH	A IDH	FFPE	1	exact
GSM2941749	A IDH	A IDH	A IDH	A IDH	FFPE	1	exact
GSM2941750	GBM, RTK II	GBM, RTK II	GBM	GBM	FFPE	1	exact
GSM2941751	DMG, K27	DMG, K27	DMG	DMG	FFPE	1	exact
GSM2941752	A IDH	A IDH	A IDH	A IDH	FFPE	1	exact
GSM2941753	GBM, MES	GBM, MES	GBM	GBM	FFPE	1	exact
GSM2941754	GBM, MES	GBM, MES	GBM	GBM	FFPE	1	exact
GSM2941755	MB, SHH CHL AD	MB, SHH CHL AD	MB	MB	FFPE	1	exact
GSM2941756	GBM, RTK II	GBM, RTK II	GBM	GBM	FFPE	1	exact
GSM2941757	GBM, MES	GBM, MES	GBM	GBM	FFPE	1	exact
GSM2941758	GBM, RTK II	GBM, RTK II	GBM	GBM	FFPE	1	exact
GSM2941759	GBM, RTK II	GBM, RTK II	GBM	GBM	FFPE	1	exact
GSM2941760	SUBEPN, SPINE	SUBEPN, SPINE	SUBEPN	SUBEPN	FFPE	1	exact
GSM2941761	GBM, MES	GBM, MES	GBM	GBM	FFPE	1	exact
GSM2941762	A IDH, HG	A IDH, HG	A IDH	A IDH	FFPE	1	exact
GSM2941763	MB, SHH CHL AD	MB, SHH CHL AD	MB	MB	FFPE	1	exact
GSM2941764	LGG, PA MID	LGG, PA MID	LGG	LGG	FFPE	1	exact
GSM2941765	MNG	MNG	MNG	MNG	FFPE	1	exact
GSM2941766	EPN, RELA	EPN, RELA	EPN	EPN	FFPE	1	exact
GSM2941767	LGG, PA/GG ST	LGG, PA/GG ST	LGG	LGG	FFPE	1	exact
GSM2941768	GBM, RTK II	GBM, RTK II	GBM	GBM	FFPE	1	exact
GSM2941769	PXA	PXA	PXA	PXA	FFPE	1	exact
GSM2941770	GBM, RTK I	GBM, RTK I	GBM	GBM	FFPE	1	exact
GSM2941771	GBM, RTK II	GBM, RTK II	GBM	GBM	FFPE	1	exact
GSM2941772	A IDH, HG	A IDH, HG	A IDH	A IDH	FFPE	1	exact
GSM2941773	GBM, MES	GBM, MES	GBM	GBM	FFPE	1	exact
GSM2941774	A IDH	A IDH	A IDH	A IDH	FFPE	1	exact
GSM2941775	LGG, PA/GG ST	LGG, PA/GG ST	LGG	LGG	FFPE	1	exact
GSM2941776	SUBEPN, PF	SUBEPN, PF	SUBEPN	SUBEPN	FFPE	1	exact
GSM2941777	SUBEPN, PF	SUBEPN, PF	SUBEPN	SUBEPN	FFPE	1	exact
GSM2941778	LGG, PA PF	LGG, PA PF	LGG	LGG	FFPE	1	exact
GSM2941779	A IDH, HG	A IDH, HG	A IDH	A IDH	FFPE	1	exact
GSM2941780	MB, G4	MB, G4	MB	MB	FFPE	1	exact
GSM2941781	GBM, RTK II	GBM, RTK II	GBM	GBM	FFPE	1	exact
GSM2941782	O IDH	O IDH	O IDH	O IDH	FFPE	1	exact
GSM2941783	GBM, MID	GBM, MID	GBM	GBM	FFPE	1	exact
GSM2941784	GBM, RTK II	GBM, RTK II	GBM	GBM	FFPE	1	exact
GSM2941785	MB, SHH CHL AD	MB, SHH CHL AD	MB	MB	FFPE	1	exact
GSM2941786	GBM, RTK I	GBM, RTK I	GBM	GBM	FFPE	1	exact
GSM2941787	EPN, PF A	EPN, PF A	EPN	EPN	FFPE	1	exact
GSM2941788	A IDH	A IDH	A IDH	A IDH	FFPE	1	exact
GSM2941789	MB, SHH CHL AD	MB, SHH CHL AD	MB	MB	FFPE	1	exact
GSM2941790	GBM, MES	GBM, MES	GBM	GBM	FFPE	1	exact
GSM2941791	A IDH	A IDH	A IDH	A IDH	FFPE	1	exact
GSM2941792	A IDH	A IDH	A IDH	A IDH	FFPE	1	exact
GSM2941793	SCHW	SCHW	SCHW	SCHW	FFPE	1	exact
GSM2941794	GBM, MID	GBM, MID	GBM	GBM	FFPE	1	exact
GSM2941795	LGG, PA MID	LGG, PA MID	LGG	LGG	FFPE	1	exact
GSM2941796	GBM, RTK II	GBM, RTK II	GBM	GBM	FFPE	1	exact
GSM2941797	LGG, PA PF	LGG, PA PF	LGG	LGG	FFPE	1	exact
GSM2941798	EPN, RELA	EPN, RELA	EPN	EPN	FFPE	1	exact
GSM2941799	GBM, MES	GBM, MES	GBM	GBM	FFPE	1	exact
GSM2941800	A IDH	A IDH	A IDH	A IDH	FFPE	1	exact
GSM2941801	A IDH	A IDH	A IDH	A IDH	FFPE	1	exact
GSM2941802	GBM, RTK I	GBM, RTK I	GBM	GBM	FFPE	1	exact
GSM2941803	O IDH	O IDH	O IDH	O IDH	FFPE	1	exact
GSM2941804	MB, G3	MB, G3	MB	MB	FFPE	1	exact
GSM2941805	A IDH	A IDH	A IDH	A IDH	FFPE	1	exact
GSM2941806	PITUI	PITUI	PITUI	PITUI	FFPE	1	exact
GSM2941807	GBM, RTK I	GBM, RTK I	GBM	GBM	FFPE	1	exact
GSM2941808	DMG, K27	DMG, K27	DMG	DMG	FFPE	1	exact
GSM2941809	MNG	MNG	MNG	MNG	FFPE	1	exact
GSM2941810	MNG	MNG	MNG	MNG	FFPE	1	exact
GSM2941811	MNG	MNG	MNG	MNG	FFPE	1	exact
GSM2941812	GBM, MID	GBM, MID	GBM	GBM	FFPE	1	exact
GSM2941813	GBM, MES	GBM, MES	GBM	GBM	FFPE	1	exact
GSM2941814	GBM, RTK II	GBM, RTK II	GBM	GBM	FFPE	1	exact
GSM2941815	MB, SHH INF	MB, SHH INF	MB	MB	FFPE	1	exact
GSM2941816	GBM, RTK II	GBM, RTK II	GBM	GBM	FFPE	1	exact
GSM2941817	GBM, MES	GBM, MES	GBM	GBM	FFPE	1	exact
GSM2941818	GBM, MID	GBM, MID	GBM	GBM	FFPE	1	exact
GSM2941819	GBM, MES	GBM, MES	GBM	GBM	FFPE	1	exact
GSM2941820	GBM, G34	GBM, G34	GBM	GBM	FFPE	1	exact
GSM2941821	O IDH	O IDH	O IDH	O IDH	FFPE	1	exact
GSM2941822	O IDH	O IDH	O IDH	O IDH	FFPE	1	exact
GSM2941823	MB, SHH CHL AD	MB, SHH CHL AD	MB	MB	FFPE	1	exact
GSM2941824	MELCYT	MELCYT	MELCYT	MELCYT	FFPE	1	exact
GSM2941825	EPN, PF A	EPN, PF A	EPN	EPN	FFPE	1	exact
GSM2941826	DMG, K27	DMG, K27	DMG	DMG	FFPE	1	exact
GSM2941827	MB, SHH CHL AD	MB, SHH CHL AD	MB	MB	FFPE	1	exact
GSM2941828	MNG	MNG	MNG	MNG	FFPE	1	exact
