model_a	model_b	coverage	metric	difference	ci_low	ci_high	share_of_draws_above_0
nn_masked	rf	1.00000	accuracy	0.01012	0.00288	0.01771	0.99900
nn_masked	rf	1.00000	macro_f1	0.01355	0.00422	0.02641	0.99700
nn_masked	rf	0.10000	accuracy	0.89086	0.87856	0.90314	1.00000
nn_masked	rf	0.10000	macro_f1	0.95692	0.94780	0.96418	1.00000
nn_masked	rf	0.01000	accuracy	0.90748	0.89592	0.91905	1.00000
nn_masked	rf	0.01000	macro_f1	0.92377	0.90937	0.93403	1.00000
nn_masked	rf	0.00100	accuracy	0.44199	0.42248	0.46115	1.00000
nn_masked	rf	0.00100	macro_f1	0.37663	0.35268	0.39194	1.00000
nn_masked	nn_plain	1.00000	accuracy	-0.00145	-0.00614	0.00361	0.23700
nn_masked	nn_plain	1.00000	macro_f1	-0.00190	-0.00770	0.00369	0.24000
nn_masked	nn_plain	0.10000	accuracy	-0.00289	-0.00867	0.00253	0.15800
nn_masked	nn_plain	0.10000	macro_f1	0.00023	-0.00673	0.00787	0.52900
nn_masked	nn_plain	0.01000	accuracy	0.08638	0.07156	0.10047	1.00000
nn_masked	nn_plain	0.01000	macro_f1	0.09453	0.07860	0.11468	1.00000
nn_masked	nn_plain	0.00100	accuracy	0.42031	0.39899	0.43947	1.00000
nn_masked	nn_plain	0.00100	macro_f1	0.35627	0.33280	0.37301	1.00000
nn_masked	lgbm	1.00000	accuracy	0.02024	0.01265	0.02785	1.00000
nn_masked	lgbm	1.00000	macro_f1	0.03122	0.01954	0.04637	1.00000
nn_masked	lgbm	0.10000	accuracy	0.68739	0.66823	0.70473	1.00000
nn_masked	lgbm	0.10000	macro_f1	0.72229	0.70567	0.74399	1.00000
nn_masked	lgbm	0.01000	accuracy	0.85797	0.84459	0.87135	1.00000
nn_masked	lgbm	0.01000	macro_f1	0.85855	0.84069	0.87417	1.00000
nn_masked	lgbm	0.00100	accuracy	0.44127	0.42176	0.45935	1.00000
nn_masked	lgbm	0.00100	macro_f1	0.36425	0.33931	0.38030	1.00000
nn_plain	rf	1.00000	accuracy	0.01156	0.00505	0.01952	0.99800
nn_plain	rf	1.00000	macro_f1	0.01545	0.00596	0.02783	1.00000
nn_plain	rf	0.10000	accuracy	0.89375	0.88074	0.90567	1.00000
nn_plain	rf	0.10000	macro_f1	0.95669	0.94683	0.96462	1.00000
nn_plain	rf	0.01000	accuracy	0.82111	0.80701	0.83592	1.00000
nn_plain	rf	0.01000	macro_f1	0.82924	0.80871	0.84265	1.00000
nn_plain	rf	0.00100	accuracy	0.02168	0.01265	0.03180	1.00000
nn_plain	rf	0.00100	macro_f1	0.02035	0.01495	0.02519	1.00000
