model	coverage	group	label_level	metric	value	ci_low	ci_high	n	n_classes
rf	1.00000	all	class	macro_f1	0.96312	0.95010	0.97115	2767	91
rf	1.00000	all	class	balanced_accuracy	0.95126	0.93779	0.96268	2767	91
rf	1.00000	all	class	accuracy	0.96422	0.95662	0.97109	2767	91
rf	1.00000	all	class	brier	0.21889	0.21154	0.22698	2767	91
rf	1.00000	all	class	ece	0.34587	0.33662	0.35413	2767	91
rf	1.00000	all	class	confident_share	0.07589	0.06650	0.08638	2767	91
rf	1.00000	all	class	confident_accuracy	1.00000	1.00000	1.00000	2767	91
rf	1.00000	all	family	macro_f1	0.96764	0.95242	0.97637	2767	75
rf	1.00000	all	family	balanced_accuracy	0.95405	0.93945	0.96664	2767	75
rf	1.00000	all	family	accuracy	0.98338	0.97795	0.98772	2767	75
rf	1.00000	all	family	brier	0.15081	0.14452	0.15732	2767	75
rf	1.00000	all	family	ece	0.28756	0.27929	0.29527	2767	75
rf	1.00000	all	family	confident_share	0.19913	0.18431	0.21396	2767	75
rf	1.00000	all	family	confident_accuracy	1.00000	1.00000	1.00000	2767	75
rf	0.10000	all	class	macro_f1	0.01747	0.01383	0.02098	2767	91
rf	0.10000	all	class	balanced_accuracy	0.03369	0.03036	0.03728	2767	91
rf	0.10000	all	class	accuracy	0.07987	0.06975	0.08999	2767	91
rf	0.10000	all	class	brier	0.96680	0.96440	0.96921	2767	91
rf	0.10000	all	class	ece	0.02342	0.01392	0.03326	2767	91
rf	0.10000	all	class	confident_share	0.00000	0.00000	0.00000	2767	91
rf	0.10000	all	class	confident_accuracy				2767	91
rf	0.10000	all	family	macro_f1	0.01000	0.00893	0.01092	2767	75
rf	0.10000	all	family	balanced_accuracy	0.01947	0.01844	0.02050	2767	75
rf	0.10000	all	family	accuracy	0.13842	0.12505	0.15180	2767	75
rf	0.10000	all	family	brier	0.93759	0.93167	0.94332	2767	75
rf	0.10000	all	family	ece	0.12615	0.11712	0.13738	2767	75
rf	0.10000	all	family	confident_share	0.00000	0.00000	0.00000	2767	75
rf	0.10000	all	family	confident_accuracy				2767	75
rf	0.01000	all	class	macro_f1	0.00043	0.00033	0.00055	2767	91
rf	0.01000	all	class	balanced_accuracy	0.01099	0.01099	0.01099	2767	91
rf	0.01000	all	class	accuracy	0.01988	0.01518	0.02530	2767	91
rf	0.01000	all	class	brier	1.00418	1.00206	1.00627	2767	91
rf	0.01000	all	class	ece	0.08717	0.08196	0.09177	2767	91
rf	0.01000	all	class	confident_share	0.00000	0.00000	0.00000	2767	91
rf	0.01000	all	class	confident_accuracy				2767	91
rf	0.01000	all	family	macro_f1	0.00262	0.00236	0.00289	2767	75
rf	0.01000	all	family	balanced_accuracy	0.01333	0.01333	0.01333	2767	75
rf	0.01000	all	family	accuracy	0.10914	0.09721	0.12143	2767	75
rf	0.01000	all	family	brier	0.99628	0.99063	1.00182	2767	75
rf	0.01000	all	family	ece	0.10928	0.09864	0.12141	2767	75
rf	0.01000	all	family	confident_share	0.00000	0.00000	0.00000	2767	75
rf	0.01000	all	family	confident_accuracy				2767	75
rf	0.00100	all	class	macro_f1	0.00043	0.00033	0.00054	2767	91
rf	0.00100	all	class	balanced_accuracy	0.01099	0.01099	0.01099	2767	91
rf	0.00100	all	class	accuracy	0.01988	0.01518	0.02530	2767	91
rf	0.00100	all	class	brier	1.00784	1.00572	1.00990	2767	91
rf	0.00100	all	class	ece	0.08984	0.08449	0.09439	2767	91
rf	0.00100	all	class	confident_share	0.00000	0.00000	0.00000	2767	91
rf	0.00100	all	class	confident_accuracy				2767	91
rf	0.00100	all	family	macro_f1	0.00262	0.00236	0.00289	2767	75
rf	0.00100	all	family	balanced_accuracy	0.01333	0.01333	0.01333	2767	75
rf	0.00100	all	family	accuracy	0.10914	0.09721	0.12143	2767	75
rf	0.00100	all	family	brier	1.00221	0.99658	1.00773	2767	75
rf	0.00100	all	family	ece	0.10891	0.09650	0.12059	2767	75
rf	0.00100	all	family	confident_share	0.00000	0.00000	0.00000	2767	75
rf	0.00100	all	family	confident_accuracy				2767	75
lgbm	1.00000	all	class	macro_f1	0.94545	0.92972	0.95466	2767	91
lgbm	1.00000	all	class	balanced_accuracy	0.93594	0.92223	0.94867	2767	91
lgbm	1.00000	all	class	accuracy	0.95410	0.94579	0.96133	2767	91
lgbm	1.00000	all	class	brier	0.10114	0.09228	0.11110	2767	91
lgbm	1.00000	all	class	ece	0.08953	0.07996	0.09757	2767	91
lgbm	1.00000	all	class	confident_share	0.70654	0.68955	0.72317	2767	91
lgbm	1.00000	all	class	confident_accuracy	0.99488	0.99175	0.99792	2767	91
lgbm	1.00000	all	family	macro_f1	0.95683	0.93983	0.96694	2767	75
lgbm	1.00000	all	family	balanced_accuracy	0.94027	0.92401	0.95572	2767	75
lgbm	1.00000	all	family	accuracy	0.97687	0.97145	0.98229	2767	75
lgbm	1.00000	all	family	brier	0.06749	0.06003	0.07496	2767	75
lgbm	1.00000	all	family	ece	0.09389	0.08567	0.10159	2767	75
lgbm	1.00000	all	family	confident_share	0.74919	0.73365	0.76510	2767	75
lgbm	1.00000	all	family	confident_accuracy	0.99952	0.99853	1.00000	2767	75
lgbm	0.10000	all	class	macro_f1	0.25211	0.23061	0.26590	2767	91
lgbm	0.10000	all	class	balanced_accuracy	0.29653	0.27512	0.32008	2767	91
lgbm	0.10000	all	class	accuracy	0.28334	0.26599	0.30070	2767	91
lgbm	0.10000	all	class	brier	0.98100	0.98047	0.98147	2767	91
lgbm	0.10000	all	class	ece	0.26454	0.24767	0.28270	2767	91
lgbm	0.10000	all	class	confident_share	0.00000	0.00000	0.00000	2767	91
lgbm	0.10000	all	class	confident_accuracy				2767	91
lgbm	0.10000	all	family	macro_f1	0.00780	0.00476	0.01101	2767	75
lgbm	0.10000	all	family	balanced_accuracy	0.01600	0.01444	0.01796	2767	75
lgbm	0.10000	all	family	accuracy	0.11565	0.10407	0.12830	2767	75
lgbm	0.10000	all	family	brier	0.95997	0.95843	0.96151	2767	75
lgbm	0.10000	all	family	ece	0.11670	0.10579	0.12785	2767	75
lgbm	0.10000	all	family	confident_share	0.00000	0.00000	0.00000	2767	75
lgbm	0.10000	all	family	confident_accuracy				2767	75
lgbm	0.01000	all	class	macro_f1	0.06565	0.05435	0.07477	2767	91
lgbm	0.01000	all	class	balanced_accuracy	0.06671	0.05505	0.07901	2767	91
lgbm	0.01000	all	class	accuracy	0.06939	0.06035	0.07879	2767	91
lgbm	0.01000	all	class	brier	0.98846	0.98835	0.98855	2767	91
lgbm	0.01000	all	class	ece	0.05646	0.04744	0.06584	2767	91
lgbm	0.01000	all	class	confident_share	0.00000	0.00000	0.00000	2767	91
lgbm	0.01000	all	class	confident_accuracy				2767	91
lgbm	0.01000	all	family	macro_f1	0.00262	0.00236	0.00289	2767	75
lgbm	0.01000	all	family	balanced_accuracy	0.01333	0.01333	0.01333	2767	75
lgbm	0.01000	all	family	accuracy	0.10914	0.09721	0.12143	2767	75
lgbm	0.01000	all	family	brier	0.97154	0.97024	0.97288	2767	75
lgbm	0.01000	all	family	ece	0.04589	0.03392	0.05818	2767	75
lgbm	0.01000	all	family	confident_share	0.00000	0.00000	0.00000	2767	75
lgbm	0.01000	all	family	confident_accuracy				2767	75
lgbm	0.00100	all	class	macro_f1	0.01281	0.00761	0.01820	2767	91
lgbm	0.00100	all	class	balanced_accuracy	0.01733	0.01243	0.02238	2767	91
lgbm	0.00100	all	class	accuracy	0.02060	0.01590	0.02602	2767	91
lgbm	0.00100	all	class	brier	0.98904	0.98901	0.98908	2767	91
lgbm	0.00100	all	class	ece	0.00872	0.00402	0.01417	2767	91
lgbm	0.00100	all	class	confident_share	0.00000	0.00000	0.00000	2767	91
lgbm	0.00100	all	class	confident_accuracy				2767	91
lgbm	0.00100	all	family	macro_f1	0.00262	0.00236	0.00289	2767	75
lgbm	0.00100	all	family	balanced_accuracy	0.01333	0.01333	0.01333	2767	75
lgbm	0.00100	all	family	accuracy	0.10914	0.09721	0.12143	2767	75
lgbm	0.00100	all	family	brier	0.97244	0.97114	0.97374	2767	75
lgbm	0.00100	all	family	ece	0.04610	0.03427	0.05840	2767	75
lgbm	0.00100	all	family	confident_share	0.00000	0.00000	0.00000	2767	75
lgbm	0.00100	all	family	confident_accuracy				2767	75
nn_plain	1.00000	all	class	macro_f1	0.97857	0.97068	0.98412	2767	91
nn_plain	1.00000	all	class	balanced_accuracy	0.97730	0.96942	0.98395	2767	91
nn_plain	1.00000	all	class	accuracy	0.97579	0.96999	0.98085	2767	91
nn_plain	1.00000	all	class	brier	0.03884	0.03102	0.04816	2767	91
nn_plain	1.00000	all	class	ece	0.01215	0.00904	0.01847	2767	91
nn_plain	1.00000	all	class	confident_share	0.95591	0.94832	0.96314	2767	91
nn_plain	1.00000	all	class	confident_accuracy	0.98941	0.98533	0.99286	2767	91
nn_plain	1.00000	all	family	macro_f1	0.98853	0.98076	0.99421	2767	75
nn_plain	1.00000	all	family	balanced_accuracy	0.98892	0.98169	0.99498	2767	75
nn_plain	1.00000	all	family	accuracy	0.99530	0.99241	0.99747	2767	75
nn_plain	1.00000	all	family	brier	0.00906	0.00548	0.01353	2767	75
nn_plain	1.00000	all	family	ece	0.00362	0.00237	0.00644	2767	75
nn_plain	1.00000	all	family	confident_share	0.98554	0.98048	0.98988	2767	75
nn_plain	1.00000	all	family	confident_accuracy	0.99817	0.99669	0.99963	2767	75
nn_plain	0.10000	all	class	macro_f1	0.97416	0.96489	0.98130	2767	91
nn_plain	0.10000	all	class	balanced_accuracy	0.97228	0.96327	0.97991	2767	91
nn_plain	0.10000	all	class	accuracy	0.97362	0.96711	0.97905	2767	91
nn_plain	0.10000	all	class	brier	0.72995	0.72351	0.73583	2767	91
nn_plain	0.10000	all	class	ece	0.81334	0.80675	0.82010	2767	91
nn_plain	0.10000	all	class	confident_share	0.00000	0.00000	0.00000	2767	91
nn_plain	0.10000	all	class	confident_accuracy				2767	91
nn_plain	0.10000	all	family	macro_f1	0.93657	0.92207	0.94603	2767	75
nn_plain	0.10000	all	family	balanced_accuracy	0.90385	0.88783	0.91905	2767	75
nn_plain	0.10000	all	family	accuracy	0.94254	0.93422	0.95122	2767	75
nn_plain	0.10000	all	family	brier	0.68308	0.67655	0.68922	2767	75
nn_plain	0.10000	all	family	ece	0.75041	0.74200	0.75937	2767	75
nn_plain	0.10000	all	family	confident_share	0.00000	0.00000	0.00000	2767	75
nn_plain	0.10000	all	family	confident_accuracy				2767	75
nn_plain	0.01000	all	class	macro_f1	0.82967	0.80910	0.84305	2767	91
nn_plain	0.01000	all	class	balanced_accuracy	0.83176	0.81560	0.84939	2767	91
nn_plain	0.01000	all	class	accuracy	0.84098	0.82905	0.85472	2767	91
nn_plain	0.01000	all	class	brier	0.98219	0.98208	0.98228	2767	91
nn_plain	0.01000	all	class	ece	0.82646	0.81451	0.84015	2767	91
nn_plain	0.01000	all	class	confident_share	0.00000	0.00000	0.00000	2767	91
nn_plain	0.01000	all	class	confident_accuracy				2767	91
nn_plain	0.01000	all	family	macro_f1	0.00262	0.00236	0.00289	2767	75
nn_plain	0.01000	all	family	balanced_accuracy	0.01333	0.01333	0.01333	2767	75
nn_plain	0.01000	all	family	accuracy	0.10914	0.09721	0.12143	2767	75
nn_plain	0.01000	all	family	brier	0.96298	0.96156	0.96444	2767	75
nn_plain	0.01000	all	family	ece	0.13110	0.12090	0.14217	2767	75
nn_plain	0.01000	all	family	confident_share	0.00000	0.00000	0.00000	2767	75
nn_plain	0.01000	all	family	confident_accuracy				2767	75
nn_plain	0.00100	all	class	macro_f1	0.02078	0.01534	0.02559	2767	91
nn_plain	0.00100	all	class	balanced_accuracy	0.03608	0.03023	0.04213	2767	91
nn_plain	0.00100	all	class	accuracy	0.04156	0.03469	0.04951	2767	91
nn_plain	0.00100	all	class	brier	0.98842	0.98838	0.98846	2767	91
nn_plain	0.00100	all	class	ece	0.02936	0.02249	0.03731	2767	91
nn_plain	0.00100	all	class	confident_share	0.00000	0.00000	0.00000	2767	91
nn_plain	0.00100	all	class	confident_accuracy				2767	91
nn_plain	0.00100	all	family	macro_f1	0.00262	0.00236	0.00289	2767	75
nn_plain	0.00100	all	family	balanced_accuracy	0.01333	0.01333	0.01333	2767	75
nn_plain	0.00100	all	family	accuracy	0.10914	0.09721	0.12143	2767	75
nn_plain	0.00100	all	family	brier	0.97149	0.97013	0.97286	2767	75
nn_plain	0.00100	all	family	ece	0.04426	0.03232	0.05652	2767	75
nn_plain	0.00100	all	family	confident_share	0.00000	0.00000	0.00000	2767	75
nn_plain	0.00100	all	family	confident_accuracy				2767	75
nn_masked	1.00000	all	class	macro_f1	0.97667	0.96723	0.98280	2767	91
nn_masked	1.00000	all	class	balanced_accuracy	0.97590	0.96718	0.98315	2767	91
nn_masked	1.00000	all	class	accuracy	0.97434	0.96784	0.97977	2767	91
nn_masked	1.00000	all	class	brier	0.04890	0.03822	0.06107	2767	91
nn_masked	1.00000	all	class	ece	0.02397	0.01887	0.03051	2767	91
nn_masked	1.00000	all	class	confident_share	0.99349	0.99024	0.99639	2767	91
nn_masked	1.00000	all	class	confident_accuracy	0.97672	0.97052	0.98212	2767	91
nn_masked	1.00000	all	family	macro_f1	0.98546	0.97635	0.99169	2767	75
nn_masked	1.00000	all	family	balanced_accuracy	0.98512	0.97600	0.99232	2767	75
nn_masked	1.00000	all	family	accuracy	0.99349	0.99024	0.99639	2767	75
nn_masked	1.00000	all	family	brier	0.01293	0.00737	0.01942	2767	75
nn_masked	1.00000	all	family	ece	0.00624	0.00369	0.00958	2767	75
nn_masked	1.00000	all	family	confident_share	0.99855	0.99711	1.00000	2767	75
nn_masked	1.00000	all	family	confident_accuracy	0.99385	0.99060	0.99638	2767	75
nn_masked	0.10000	all	class	macro_f1	0.97440	0.96559	0.98043	2767	91
nn_masked	0.10000	all	class	balanced_accuracy	0.97418	0.96586	0.98116	2767	91
nn_masked	0.10000	all	class	accuracy	0.97073	0.96422	0.97651	2767	91
nn_masked	0.10000	all	class	brier	0.04607	0.03784	0.05580	2767	91
nn_masked	0.10000	all	class	ece	0.01452	0.01134	0.02114	2767	91
nn_masked	0.10000	all	class	confident_share	0.95338	0.94543	0.96061	2767	91
nn_masked	0.10000	all	class	confident_accuracy	0.98673	0.98245	0.99059	2767	91
nn_masked	0.10000	all	family	macro_f1	0.98599	0.97696	0.99251	2767	75
nn_masked	0.10000	all	family	balanced_accuracy	0.98599	0.97752	0.99322	2767	75
nn_masked	0.10000	all	family	accuracy	0.99386	0.99060	0.99675	2767	75
nn_masked	0.10000	all	family	brier	0.01050	0.00626	0.01542	2767	75
nn_masked	0.10000	all	family	ece	0.00409	0.00279	0.00753	2767	75
nn_masked	0.10000	all	family	confident_share	0.98771	0.98338	0.99169	2767	75
nn_masked	0.10000	all	family	confident_accuracy	0.99671	0.99450	0.99854	2767	75
nn_masked	0.01000	all	class	macro_f1	0.92420	0.90978	0.93442	2767	91
nn_masked	0.01000	all	class	balanced_accuracy	0.92880	0.91604	0.94146	2767	91
nn_masked	0.01000	all	class	accuracy	0.92736	0.91760	0.93676	2767	91
nn_masked	0.01000	all	class	brier	0.14802	0.13835	0.15770	2767	91
nn_masked	0.01000	all	class	ece	0.12300	0.11266	0.13216	2767	91
nn_masked	0.01000	all	class	confident_share	0.49440	0.47669	0.51357	2767	91
nn_masked	0.01000	all	class	confident_accuracy	0.99708	0.99351	0.99929	2767	91
nn_masked	0.01000	all	family	macro_f1	0.94084	0.92492	0.95236	2767	75
nn_masked	0.01000	all	family	balanced_accuracy	0.94517	0.93139	0.95910	2767	75
nn_masked	0.01000	all	family	accuracy	0.96964	0.96278	0.97615	2767	75
nn_masked	0.01000	all	family	brier	0.07429	0.06779	0.08160	2767	75
nn_masked	0.01000	all	family	ece	0.09028	0.08327	0.09682	2767	75
nn_masked	0.01000	all	family	confident_share	0.68233	0.66569	0.70040	2767	75
nn_masked	0.01000	all	family	confident_accuracy	0.99947	0.99795	1.00000	2767	75
nn_masked	0.00100	all	class	macro_f1	0.37705	0.35311	0.39232	2767	91
nn_masked	0.00100	all	class	balanced_accuracy	0.40635	0.38460	0.42994	2767	91
nn_masked	0.00100	all	class	accuracy	0.46187	0.44272	0.47958	2767	91
nn_masked	0.00100	all	class	brier	0.73620	0.72663	0.74573	2767	91
nn_masked	0.00100	all	class	ece	0.20904	0.19212	0.22526	2767	91
nn_masked	0.00100	all	class	confident_share	0.00253	0.00072	0.00434	2767	91
nn_masked	0.00100	all	class	confident_accuracy	1.00000	1.00000	1.00000	2767	91
nn_masked	0.00100	all	family	macro_f1	0.38561	0.35530	0.40350	2767	75
nn_masked	0.00100	all	family	balanced_accuracy	0.38196	0.35789	0.40730	2767	75
nn_masked	0.00100	all	family	accuracy	0.57463	0.55656	0.59235	2767	75
nn_masked	0.00100	all	family	brier	0.62552	0.61427	0.63836	2767	75
nn_masked	0.00100	all	family	ece	0.23055	0.21465	0.24553	2767	75
nn_masked	0.00100	all	family	confident_share	0.01988	0.01517	0.02530	2767	75
nn_masked	0.00100	all	family	confident_accuracy	1.00000	1.00000	1.00000	2767	75
