geo_accession	zarr_row	mc_class	family	material	capper_score	capper_matched	path_concordant	capper_no_match
GSM2940725	0	GBM, MES	MCF GBM	FFPE	1.0	True	True	False
GSM2940726	1	O IDH	MCF IDH GLM	FFPE	0.999	True	True	False
GSM2940727	2	GBM, MES	MCF GBM	FFPE	0.999	True	True	False
GSM2940728	3	A IDH	MCF IDH GLM	FFPE	0.954	True	True	False
GSM2940729	4	GBM, MYCN	MCF GBM	FFPE	0.905	True	False	False
GSM2940730	5	PITAD, FSH LH	PITAD, FSH LH	FFPE	0.981	True	True	False
GSM2940731	6	LGG, PA PF	MCF PA	FFPE	0.949	True	True	False
GSM2940732	7	GBM, RTK II	MCF GBM	FFPE	0.987	True	True	False
GSM2940733	8	MNG	MNG	FFPE	0.998	True	True	False
GSM2940734	9	GBM, MES	MCF GBM	FFPE	0.994	True	True	False
GSM2940735	10	GBM, MES	MCF GBM	FFPE	1.0	True	True	False
GSM2940736	11	GBM, MES	MCF GBM	FFPE	0.983	True	True	False
GSM2940737	12	GBM, MES	MCF GBM	FFPE	1.0	True	True	False
GSM2940738	13	DMG, K27	DMG, K27	FFPE	1.0	True	True	False
GSM2940739	14	MB, G4	MCF MB G3G4	FFPE	0.999	True	True	False
GSM2940740	15	GBM, RTK I	MCF GBM	FFPE	0.999	True	True	False
GSM2940741	16	A IDH	MCF IDH GLM	FFPE	0.995	True	True	False
GSM2940742	17	GBM, RTK II	MCF GBM	FFPE	0.997	True	True	False
GSM2940743	18	MNG	MNG	FFPE	1.0	True	True	False
GSM2940744	19	MNG	MNG	FFPE	0.988	True	True	False
GSM2940745	20	A IDH	MCF IDH GLM	FFPE	0.966	True	True	False
GSM2940746	21	LGG, PA PF	MCF PA	FFPE	1.0	True	False	False
GSM2940747	22	DMG, K27	DMG, K27	FFPE	0.202	False	False	True
GSM2940748	23	MB, SHH INF	MCF MB SHH	FFPE	0.995	True	True	False
GSM2940749	24	GBM, MES	MCF GBM	FFPE	0.694	False	False	True
GSM2940750	25	MB, G4	MCF MB G3G4	FFPE	1.0	True	True	False
GSM2940751	26	O IDH	MCF IDH GLM	FFPE	0.999	True	True	False
GSM2940752	27	DMG, K27	DMG, K27	FFPE	0.998	True	True	False
GSM2940753	28	EPN, PF A	EPN, PF A	FFPE	0.752	False	False	True
GSM2940754	29	EPN, RELA	EPN, RELA	FFPE	1.0	True	False	False
GSM2940755	30	O IDH	MCF IDH GLM	FFPE	0.991	True	True	False
GSM2940756	31	GBM, MES	MCF GBM	FFPE	1.0	True	True	False
GSM2940757	32	GBM, RTK II	MCF GBM	FFPE	0.999	True	True	False
GSM2940758	33	O IDH	MCF IDH GLM	FFPE	0.996	True	True	False
GSM2940759	34	MNG	MNG	FFPE	1.0	True	True	False
GSM2940760	35	A IDH, HG	MCF IDH GLM	FFPE	0.636	False	False	True
GSM2940761	36	DMG, K27	DMG, K27	FFPE	1.0	True	False	False
GSM2940762	37	SCHW, MEL	SCHW, MEL	FFPE	0.228	False	False	True
GSM2940763	38	A IDH	MCF IDH GLM	FFPE	0.997	True	True	False
GSM2940764	39	GBM, MES	MCF GBM	FFPE	1.0	True	False	False
GSM2940765	40	GBM, MES	MCF GBM	FFPE	0.999	True	True	False
GSM2940766	41	MNG	MNG	FFPE	0.998	True	True	False
GSM2940767	42	GBM, RTK II	MCF GBM	FFPE	0.995	True	False	False
GSM2940768	43	LGG, PA PF	MCF PA	FFPE	0.996	True	True	False
GSM2940769	44	GBM, RTK II	MCF GBM	FFPE	1.0	True	False	False
GSM2940770	45	MNG	MNG	FFPE	1.0	True	True	False
GSM2940771	46	O IDH	MCF IDH GLM	FFPE	1.0	True	True	False
GSM2940772	47	GBM, MES	MCF GBM	FFPE	0.991	True	False	False
GSM2940773	48	EPN, PF A	EPN, PF A	FFPE	1.0	True	True	False
GSM2940774	49	O IDH	MCF IDH GLM	FFPE	0.999	True	True	False
GSM2940775	50	GBM, MES	MCF GBM	FFPE	0.976	True	False	False
GSM2940776	51	EPN, PF A	EPN, PF A	FFPE	0.996	True	True	False
GSM2940777	52	MB, SHH CHL AD	MCF MB SHH	FFPE	1.0	True	True	False
GSM2940778	53	GBM, RTK I	MCF GBM	FFPE	1.0	True	True	False
GSM2940779	54	GBM, RTK II	MCF GBM	FFPE	1.0	True	True	False
GSM2940780	55	EPN, PF A	EPN, PF A	FFPE	1.0	True	True	False
GSM2940781	56	MELCYT	MELCYT	FFPE	1.0	True	True	False
GSM2940782	57	PXA	PXA	Frozen	0.999	True	False	False
GSM2940783	58	LGG, PA/GG ST	MCF PA	FFPE	0.918	True	True	False
GSM2940784	59	EPN, MPE	EPN, MPE	FFPE	1.0	True	False	False
GSM2940785	60	O IDH	MCF IDH GLM	FFPE	0.983	True	True	False
GSM2940786	61	GBM, RTK II	MCF GBM	FFPE	1.0	True	True	False
GSM2940787	62	GBM, RTK II	MCF GBM	FFPE	1.0	True	True	False
GSM2940788	63	O IDH	MCF IDH GLM	FFPE	1.0	True	True	False
GSM2940789	64	LGG, PA PF	MCF PA	FFPE	0.938	True	True	False
GSM2940790	65	PLEX, PED B	MCF PLEX T	FFPE	1.0	True	True	False
GSM2940791	66	A IDH	MCF IDH GLM	FFPE	0.992	True	True	False
GSM2940792	67	ANA PA	ANA PA	FFPE	0.962	True	False	False
GSM2940793	68	DMG, K27	DMG, K27	FFPE	0.948	True	True	False
GSM2940794	69	MNG	MNG	FFPE	0.999	True	True	False
GSM2940795	70	CHORDM	CHORDM	FFPE	0.997	True	True	False
GSM2940796	71	CNS NB, FOXR2	CNS NB, FOXR2	FFPE	0.999	True	True	False
GSM2940797	72	MB, G4	MCF MB G3G4	FFPE	0.242	False	False	True
GSM2940798	73	CNS NB, FOXR2	CNS NB, FOXR2	FFPE	0.997	True	True	False
GSM2940799	74	LGG, PA/GG ST	MCF PA	FFPE	0.635	False	False	True
GSM2940800	75	MB, G4	MCF MB G3G4	Frozen	0.803	False	False	True
GSM2940801	76	PXA	PXA	FFPE	0.494	False	False	True
GSM2940802	77	LGG, DNT	LGG, DNT	FFPE	0.997	True	True	False
GSM2940803	78	A IDH	MCF IDH GLM	FFPE	0.997	True	True	False
GSM2940804	79	MELAN	MELAN	FFPE	0.202	False	False	True
GSM2940805	80	GBM, MES	MCF GBM	FFPE	0.999	True	True	False
GSM2940806	81	GBM, RTK II	MCF GBM	FFPE	0.848	False	False	True
GSM2940807	82	GBM, MES	MCF GBM	FFPE	1.0	True	True	False
GSM2940808	83	GBM, RTK I	MCF GBM	FFPE	0.984	True	True	False
GSM2940809	84	O IDH	MCF IDH GLM	FFPE	0.939	True	True	False
GSM2940810	85	GBM, RTK II	MCF GBM	FFPE	1.0	True	True	False
GSM2940811	86	A IDH	MCF IDH GLM	FFPE	0.995	True	True	False
GSM2940812	87	GBM, G34	GBM, G34	FFPE	1.0	True	True	False
GSM2940813	88	GBM, MES	MCF GBM	FFPE	1.0	True	True	False
GSM2940814	89	ANA PA	ANA PA	FFPE	0.986	True	False	False
GSM2940815	90	A IDH	MCF IDH GLM	FFPE	0.999	True	True	False
GSM2940816	91	LGG, PA MID	MCF PA	FFPE	1.0	True	True	False
GSM2940817	92	MB, SHH CHL AD	MCF MB SHH	FFPE	0.951	True	True	False
GSM2940818	93	GBM, MYCN	MCF GBM	FFPE	1.0	True	True	False
GSM2940819	94	MB, G3	MCF MB G3G4	FFPE	0.509	False	False	True
GSM2940820	95	GBM, RTK I	MCF GBM	FFPE	0.962	True	True	False
GSM2940821	96	LGG, PA PF	MCF PA	FFPE	0.999	True	True	False
GSM2940822	97	GBM, MES	MCF GBM	FFPE	1.0	True	True	False
GSM2940823	98	EWS	EWS	FFPE	1.0	True	False	False
GSM2940824	99	CN	CN	FFPE	0.942	True	False	False
GSM2940826	101	MB, G4	MCF MB G3G4	FFPE	0.999	True	True	False
GSM2940827	102	LGG, PA PF	MCF PA	FFPE	1.0	True	True	False
GSM2940828	103	MNG	MNG	FFPE	1.0	True	True	False
GSM2940829	104	O IDH	MCF IDH GLM	FFPE	0.998	True	True	False
GSM2940830	105	IHG	IHG	FFPE	1.0	True	False	False
GSM2940831	106	A IDH, HG	MCF IDH GLM	FFPE	0.999	True	True	False
GSM2940832	107	O IDH	MCF IDH GLM	FFPE	0.998	True	True	False
GSM2940833	108	O IDH	MCF IDH GLM	FFPE	0.999	True	True	False
GSM2940834	109	LGG, DNT	LGG, DNT	FFPE	1.0	True	True	False
GSM2940836	111	ANA PA	ANA PA	FFPE	1.0	True	False	False
GSM2940837	112	MB, G4	MCF MB G3G4	FFPE	0.999	True	True	False
GSM2940838	113	GBM, MES	MCF GBM	FFPE	0.998	True	True	False
GSM2940839	114	PXA	PXA	FFPE	0.629	False	False	True
GSM2940840	115	A IDH, HG	MCF IDH GLM	FFPE	0.999	True	True	False
GSM2940841	116	MB, SHH INF	MCF MB SHH	FFPE	1.0	True	True	False
GSM2940842	117	GBM, RTK II	MCF GBM	FFPE	0.999	True	True	False
GSM2940843	118	DMG, K27	DMG, K27	FFPE	0.495	False	False	True
GSM2940844	119	ANA PA	ANA PA	FFPE	0.809	False	False	True
GSM2940845	120	SUBEPN, SPINE	SUBEPN, SPINE	FFPE	1.0	True	True	False
GSM2940846	121	O IDH	MCF IDH GLM	FFPE	0.999	True	True	False
GSM2940847	122	PTPR, B	PTPR, B	FFPE	1.0	True	True	False
GSM2940848	123	ANA PA	ANA PA	FFPE	1.0	True	True	False
GSM2940849	124	LGG, PA/GG ST	MCF PA	FFPE	0.951	True	True	False
GSM2940850	125	GBM, RTK I	MCF GBM	FFPE	1.0	True	True	False
GSM2940851	126	EPN, PF A	EPN, PF A	FFPE	0.967	True	True	False
GSM2940852	127	MNG	MNG	FFPE	0.981	True	True	False
GSM2940853	128	LGG, GG	LGG, GG	FFPE	0.998	True	False	False
GSM2940854	129	EPN, PF B	EPN, PF B	FFPE	0.973	True	True	False
GSM2940855	130	GBM, RTK II	MCF GBM	FFPE	0.998	True	True	False
GSM2940856	131	GBM, MID	MCF GBM	FFPE	0.935	True	True	False
GSM2940857	132	O IDH	MCF IDH GLM	FFPE	0.999	True	True	False
GSM2940858	133	GBM, RTK II	MCF GBM	FFPE	1.0	True	True	False
GSM2940859	134	A IDH	MCF IDH GLM	FFPE	0.818	False	False	True
GSM2940860	135	DMG, K27	DMG, K27	FFPE	0.998	True	True	False
GSM2940861	136	A IDH, HG	MCF IDH GLM	FFPE	1.0	True	True	False
GSM2940862	137	EPN, SPINE	EPN, SPINE	FFPE	1.0	True	True	False
GSM2940863	138	GBM, RTK II	MCF GBM	FFPE	0.995	True	True	False
GSM2940864	139	LGG, PA PF	MCF PA	FFPE	0.998	True	True	False
GSM2940865	140	MB, SHH CHL AD	MCF MB SHH	FFPE	1.0	True	True	False
GSM2940866	141	LGG, RGNT	LGG, RGNT	FFPE	0.108	False	False	True
GSM2940867	142	MELAN	MELAN	FFPE	0.996	True	True	False
GSM2940868	143	SCHW	SCHW	FFPE	0.263	False	False	True
GSM2940869	144	LGG, PA MID	MCF PA	FFPE	1.0	True	True	False
GSM2940870	145	MB, G3	MCF MB G3G4	FFPE	0.66	False	False	True
GSM2940871	146	PLEX, PED B	MCF PLEX T	FFPE	1.0	True	True	False
GSM2940872	147	GBM, MID	MCF GBM	FFPE	0.664	False	False	True
GSM2940873	148	LGG, PA PF	MCF PA	FFPE	0.988	True	True	False
GSM2940874	149	PITAD, STH DNS B	PITAD, STH DNS B	FFPE	0.231	False	False	True
GSM2940875	150	PXA	PXA	FFPE	1.0	True	False	False
GSM2940876	151	GBM, MYCN	MCF GBM	FFPE	0.997	True	False	False
GSM2940877	152	EPN, PF A	EPN, PF A	FFPE	0.998	True	True	False
GSM2940878	153	ANA PA	ANA PA	FFPE	0.986	True	True	False
GSM2940879	154	MB, SHH INF	MCF MB SHH	FFPE	0.999	True	True	False
GSM2940880	155	ENB, A	MCF ENB	FFPE	0.918	True	True	False
GSM2940881	156	EPN, PF A	EPN, PF A	FFPE	0.997	True	True	False
GSM2940882	157	GBM, RTK II	MCF GBM	FFPE	0.95	True	False	False
GSM2940883	158	GBM, RTK II	MCF GBM	FFPE	1.0	True	False	False
GSM2940884	159	LGG, PA PF	MCF PA	FFPE	0.975	True	True	False
GSM2940885	160	A IDH, HG	MCF IDH GLM	FFPE	1.0	True	True	False
GSM2940886	161	MB, SHH CHL AD	MCF MB SHH	FFPE	0.981	True	True	False
GSM2940887	162	LGG, PA PF	MCF PA	FFPE	1.0	True	True	False
GSM2940888	163	MB, SHH CHL AD	MCF MB SHH	FFPE	0.989	True	True	False
GSM2940889	164	EPN, PF A	EPN, PF A	FFPE	1.0	True	True	False
GSM2940890	165	LGG, PA PF	MCF PA	FFPE	1.0	True	False	False
GSM2940891	166	A IDH	MCF IDH GLM	FFPE	0.999	True	True	False
GSM2940892	167	MNG	MNG	FFPE	1.0	True	True	False
GSM2940893	168	LGG, PA MID	MCF PA	FFPE	0.993	True	True	False
GSM2940894	169	EPN, PF A	EPN, PF A	FFPE	0.99	True	True	False
GSM2940895	170	ANA PA	ANA PA	FFPE	0.988	True	True	False
GSM2940896	171	MB, SHH CHL AD	MCF MB SHH	FFPE	1.0	True	True	False
GSM2940897	172	GBM, MES	MCF GBM	FFPE	1.0	True	True	False
GSM2940898	173	GBM, MES	MCF GBM	FFPE	1.0	True	True	False
GSM2940899	174	MB, G4	MCF MB G3G4	FFPE	1.0	True	True	False
GSM2940900	175	DMG, K27	DMG, K27	FFPE	1.0	True	True	False
GSM2940901	176	ATRT, SHH	MCF ATRT	FFPE	1.0	True	True	False
GSM2940902	177	A IDH	MCF IDH GLM	FFPE	0.998	True	True	False
GSM2940903	178	LGG, DNT	LGG, DNT	FFPE	1.0	True	True	False
GSM2940904	179	EPN, PF A	EPN, PF A	FFPE	0.994	True	True	False
GSM2940905	180	MB, G4	MCF MB G3G4	FFPE	1.0	True	True	False
GSM2940906	181	LGG, PA PF	MCF PA	FFPE	0.999	True	False	False
GSM2940907	182	EPN, RELA	EPN, RELA	FFPE	0.765	False	False	True
GSM2940908	183	LGG, RGNT	LGG, RGNT	FFPE	1.0	True	True	False
GSM2940909	184	LGG, DNT	LGG, DNT	FFPE	1.0	True	True	False
GSM2940910	185	MB, G4	MCF MB G3G4	FFPE	0.999	True	True	False
GSM2940911	186	DMG, K27	DMG, K27	FFPE	0.97	True	True	False
GSM2940912	187	A IDH	MCF IDH GLM	FFPE	0.997	True	True	False
GSM2940913	188	GBM, RTK II	MCF GBM	FFPE	1.0	True	True	False
GSM2940914	189	LIPN	LIPN	FFPE	0.999	True	True	False
GSM2940916	191	MB, G4	MCF MB G3G4	FFPE	0.997	True	True	False
GSM2940917	192	GBM, MES	MCF GBM	FFPE	0.943	True	False	False
GSM2940918	193	O IDH	MCF IDH GLM	FFPE	0.99	True	True	False
GSM2940919	194	MELCYT	MELCYT	FFPE	0.765	False	False	True
GSM2940920	195	PGG, nC	PGG, nC	FFPE	1.0	True	True	False
GSM2940921	196	A IDH	MCF IDH GLM	FFPE	0.998	True	True	False
GSM2940922	197	GBM, RTK I	MCF GBM	FFPE	1.0	True	True	False
GSM2940923	198	EPN, MPE	EPN, MPE	FFPE	1.0	True	False	False
GSM2940924	199	MB, G3	MCF MB G3G4	FFPE	1.0	True	True	False
GSM2940925	200	MB, SHH INF	MCF MB SHH	FFPE	1.0	True	True	False
GSM2940926	201	ANA PA	ANA PA	FFPE	1.0	True	True	False
GSM2940927	202	O IDH	MCF IDH GLM	FFPE	0.999	True	True	False
GSM2940928	203	GBM, MES	MCF GBM	FFPE	0.997	True	False	False
GSM2940929	204	PITAD, ACTH	PITAD, ACTH	FFPE	1.0	True	True	False
GSM2940930	205	O IDH	MCF IDH GLM	FFPE	1.0	True	True	False
GSM2940931	206	A IDH	MCF IDH GLM	FFPE	0.998	True	True	False
GSM2940932	207	GBM, MES	MCF GBM	FFPE	0.977	True	True	False
GSM2940933	208	MB, SHH CHL AD	MCF MB SHH	FFPE	0.99	True	True	False
GSM2940934	209	LGG, PA MID	MCF PA	FFPE	1.0	True	True	False
GSM2940935	210	EPN, MPE	EPN, MPE	FFPE	1.0	True	True	False
GSM2940936	211	O IDH	MCF IDH GLM	FFPE	1.0	True	True	False
GSM2940937	212	O IDH	MCF IDH GLM	FFPE	0.997	True	True	False
GSM2940938	213	GBM, RTK I	MCF GBM	FFPE	0.531	False	False	True
GSM2940939	214	O IDH	MCF IDH GLM	FFPE	0.998	True	True	False
GSM2940940	215	A IDH, HG	MCF IDH GLM	FFPE	0.992	True	True	False
GSM2940941	216	GBM, RTK I	MCF GBM	FFPE	1.0	True	True	False
GSM2940942	217	O IDH	MCF IDH GLM	FFPE	0.999	True	True	False
GSM2940943	218	A IDH, HG	MCF IDH GLM	FFPE	0.991	True	True	False
GSM2940944	219	EPN, MPE	EPN, MPE	FFPE	1.0	True	False	False
GSM2940945	220	EPN, MPE	EPN, MPE	FFPE	1.0	True	False	False
GSM2940946	221	LGG, PA PF	MCF PA	FFPE	0.997	True	True	False
GSM2940947	222	A IDH	MCF IDH GLM	FFPE	0.939	True	True	False
GSM2940948	223	DMG, K27	DMG, K27	FFPE	1.0	True	True	False
GSM2940949	224	GBM, RTK I	MCF GBM	FFPE	0.999	True	True	False
GSM2940950	225	DMG, K27	DMG, K27	FFPE	1.0	True	True	False
GSM2940951	226	DMG, K27	DMG, K27	FFPE	1.0	True	True	False
GSM2940952	227	A IDH	MCF IDH GLM	FFPE	0.998	True	True	False
GSM2940953	228	PXA	PXA	FFPE	1.0	True	False	False
GSM2940954	229	A IDH, HG	MCF IDH GLM	FFPE	1.0	True	True	False
GSM2940955	230	PIN T, PPT	PIN T, PPT	FFPE	1.0	True	True	False
GSM2940956	231	A IDH, HG	MCF IDH GLM	FFPE	1.0	True	True	False
GSM2940957	232	MB, G3	MCF MB G3G4	FFPE	1.0	True	True	False
GSM2940958	233	MB, SHH CHL AD	MCF MB SHH	FFPE	0.997	True	True	False
GSM2940959	234	A IDH, HG	MCF IDH GLM	FFPE	0.995	True	True	False
GSM2940960	235	MB, G4	MCF MB G3G4	FFPE	1.0	True	True	False
GSM2940961	236	MB, G4	MCF MB G3G4	FFPE	0.999	True	True	False
GSM2940962	237	EPN, PF A	EPN, PF A	FFPE	1.0	True	True	False
GSM2940963	238	SUBEPN, SPINE	SUBEPN, SPINE	FFPE	0.091	False	False	True
GSM2940964	239	LGG, PA PF	MCF PA	FFPE	0.99	True	True	False
GSM2940965	240	MB, SHH CHL AD	MCF MB SHH	FFPE	1.0	True	True	False
GSM2940966	241	A IDH, HG	MCF IDH GLM	FFPE	0.998	True	True	False
GSM2940967	242	GBM, RTK I	MCF GBM	FFPE	1.0	True	True	False
GSM2940968	243	GBM, RTK I	MCF GBM	FFPE	1.0	True	True	False
GSM2940969	244	MB, SHH INF	MCF MB SHH	FFPE	1.0	True	True	False
GSM2940970	245	A IDH, HG	MCF IDH GLM	FFPE	0.995	True	True	False
GSM2940971	246	GBM, MES	MCF GBM	FFPE	0.9	True	True	False
GSM2940972	247	GBM, RTK I	MCF GBM	FFPE	1.0	True	True	False
GSM2940973	248	SUBEPN, ST	SUBEPN, ST	FFPE	1.0	True	True	False
GSM2940974	249	GBM, RTK I	MCF GBM	FFPE	1.0	True	True	False
GSM2940975	250	MNG	MNG	FFPE	0.848	False	False	True
GSM2940976	251	MB, G4	MCF MB G3G4	FFPE	0.999	True	True	False
GSM2940977	252	LGG, PA/GG ST	MCF PA	FFPE	1.0	True	False	False
GSM2940978	253	A IDH	MCF IDH GLM	FFPE	0.989	True	True	False
GSM2940979	254	GBM, MES	MCF GBM	FFPE	1.0	True	True	False
GSM2940980	255	MELCYT	MELCYT	FFPE	1.0	True	False	False
GSM2940981	256	O IDH	MCF IDH GLM	FFPE	0.996	True	True	False
GSM2940982	257	EPN, RELA	EPN, RELA	FFPE	1.0	True	True	False
GSM2940983	258	GBM, RTK II	MCF GBM	FFPE	1.0	True	True	False
GSM2940984	259	MB, G3	MCF MB G3G4	FFPE	1.0	True	True	False
GSM2940985	260	GBM, RTK II	MCF GBM	FFPE	1.0	True	True	False
GSM2940986	261	GBM, MYCN	MCF GBM	FFPE	0.998	True	False	False
GSM2940987	262	A IDH, HG	MCF IDH GLM	FFPE	0.383	False	False	True
GSM2940988	263	GBM, MID	MCF GBM	FFPE	0.99	True	True	False
GSM2940989	264	MNG	MNG	FFPE	1.0	True	True	False
GSM2940990	265	GBM, RTK II	MCF GBM	FFPE	1.0	True	True	False
GSM2940991	266	GBM, MES	MCF GBM	FFPE	1.0	True	True	False
GSM2940992	267	LGG, PA MID	MCF PA	FFPE	0.598	False	False	True
GSM2940993	268	EPN, RELA	EPN, RELA	FFPE	1.0	True	False	False
GSM2940994	269	GBM, RTK II	MCF GBM	FFPE	1.0	True	True	False
GSM2940995	270	GBM, MES	MCF GBM	FFPE	0.999	True	True	False
GSM2940996	271	EPN, PF A	EPN, PF A	FFPE	0.994	True	True	False
GSM2940997	272	GBM, RTK II	MCF GBM	FFPE	1.0	True	True	False
GSM2940998	273	PXA	PXA	FFPE	1.0	True	False	False
GSM2940999	274	LGG, MYB	LGG, MYB	FFPE	1.0	True	False	False
GSM2941000	275	A IDH, HG	MCF IDH GLM	FFPE	0.968	True	True	False
GSM2941001	276	GBM, MES	MCF GBM	FFPE	0.999	True	True	False
GSM2941002	277	GBM, RTK I	MCF GBM	FFPE	0.995	True	True	False
GSM2941003	278	MB, SHH INF	MCF MB SHH	FFPE	1.0	True	True	False
GSM2941004	279	A IDH, HG	MCF IDH GLM	FFPE	0.545	False	False	True
GSM2941005	280	A IDH	MCF IDH GLM	FFPE	0.976	True	True	False
GSM2941006	281	MB, SHH CHL AD	MCF MB SHH	FFPE	0.97	True	True	False
GSM2941007	282	GBM, MES	MCF GBM	FFPE	0.942	True	True	False
GSM2941008	283	GBM, RTK I	MCF GBM	FFPE	0.996	True	True	False
GSM2941009	284	GBM, MES	MCF GBM	FFPE	0.999	True	True	False
GSM2941010	285	MNG	MNG	FFPE	0.998	True	True	False
GSM2941011	286	HGNET, MN1	HGNET, MN1	FFPE	1.0	True	False	False
GSM2941012	287	O IDH	MCF IDH GLM	FFPE	0.995	True	True	False
GSM2941013	288	LGG, PA MID	MCF PA	FFPE	1.0	True	True	False
GSM2941014	289	A IDH	MCF IDH GLM	FFPE	0.995	True	True	False
GSM2941015	290	GBM, MES	MCF GBM	FFPE	0.926	True	True	False
GSM2941016	291	GBM, MES	MCF GBM	FFPE	1.0	True	True	False
GSM2941017	292	GBM, RTK II	MCF GBM	FFPE	1.0	True	True	False
GSM2941018	293	GBM, MES	MCF GBM	FFPE	1.0	True	True	False
GSM2941019	294	LGG, PA PF	MCF PA	FFPE	1.0	True	True	False
GSM2941020	295	GBM, MES	MCF GBM	FFPE	0.997	True	True	False
GSM2941021	296	EPN, MPE	EPN, MPE	FFPE	1.0	True	False	False
GSM2941022	297	GBM, RTK II	MCF GBM	FFPE	0.999	True	True	False
GSM2941023	298	O IDH	MCF IDH GLM	FFPE	0.999	True	True	False
GSM2941024	299	MB, G4	MCF MB G3G4	FFPE	0.999	True	True	False
GSM2941025	300	LGG, PA PF	MCF PA	FFPE	0.994	True	False	False
GSM2941026	301	A IDH	MCF IDH GLM	FFPE	0.977	True	True	False
GSM2941027	302	GBM, MES	MCF GBM	FFPE	0.999	True	True	False
GSM2941028	303	DMG, K27	DMG, K27	FFPE	1.0	True	False	False
GSM2941029	304	O IDH	MCF IDH GLM	FFPE	1.0	True	True	False
GSM2941030	305	EWS	EWS	FFPE	1.0	True	True	False
GSM2941031	306	PXA	PXA	FFPE	0.191	False	False	True
GSM2941032	307	PXA	PXA	Frozen	0.883	False	False	True
GSM2941033	308	GBM, RTK II	MCF GBM	FFPE	0.999	True	False	False
GSM2941034	309	LGG, PA PF	MCF PA	FFPE	0.999	True	True	False
GSM2941035	310	EPN, PF A	EPN, PF A	FFPE	0.997	True	True	False
GSM2941036	311	GBM, RTK II	MCF GBM	FFPE	0.998	True	False	False
GSM2941037	312	MNG	MNG	FFPE	0.079	False	False	True
GSM2941038	313	O IDH	MCF IDH GLM	FFPE	0.999	True	True	False
GSM2941039	314	MB, G4	MCF MB G3G4	FFPE	0.999	True	True	False
GSM2941040	315	SCHW, MEL	SCHW, MEL	FFPE	0.191	False	False	True
GSM2941041	316	O IDH	MCF IDH GLM	FFPE	0.985	True	True	False
GSM2941042	317	DMG, K27	DMG, K27	FFPE	1.0	True	False	False
GSM2941043	318	MB, G4	MCF MB G3G4	FFPE	1.0	True	True	False
GSM2941044	319	MB, SHH CHL AD	MCF MB SHH	FFPE	0.871	False	False	True
GSM2941045	320	GBM, MES	MCF GBM	FFPE	1.0	True	True	False
GSM2941046	321	GBM, RTK I	MCF GBM	FFPE	0.999	True	False	False
GSM2941047	322	LGG, GG	LGG, GG	FFPE	0.691	False	False	True
GSM2941048	323	LGG, MYB	LGG, MYB	FFPE	0.403	False	False	True
GSM2941049	324	O IDH	MCF IDH GLM	FFPE	0.998	True	True	False
GSM2941050	325	ANA PA	ANA PA	FFPE	0.624	False	False	True
GSM2941051	326	A IDH	MCF IDH GLM	FFPE	0.956	True	True	False
GSM2941052	327	MB, SHH CHL AD	MCF MB SHH	FFPE	1.0	True	True	False
GSM2941053	328	GBM, G34	GBM, G34	FFPE	1.0	True	True	False
GSM2941054	329	LGG, PA PF	MCF PA	FFPE	0.982	True	True	False
GSM2941055	330	DMG, K27	DMG, K27	FFPE	0.692	False	False	True
GSM2941056	331	MNG	MNG	FFPE	0.997	True	True	False
GSM2941057	332	IHG	IHG	FFPE	0.31	False	False	True
GSM2941058	333	GBM, RTK II	MCF GBM	FFPE	0.999	True	True	False
GSM2941059	334	MB, SHH CHL AD	MCF MB SHH	FFPE	0.991	True	True	False
GSM2941060	335	GBM, MES	MCF GBM	FFPE	1.0	True	True	False
GSM2941061	336	HGNET, BCOR	HGNET, BCOR	FFPE	0.997	True	True	False
GSM2941062	337	EPN, PF B	EPN, PF B	FFPE	0.995	True	True	False
GSM2941063	338	PXA	PXA	FFPE	1.0	True	False	False
GSM2941064	339	O IDH	MCF IDH GLM	FFPE	0.997	True	True	False
GSM2941065	340	GBM, RTK II	MCF GBM	FFPE	1.0	True	True	False
GSM2941066	341	A IDH	MCF IDH GLM	FFPE	0.978	True	True	False
GSM2941067	342	O IDH	MCF IDH GLM	FFPE	0.973	True	True	False
GSM2941068	343	SUBEPN, PF	SUBEPN, PF	FFPE	1.0	True	True	False
GSM2941069	344	O IDH	MCF IDH GLM	FFPE	0.999	True	True	False
GSM2941070	345	O IDH	MCF IDH GLM	FFPE	0.999	True	True	False
GSM2941071	346	GBM, RTK II	MCF GBM	FFPE	0.999	True	True	False
GSM2941072	347	GBM, MES	MCF GBM	FFPE	1.0	True	True	False
GSM2941073	348	O IDH	MCF IDH GLM	FFPE	0.99	True	True	False
GSM2941074	349	GBM, RTK I	MCF GBM	FFPE	0.999	True	True	False
GSM2941075	350	A IDH	MCF IDH GLM	FFPE	0.642	False	False	True
GSM2941076	351	GBM, MYCN	MCF GBM	FFPE	0.992	True	True	False
GSM2941077	352	GBM, MES	MCF GBM	FFPE	1.0	True	True	False
GSM2941078	353	GBM, RTK II	MCF GBM	FFPE	1.0	True	True	False
GSM2941079	354	LGG, PA MID	MCF PA	FFPE	0.996	True	False	False
GSM2941080	355	EPN, PF A	EPN, PF A	FFPE	0.95	True	True	False
GSM2941081	356	A IDH, HG	MCF IDH GLM	FFPE	0.91	True	True	False
GSM2941082	357	DMG, K27	DMG, K27	FFPE	1.0	True	True	False
GSM2941083	358	MB, SHH CHL AD	MCF MB SHH	FFPE	0.979	True	True	False
GSM2941084	359	EPN, RELA	EPN, RELA	FFPE	0.138	False	False	True
GSM2941085	360	GBM, MID	MCF GBM	FFPE	0.998	True	True	False
GSM2941086	361	GBM, RTK II	MCF GBM	FFPE	1.0	True	True	False
GSM2941087	362	PXA	PXA	FFPE	0.978	True	True	False
GSM2941088	363	PXA	PXA	FFPE	0.999	True	False	False
GSM2941089	364	MELAN	MELAN	FFPE	0.351	False	False	True
GSM2941090	365	IHG	IHG	FFPE	0.55	False	False	True
GSM2941091	366	O IDH	MCF IDH GLM	FFPE	0.998	True	True	False
GSM2941092	367	O IDH	MCF IDH GLM	FFPE	0.997	True	True	False
GSM2941093	368	A IDH	MCF IDH GLM	FFPE	0.999	True	True	False
GSM2941094	369	GBM, RTK II	MCF GBM	FFPE	0.959	True	False	False
GSM2941095	370	MB, SHH INF	MCF MB SHH	FFPE	0.999	True	True	False
GSM2941096	371	ETMR	ETMR	FFPE	0.999	True	True	False
GSM2941097	372	LGG, PA/GG ST	MCF PA	FFPE	0.978	True	False	False
GSM2941098	373	A IDH, HG	MCF IDH GLM	FFPE	0.992	True	True	False
GSM2941099	374	GBM, MES	MCF GBM	FFPE	0.999	True	False	False
GSM2941100	375	ANA PA	ANA PA	FFPE	0.982	True	False	False
GSM2941101	376	MNG	MNG	FFPE	1.0	True	True	False
GSM2941102	377	EPN, SPINE	EPN, SPINE	FFPE	1.0	True	True	False
GSM2941103	378	HGNET, MN1	HGNET, MN1	FFPE	1.0	True	False	False
GSM2941104	379	DLGNT	DLGNT	FFPE	0.767	False	False	True
GSM2941105	380	GBM, MID	MCF GBM	FFPE	0.949	True	False	False
GSM2941106	381	GBM, MES	MCF GBM	FFPE	0.614	False	False	True
GSM2941107	382	MB, SHH CHL AD	MCF MB SHH	FFPE	1.0	True	True	False
GSM2941108	383	GBM, RTK II	MCF GBM	FFPE	0.911	True	True	False
GSM2941109	384	DLGNT	DLGNT	FFPE	1.0	True	True	False
GSM2941110	385	GBM, RTK II	MCF GBM	FFPE	1.0	True	True	False
GSM2941111	386	LGG, PA/GG ST	MCF PA	FFPE	0.997	True	True	False
GSM2941112	387	A IDH	MCF IDH GLM	FFPE	0.997	True	True	False
GSM2941113	388	A IDH, HG	MCF IDH GLM	FFPE	1.0	True	True	False
GSM2941114	389	O IDH	MCF IDH GLM	FFPE	0.999	True	True	False
GSM2941115	390	GBM, RTK II	MCF GBM	FFPE	1.0	True	True	False
GSM2941116	391	GBM, RTK II	MCF GBM	FFPE	0.999	True	True	False
GSM2941117	392	GBM, RTK II	MCF GBM	FFPE	0.816	False	False	True
GSM2941118	393	A IDH	MCF IDH GLM	FFPE	0.995	True	True	False
GSM2941119	394	MB, G3	MCF MB G3G4	FFPE	1.0	True	True	False
GSM2941120	395	GBM, RTK II	MCF GBM	FFPE	0.999	True	True	False
GSM2941121	396	A IDH, HG	MCF IDH GLM	FFPE	0.749	False	False	True
GSM2941122	397	O IDH	MCF IDH GLM	FFPE	0.998	True	True	False
GSM2941123	398	A IDH	MCF IDH GLM	FFPE	0.999	True	True	False
GSM2941124	399	A IDH	MCF IDH GLM	FFPE	0.995	True	True	False
GSM2941125	400	LGG, DNT	LGG, DNT	FFPE	0.923	True	False	False
GSM2941126	401	GBM, RTK I	MCF GBM	FFPE	1.0	True	True	False
GSM2941127	402	A IDH, HG	MCF IDH GLM	FFPE	0.996	True	True	False
GSM2941128	403	GBM, MYCN	MCF GBM	FFPE	0.575	False	False	True
GSM2941129	404	MB, WNT	MB, WNT	FFPE	1.0	True	True	False
GSM2941130	405	MB, WNT	MB, WNT	FFPE	0.953	True	True	False
GSM2941131	406	GBM, RTK II	MCF GBM	FFPE	1.0	True	True	False
GSM2941132	407	GBM, RTK I	MCF GBM	FFPE	0.999	True	True	False
GSM2941133	408	PXA	PXA	FFPE	1.0	True	True	False
GSM2941134	409	PXA	PXA	FFPE	1.0	True	False	False
GSM2941135	410	PXA	PXA	FFPE	0.999	True	True	False
GSM2941136	411	A IDH	MCF IDH GLM	FFPE	0.995	True	True	False
GSM2941137	412	O IDH	MCF IDH GLM	FFPE	0.999	True	True	False
GSM2941138	413	A IDH	MCF IDH GLM	FFPE	0.997	True	True	False
GSM2941139	414	A IDH	MCF IDH GLM	FFPE	0.999	True	True	False
GSM2941140	415	GBM, RTK II	MCF GBM	FFPE	1.0	True	True	False
GSM2941141	416	EPN, MPE	EPN, MPE	FFPE	1.0	True	False	False
GSM2941142	417	EPN, MPE	EPN, MPE	FFPE	1.0	True	True	False
GSM2941143	418	GBM, RTK III	MCF GBM	FFPE	0.994	True	False	False
GSM2941144	419	EPN, PF A	EPN, PF A	FFPE	0.961	True	True	False
GSM2941146	421	EPN, MPE	EPN, MPE	FFPE	0.36	False	False	True
GSM2941147	422	MNG	MNG	FFPE	1.0	True	True	False
GSM2941148	423	LGG, PA/GG ST	MCF PA	FFPE	0.931	True	True	False
GSM2941149	424	MNG	MNG	FFPE	0.837	False	False	True
GSM2941150	425	GBM, MES	MCF GBM	FFPE	1.0	True	True	False
GSM2941151	426	MB, SHH CHL AD	MCF MB SHH	FFPE	1.0	True	True	False
GSM2941152	427	A IDH, HG	MCF IDH GLM	FFPE	0.999	True	True	False
GSM2941153	428	ANA PA	ANA PA	FFPE	1.0	True	True	False
GSM2941154	429	O IDH	MCF IDH GLM	FFPE	0.997	True	True	False
GSM2941155	430	LGG, GG	LGG, GG	FFPE	0.998	True	False	False
GSM2941156	431	GBM, MES	MCF GBM	FFPE	0.995	True	True	False
GSM2941157	432	MNG	MNG	FFPE	0.996	True	True	False
GSM2941158	433	GBM, RTK II	MCF GBM	FFPE	1.0	True	True	False
GSM2941159	434	MNG	MNG	FFPE	1.0	True	True	False
GSM2941160	435	MNG	MNG	FFPE	1.0	True	True	False
GSM2941161	436	MNG	MNG	FFPE	1.0	True	True	False
GSM2941162	437	MNG	MNG	FFPE	1.0	True	True	False
GSM2941163	438	A IDH	MCF IDH GLM	FFPE	0.997	True	False	False
GSM2941164	439	GBM, RTK I	MCF GBM	FFPE	0.999	True	True	False
GSM2941165	440	GBM, RTK I	MCF GBM	FFPE	1.0	True	True	False
GSM2941166	441	O IDH	MCF IDH GLM	FFPE	0.999	True	True	False
GSM2941167	442	GBM, RTK II	MCF GBM	FFPE	0.999	True	True	False
GSM2941168	443	ATRT, SHH	MCF ATRT	FFPE	1.0	True	True	False
GSM2941169	444	EPN, PF A	EPN, PF A	FFPE	0.989	True	True	False
GSM2941170	445	MB, WNT	MB, WNT	FFPE	1.0	True	True	False
GSM2941171	446	GBM, RTK II	MCF GBM	FFPE	0.995	True	True	False
GSM2941172	447	GBM, RTK II	MCF GBM	FFPE	0.999	True	True	False
GSM2941173	448	HGNET, BCOR	HGNET, BCOR	FFPE	0.998	True	True	False
GSM2941174	449	GBM, RTK III	MCF GBM	FFPE	0.998	True	True	False
GSM2941175	450	LGG, PA PF	MCF PA	FFPE	1.0	True	True	False
GSM2941176	451	GBM, MES	MCF GBM	FFPE	0.998	True	True	False
GSM2941177	452	A IDH	MCF IDH GLM	FFPE	0.997	True	True	False
GSM2941178	453	GBM, G34	GBM, G34	FFPE	1.0	True	False	False
GSM2941179	454	MB, G3	MCF MB G3G4	FFPE	1.0	True	True	False
GSM2941180	455	LGG, PA PF	MCF PA	FFPE	0.782	False	False	True
GSM2941181	456	DMG, K27	DMG, K27	FFPE	1.0	True	True	False
GSM2941182	457	EPN, RELA	EPN, RELA	FFPE	1.0	True	True	False
GSM2941183	458	LGG, PA PF	MCF PA	FFPE	0.999	True	True	False
GSM2941184	459	A IDH	MCF IDH GLM	FFPE	0.99	True	True	False
GSM2941185	460	MB, SHH CHL AD	MCF MB SHH	FFPE	0.999	True	True	False
GSM2941186	461	LGG, PA MID	MCF PA	FFPE	1.0	True	True	False
GSM2941187	462	GBM, RTK II	MCF GBM	FFPE	1.0	True	True	False
GSM2941188	463	ETMR	ETMR	FFPE	0.914	True	True	False
GSM2941189	464	MB, G4	MCF MB G3G4	FFPE	0.999	True	True	False
GSM2941190	465	MB, G4	MCF MB G3G4	FFPE	0.999	True	True	False
GSM2941191	466	PITAD, TSH	PITAD, TSH	FFPE	0.675	False	False	True
GSM2941192	467	GBM, RTK II	MCF GBM	FFPE	1.0	True	True	False
GSM2941193	468	GBM, MYCN	MCF GBM	FFPE	0.745	False	False	True
GSM2941194	469	PTPR, A	PTPR, A	FFPE	1.0	True	True	False
GSM2941195	470	LGG, PA PF	MCF PA	FFPE	0.979	True	True	False
GSM2941196	471	A IDH, HG	MCF IDH GLM	FFPE	0.991	True	True	False
GSM2941197	472	A IDH	MCF IDH GLM	FFPE	0.998	True	True	False
GSM2941198	473	EPN, RELA	EPN, RELA	FFPE	1.0	True	True	False
GSM2941199	474	LGG, PA PF	MCF PA	FFPE	1.0	True	True	False
GSM2941200	475	LGG, PA/GG ST	MCF PA	FFPE	1.0	True	True	False
GSM2941201	476	GBM, RTK I	MCF GBM	FFPE	1.0	True	True	False
GSM2941202	477	HMB	HMB	FFPE	1.0	True	True	False
GSM2941203	478	A IDH, HG	MCF IDH GLM	FFPE	0.999	True	True	False
GSM2941204	479	EPN, RELA	EPN, RELA	FFPE	0.667	False	False	True
GSM2941205	480	EPN, PF B	EPN, PF B	FFPE	0.996	True	True	False
GSM2941206	481	LGG, MYB	LGG, MYB	FFPE	1.0	True	False	False
GSM2941207	482	O IDH	MCF IDH GLM	FFPE	0.951	True	True	False
GSM2941208	483	LGG, PA MID	MCF PA	Frozen	1.0	True	True	False
GSM2941209	484	MB, G4	MCF MB G3G4	FFPE	0.999	True	True	False
GSM2941210	485	GBM, RTK II	MCF GBM	FFPE	0.969	True	True	False
GSM2941211	486	MB, G4	MCF MB G3G4	FFPE	1.0	True	True	False
GSM2941212	487	ANA PA	ANA PA	FFPE	0.258	False	False	True
GSM2941213	488	SFT HMPC	SFT HMPC	FFPE	1.0	True	True	False
GSM2941214	489	MB, G3	MCF MB G3G4	FFPE	0.942	True	True	False
GSM2941215	490	GBM, RTK II	MCF GBM	FFPE	1.0	True	True	False
GSM2941216	491	MB, SHH CHL AD	MCF MB SHH	FFPE	1.0	True	True	False
GSM2941217	492	ATRT, SHH	MCF ATRT	FFPE	0.226	False	False	True
GSM2941218	493	GBM, RTK I	MCF GBM	FFPE	0.997	True	True	False
GSM2941219	494	O IDH	MCF IDH GLM	FFPE	0.998	True	True	False
GSM2941220	495	LGG, PA/GG ST	MCF PA	FFPE	0.597	False	False	True
GSM2941221	496	LGG, PA MID	MCF PA	FFPE	1.0	True	True	False
GSM2941222	497	MNG	MNG	FFPE	1.0	True	True	False
GSM2941223	498	EPN, PF B	EPN, PF B	FFPE	1.0	True	True	False
GSM2941224	499	A IDH, HG	MCF IDH GLM	FFPE	1.0	True	True	False
GSM2941225	500	GBM, RTK II	MCF GBM	FFPE	1.0	True	True	False
GSM2941226	501	A IDH	MCF IDH GLM	FFPE	0.999	True	True	False
GSM2941227	502	MB, G4	MCF MB G3G4	FFPE	1.0	True	True	False
GSM2941228	503	MNG	MNG	FFPE	0.999	True	True	False
GSM2941229	504	MELAN	MELAN	FFPE	1.0	True	True	False
GSM2941230	505	EPN, MPE	EPN, MPE	FFPE	1.0	True	True	False
GSM2941231	506	MB, G4	MCF MB G3G4	FFPE	0.999	True	True	False
GSM2941232	507	ATRT, MYC	MCF ATRT	FFPE	0.938	True	True	False
GSM2941233	508	GBM, MYCN	MCF GBM	FFPE	0.619	False	False	True
GSM2941234	509	GBM, RTK II	MCF GBM	FFPE	1.0	True	True	False
GSM2941235	510	DMG, K27	DMG, K27	FFPE	0.516	False	False	True
GSM2941236	511	EPN, RELA	EPN, RELA	FFPE	0.365	False	False	True
GSM2941237	512	EPN, PF B	EPN, PF B	FFPE	1.0	True	True	False
GSM2941238	513	O IDH	MCF IDH GLM	FFPE	0.998	True	True	False
GSM2941239	514	GBM, MES	MCF GBM	FFPE	1.0	True	True	False
GSM2941240	515	MNG	MNG	FFPE	1.0	True	True	False
GSM2941241	516	MNG	MNG	FFPE	1.0	True	True	False
GSM2941242	517	LGG, PA PF	MCF PA	FFPE	0.997	True	True	False
GSM2941243	518	LGG, PA/GG ST	MCF PA	FFPE	0.977	True	True	False
GSM2941244	519	GBM, MES	MCF GBM	FFPE	0.999	True	False	False
GSM2941245	520	A IDH	MCF IDH GLM	FFPE	0.995	True	True	False
GSM2941246	521	DMG, K27	DMG, K27	FFPE	0.993	True	True	False
GSM2941247	522	A IDH, HG	MCF IDH GLM	FFPE	0.999	True	True	False
GSM2941248	523	O IDH	MCF IDH GLM	FFPE	0.982	True	True	False
GSM2941249	524	IHG	IHG	FFPE	1.0	True	False	False
GSM2941250	525	MB, SHH CHL AD	MCF MB SHH	FFPE	1.0	True	True	False
GSM2941251	526	MB, G3	MCF MB G3G4	FFPE	1.0	True	True	False
GSM2941252	527	MB, G4	MCF MB G3G4	FFPE	1.0	True	True	False
GSM2941253	528	O IDH	MCF IDH GLM	FFPE	0.999	True	True	False
GSM2941254	529	ATRT, SHH	MCF ATRT	FFPE	0.999	True	True	False
GSM2941255	530	SCHW	SCHW	FFPE	1.0	True	True	False
GSM2941256	531	IHG	IHG	FFPE	0.991	True	False	False
GSM2941257	532	GBM, MYCN	MCF GBM	FFPE	0.54	False	False	True
GSM2941258	533	GBM, MES	MCF GBM	FFPE	1.0	True	True	False
GSM2941259	534	A IDH	MCF IDH GLM	FFPE	0.988	True	True	False
GSM2941260	535	GBM, RTK II	MCF GBM	FFPE	0.822	False	False	True
GSM2941261	536	GBM, RTK II	MCF GBM	FFPE	1.0	True	True	False
GSM2941262	537	GBM, RTK II	MCF GBM	FFPE	1.0	True	True	False
GSM2941263	538	MNG	MNG	FFPE	0.921	True	True	False
GSM2941264	539	MNG	MNG	FFPE	0.954	True	True	False
GSM2941265	540	PXA	PXA	FFPE	0.986	True	False	False
GSM2941266	541	GBM, RTK II	MCF GBM	FFPE	1.0	True	True	False
GSM2941267	542	GBM, RTK II	MCF GBM	FFPE	0.998	True	True	False
GSM2941268	543	GBM, MES	MCF GBM	FFPE	0.994	True	True	False
GSM2941269	544	A IDH	MCF IDH GLM	FFPE	0.985	True	True	False
GSM2941270	545	GBM, RTK II	MCF GBM	FFPE	0.997	True	True	False
GSM2941271	546	A IDH	MCF IDH GLM	FFPE	0.998	True	True	False
GSM2941272	547	MB, G4	MCF MB G3G4	FFPE	0.998	True	True	False
GSM2941273	548	PXA	PXA	FFPE	1.0	True	True	False
GSM2941274	549	O IDH	MCF IDH GLM	FFPE	0.993	True	True	False
GSM2941275	550	GBM, MES	MCF GBM	FFPE	0.799	False	False	True
GSM2941276	551	MB, SHH CHL AD	MCF MB SHH	FFPE	0.973	True	True	False
GSM2941277	552	MNG	MNG	FFPE	0.999	True	True	False
GSM2941278	553	LGG, PA/GG ST	MCF PA	FFPE	1.0	True	True	False
GSM2941279	554	MB, WNT	MB, WNT	FFPE	1.0	True	True	False
GSM2941280	555	EPN, RELA	EPN, RELA	FFPE	0.522	False	False	True
GSM2941281	556	GBM, RTK II	MCF GBM	FFPE	1.0	True	True	False
GSM2941282	557	ANA PA	ANA PA	FFPE	0.955	True	False	False
GSM2941283	558	A IDH	MCF IDH GLM	FFPE	0.997	True	True	False
GSM2941284	559	GBM, MES	MCF GBM	FFPE	0.98	True	True	False
GSM2941285	560	A IDH, HG	MCF IDH GLM	FFPE	1.0	True	True	False
GSM2941286	561	LGG, PA MID	MCF PA	Frozen	1.0	True	True	False
GSM2941287	562	GBM, RTK II	MCF GBM	FFPE	1.0	True	True	False
GSM2941289	564	A IDH	MCF IDH GLM	FFPE	0.995	True	True	False
GSM2941290	565	GBM, RTK I	MCF GBM	FFPE	1.0	True	True	False
GSM2941291	566	A IDH	MCF IDH GLM	FFPE	0.997	True	True	False
GSM2941292	567	GBM, RTK II	MCF GBM	FFPE	0.998	True	True	False
GSM2941293	568	GBM, MES	MCF GBM	FFPE	0.955	True	False	False
GSM2941294	569	O IDH	MCF IDH GLM	FFPE	0.989	True	True	False
GSM2941295	570	O IDH	MCF IDH GLM	FFPE	0.999	True	True	False
GSM2941296	571	GBM, MES	MCF GBM	FFPE	0.909	True	True	False
GSM2941297	572	DMG, K27	DMG, K27	FFPE	0.999	True	True	False
GSM2941298	573	GBM, MES	MCF GBM	FFPE	1.0	True	True	False
GSM2941299	574	MNG	MNG	FFPE	1.0	True	True	False
GSM2941300	575	GBM, RTK I	MCF GBM	FFPE	1.0	True	True	False
GSM2941301	576	A IDH	MCF IDH GLM	FFPE	0.996	True	True	False
GSM2941302	577	GBM, MES	MCF GBM	FFPE	0.999	True	True	False
GSM2941303	578	MNG	MNG	FFPE	0.127	False	False	True
GSM2941304	579	O IDH	MCF IDH GLM	FFPE	0.995	True	True	False
GSM2941305	580	MB, G3	MCF MB G3G4	FFPE	1.0	True	True	False
GSM2941306	581	LGG, PA/GG ST	MCF PA	FFPE	1.0	True	True	False
GSM2941307	582	A IDH, HG	MCF IDH GLM	FFPE	0.992	True	True	False
GSM2941308	583	A IDH	MCF IDH GLM	FFPE	0.999	True	True	False
GSM2941309	584	MB, G4	MCF MB G3G4	FFPE	1.0	True	True	False
GSM2941310	585	GBM, G34	GBM, G34	FFPE	1.0	True	True	False
GSM2941311	586	DMG, K27	DMG, K27	FFPE	1.0	True	False	False
GSM2941312	587	MNG	MNG	FFPE	1.0	True	True	False
GSM2941313	588	HMB	HMB	FFPE	1.0	True	True	False
GSM2941314	589	MB, SHH INF	MCF MB SHH	FFPE	1.0	True	True	False
GSM2941315	590	EPN, SPINE	EPN, SPINE	FFPE	1.0	True	True	False
GSM2941316	591	LGG, DNT	LGG, DNT	FFPE	0.692	False	False	True
GSM2941317	592	MB, G4	MCF MB G3G4	FFPE	0.999	True	True	False
GSM2941318	593	A IDH	MCF IDH GLM	FFPE	0.995	True	True	False
GSM2941319	594	MB, G3	MCF MB G3G4	FFPE	1.0	True	True	False
GSM2941320	595	GBM, RTK II	MCF GBM	FFPE	0.571	False	False	True
GSM2941321	596	GBM, RTK III	MCF GBM	FFPE	1.0	True	True	False
GSM2941322	597	MB, SHH CHL AD	MCF MB SHH	FFPE	0.989	True	True	False
GSM2941323	598	MB, G4	MCF MB G3G4	FFPE	1.0	True	True	False
GSM2941324	599	ATRT, SHH	MCF ATRT	FFPE	0.992	True	False	False
GSM2941325	600	GBM, MES	MCF GBM	FFPE	0.962	True	True	False
GSM2941326	601	ANA PA	ANA PA	FFPE	0.723	False	False	True
GSM2941327	602	MB, G4	MCF MB G3G4	FFPE	0.997	True	True	False
GSM2941328	603	MB, G3	MCF MB G3G4	FFPE	1.0	True	True	False
GSM2941329	604	MB, G4	MCF MB G3G4	FFPE	1.0	True	True	False
GSM2941330	605	MB, SHH INF	MCF MB SHH	FFPE	1.0	True	True	False
GSM2941331	606	MB, G3	MCF MB G3G4	FFPE	1.0	True	True	False
GSM2941332	607	EPN, PF A	EPN, PF A	FFPE	0.999	True	True	False
GSM2941333	608	MB, SHH CHL AD	MCF MB SHH	FFPE	0.998	True	True	False
GSM2941334	609	EPN, RELA	EPN, RELA	FFPE	0.99	True	True	False
GSM2941335	610	GBM, RTK II	MCF GBM	FFPE	0.975	True	False	False
GSM2941336	611	GBM, RTK II	MCF GBM	FFPE	0.999	True	False	False
GSM2941337	612	CN	CN	FFPE	1.0	True	True	False
GSM2941338	613	GBM, MES	MCF GBM	FFPE	0.747	False	False	True
GSM2941339	614	LGG, PA/GG ST	MCF PA	FFPE	0.648	False	False	True
GSM2941340	615	EPN, PF A	EPN, PF A	FFPE	0.369	False	False	True
GSM2941341	616	LGG, PA PF	MCF PA	FFPE	1.0	True	False	False
GSM2941342	617	LGG, PA PF	MCF PA	FFPE	0.998	True	True	False
GSM2941343	618	A IDH	MCF IDH GLM	FFPE	0.81	False	False	True
GSM2941344	619	GBM, MES	MCF GBM	FFPE	0.606	False	False	True
GSM2941345	620	GBM, RTK II	MCF GBM	FFPE	0.999	True	False	False
GSM2941346	621	MB, G3	MCF MB G3G4	FFPE	0.998	True	True	False
GSM2941347	622	MB, SHH CHL AD	MCF MB SHH	FFPE	0.999	True	True	False
GSM2941348	623	HGNET, BCOR	HGNET, BCOR	FFPE	1.0	True	False	False
GSM2941349	624	A IDH	MCF IDH GLM	FFPE	0.988	True	True	False
GSM2941350	625	A IDH	MCF IDH GLM	FFPE	0.998	True	True	False
GSM2941351	626	MB, SHH CHL AD	MCF MB SHH	FFPE	0.999	True	True	False
GSM2941352	627	EPN, PF A	EPN, PF A	FFPE	0.999	True	True	False
GSM2941353	628	LGG, RGNT	LGG, RGNT	FFPE	1.0	True	False	False
GSM2941354	629	EPN, PF A	EPN, PF A	FFPE	0.997	True	True	False
GSM2941355	630	EPN, RELA	EPN, RELA	FFPE	1.0	True	True	False
GSM2941356	631	MB, G4	MCF MB G3G4	FFPE	1.0	True	True	False
GSM2941357	632	DMG, K27	DMG, K27	FFPE	0.976	True	True	False
GSM2941358	633	LGG, PA MID	MCF PA	FFPE	0.99	True	True	False
GSM2941359	634	MB, SHH CHL AD	MCF MB SHH	FFPE	1.0	True	True	False
GSM2941360	635	A IDH, HG	MCF IDH GLM	FFPE	0.998	True	True	False
GSM2941361	636	LGG, DNT	LGG, DNT	FFPE	0.552	False	False	True
GSM2941362	637	MNG	MNG	FFPE	0.995	True	False	False
GSM2941363	638	GBM, RTK II	MCF GBM	FFPE	0.998	True	True	False
GSM2941364	639	HGNET, MN1	HGNET, MN1	FFPE	0.068	False	False	True
GSM2941365	640	GBM, RTK I	MCF GBM	FFPE	0.998	True	True	False
GSM2941366	641	DMG, K27	DMG, K27	FFPE	1.0	True	False	False
GSM2941367	642	MB, G4	MCF MB G3G4	FFPE	0.999	True	True	False
GSM2941368	643	GBM, MYCN	MCF GBM	FFPE	1.0	True	True	False
GSM2941369	644	HGNET, MN1	HGNET, MN1	FFPE	0.408	False	False	True
GSM2941370	645	CNS NB, FOXR2	CNS NB, FOXR2	FFPE	0.998	True	True	False
GSM2941371	646	GBM, RTK II	MCF GBM	FFPE	1.0	True	True	False
GSM2941372	647	GBM, MES	MCF GBM	FFPE	1.0	True	True	False
GSM2941373	648	GBM, RTK II	MCF GBM	FFPE	0.998	True	False	False
GSM2941374	649	A IDH	MCF IDH GLM	FFPE	0.988	True	True	False
GSM2941375	650	MB, G4	MCF MB G3G4	FFPE	1.0	True	True	False
GSM2941376	651	LGG, MYB	LGG, MYB	FFPE	1.0	True	False	False
GSM2941377	652	LGG, PA/GG ST	MCF PA	FFPE	0.999	True	True	False
GSM2941378	653	EPN, MPE	EPN, MPE	FFPE	1.0	True	False	False
GSM2941379	654	EPN, PF A	EPN, PF A	FFPE	0.772	False	False	True
GSM2941380	655	PIN T, PB B	PIN T, PB B	FFPE	0.337	False	False	True
GSM2941381	656	A IDH	MCF IDH GLM	FFPE	0.993	True	True	False
GSM2941382	657	MB, G3	MCF MB G3G4	FFPE	1.0	True	True	False
GSM2941383	658	DLGNT	DLGNT	FFPE	0.948	True	False	False
GSM2941384	659	A IDH	MCF IDH GLM	FFPE	0.997	True	True	False
GSM2941385	660	GBM, MES	MCF GBM	FFPE	1.0	True	True	False
GSM2941386	661	GBM, MES	MCF GBM	FFPE	0.999	True	True	False
GSM2941387	662	O IDH	MCF IDH GLM	FFPE	0.996	True	True	False
GSM2941388	663	EPN, RELA	EPN, RELA	FFPE	0.133	False	False	True
GSM2941389	664	O IDH	MCF IDH GLM	FFPE	0.999	True	True	False
GSM2941390	665	LGG, GG	LGG, GG	FFPE	0.998	True	False	False
GSM2941391	666	DMG, K27	DMG, K27	FFPE	1.0	True	True	False
GSM2941392	667	MB, WNT	MB, WNT	FFPE	0.496	False	False	True
GSM2941393	668	PXA	PXA	FFPE	0.816	False	False	True
GSM2941394	669	MB, G4	MCF MB G3G4	FFPE	0.999	True	True	False
GSM2941395	670	MB, G4	MCF MB G3G4	FFPE	0.997	True	True	False
GSM2941396	671	EWS	EWS	FFPE	0.09	False	False	True
GSM2941397	672	LGG, PA PF	MCF PA	FFPE	1.0	True	True	False
GSM2941398	673	GBM, RTK III	MCF GBM	FFPE	0.949	True	True	False
GSM2941399	674	EPN, PF A	EPN, PF A	FFPE	1.0	True	True	False
GSM2941400	675	ATRT, TYR	MCF ATRT	FFPE	1.0	True	True	False
GSM2941401	676	GBM, MES	MCF GBM	FFPE	0.992	True	False	False
GSM2941402	677	GBM, RTK II	MCF GBM	FFPE	0.535	False	False	True
GSM2941403	678	EPN, MPE	EPN, MPE	FFPE	1.0	True	True	False
GSM2941404	679	LGG, PA PF	MCF PA	FFPE	1.0	True	False	False
GSM2941405	680	A IDH	MCF IDH GLM	FFPE	0.994	True	True	False
GSM2941406	681	GBM, RTK II	MCF GBM	FFPE	0.999	True	False	False
GSM2941407	682	GBM, RTK I	MCF GBM	FFPE	1.0	True	True	False
GSM2941408	683	EPN, PF B	EPN, PF B	FFPE	0.451	False	False	True
GSM2941409	684	MB, G4	MCF MB G3G4	FFPE	0.969	True	True	False
GSM2941410	685	MB, G4	MCF MB G3G4	FFPE	1.0	True	True	False
GSM2941411	686	GBM, G34	GBM, G34	FFPE	1.0	True	True	False
GSM2941412	687	MB, G3	MCF MB G3G4	FFPE	1.0	True	True	False
GSM2941413	688	LGG, PA/GG ST	MCF PA	FFPE	1.0	True	True	False
GSM2941414	689	GBM, RTK III	MCF GBM	FFPE	0.64	False	False	True
GSM2941415	690	LGG, DNT	LGG, DNT	FFPE	0.959	True	True	False
GSM2941416	691	MB, WNT	MB, WNT	FFPE	0.122	False	False	True
GSM2941417	692	DMG, K27	DMG, K27	Frozen	0.997	True	True	False
GSM2941418	693	GBM, MES	MCF GBM	FFPE	1.0	True	True	False
GSM2941419	694	MB, G3	MCF MB G3G4	FFPE	1.0	True	True	False
GSM2941420	695	DMG, K27	DMG, K27	FFPE	1.0	True	True	False
GSM2941421	696	A IDH	MCF IDH GLM	FFPE	0.982	True	True	False
GSM2941422	697	GBM, MES	MCF GBM	FFPE	1.0	True	True	False
GSM2941423	698	SFT HMPC	SFT HMPC	FFPE	1.0	True	True	False
GSM2941424	699	GBM, MYCN	MCF GBM	FFPE	0.44	False	False	True
GSM2941425	700	MNG	MNG	FFPE	1.0	True	True	False
GSM2941426	701	LGG, PA PF	MCF PA	FFPE	1.0	True	True	False
GSM2941427	702	GBM, RTK I	MCF GBM	FFPE	0.999	True	True	False
GSM2941428	703	MB, SHH CHL AD	MCF MB SHH	FFPE	1.0	True	True	False
GSM2941429	704	MB, SHH INF	MCF MB SHH	FFPE	0.577	False	False	True
GSM2941430	705	GBM, G34	GBM, G34	FFPE	1.0	True	True	False
GSM2941431	706	MB, WNT	MB, WNT	FFPE	1.0	True	True	False
GSM2941432	707	MB, G4	MCF MB G3G4	FFPE	1.0	True	True	False
GSM2941433	708	MB, SHH CHL AD	MCF MB SHH	FFPE	0.999	True	True	False
GSM2941434	709	LGG, PA PF	MCF PA	FFPE	0.573	False	False	True
GSM2941435	710	MB, G4	MCF MB G3G4	FFPE	0.999	True	True	False
GSM2941436	711	GBM, MES	MCF GBM	FFPE	1.0	True	True	False
GSM2941437	712	A IDH	MCF IDH GLM	FFPE	0.995	True	True	False
GSM2941438	713	EPN, MPE	EPN, MPE	FFPE	1.0	True	False	False
GSM2941439	714	GBM, MES	MCF GBM	FFPE	0.998	True	True	False
GSM2941440	715	A IDH	MCF IDH GLM	FFPE	0.996	True	True	False
GSM2941441	716	A IDH	MCF IDH GLM	FFPE	0.999	True	True	False
GSM2941442	717	LGG, PA/GG ST	MCF PA	FFPE	0.995	True	False	False
GSM2941443	718	DMG, K27	DMG, K27	FFPE	0.934	True	True	False
GSM2941444	719	LGG, DNT	LGG, DNT	FFPE	0.999	True	False	False
GSM2941445	720	MNG	MNG	FFPE	1.0	True	True	False
GSM2941446	721	ETMR	ETMR	FFPE	0.989	True	True	False
GSM2941447	722	GBM, RTK II	MCF GBM	FFPE	0.999	True	True	False
GSM2941448	723	ATRT, MYC	MCF ATRT	FFPE	0.992	True	True	False
GSM2941449	724	EPN, SPINE	EPN, SPINE	FFPE	0.158	False	False	True
GSM2941450	725	GBM, MES	MCF GBM	FFPE	0.956	True	True	False
GSM2941451	726	O IDH	MCF IDH GLM	FFPE	0.998	True	True	False
GSM2941452	727	A IDH	MCF IDH GLM	FFPE	0.997	True	True	False
GSM2941453	728	PLEX, PED B	MCF PLEX T	FFPE	0.514	False	False	True
GSM2941454	729	DMG, K27	DMG, K27	FFPE	1.0	True	True	False
GSM2941455	730	EPN, PF A	EPN, PF A	FFPE	0.988	True	True	False
GSM2941456	731	MNG	MNG	FFPE	0.074	False	False	True
GSM2941457	732	GBM, MYCN	MCF GBM	FFPE	0.793	False	False	True
GSM2941458	733	MNG	MNG	FFPE	1.0	True	True	False
GSM2941459	734	GBM, MES	MCF GBM	FFPE	1.0	True	True	False
GSM2941460	735	GBM, RTK II	MCF GBM	FFPE	1.0	True	True	False
GSM2941461	736	O IDH	MCF IDH GLM	FFPE	0.99	True	True	False
GSM2941462	737	GBM, RTK III	MCF GBM	FFPE	0.999	True	False	False
GSM2941463	738	GBM, MID	MCF GBM	FFPE	0.968	True	True	False
GSM2941464	739	A IDH	MCF IDH GLM	FFPE	0.997	True	True	False
GSM2941465	740	LGG, DNT	LGG, DNT	FFPE	0.943	True	True	False
GSM2941466	741	MB, SHH INF	MCF MB SHH	FFPE	0.997	True	True	False
GSM2941467	742	PXA	PXA	FFPE	1.0	True	True	False
GSM2941468	743	GBM, MES	MCF GBM	FFPE	1.0	True	True	False
GSM2941469	744	GBM, G34	GBM, G34	FFPE	1.0	True	True	False
GSM2941470	745	A IDH	MCF IDH GLM	FFPE	0.999	True	True	False
GSM2941471	746	A IDH	MCF IDH GLM	FFPE	0.995	True	True	False
GSM2941472	747	A IDH, HG	MCF IDH GLM	FFPE	1.0	True	True	False
GSM2941473	748	GBM, G34	GBM, G34	FFPE	1.0	True	True	False
GSM2941474	749	A IDH	MCF IDH GLM	FFPE	0.994	True	True	False
GSM2941475	750	GBM, RTK I	MCF GBM	FFPE	1.0	True	True	False
GSM2941476	751	LGG, SEGA	LGG, SEGA	FFPE	0.97	True	False	False
GSM2941477	752	LGG, PA PF	MCF PA	FFPE	0.988	True	False	False
GSM2941478	753	GBM, MYCN	MCF GBM	FFPE	0.957	True	True	False
GSM2941479	754	MNG	MNG	FFPE	0.38	False	False	True
GSM2941480	755	GBM, RTK II	MCF GBM	FFPE	1.0	True	True	False
GSM2941481	756	GBM, RTK II	MCF GBM	FFPE	0.824	False	False	True
GSM2941482	757	ANA PA	ANA PA	FFPE	0.474	False	False	True
GSM2941483	758	EPN, PF A	EPN, PF A	FFPE	0.992	True	True	False
GSM2941484	759	GBM, G34	GBM, G34	FFPE	1.0	True	False	False
GSM2941485	760	MB, SHH CHL AD	MCF MB SHH	FFPE	1.0	True	True	False
GSM2941486	761	PXA	PXA	FFPE	1.0	True	False	False
GSM2941487	762	GBM, MID	MCF GBM	FFPE	0.946	True	False	False
GSM2941488	763	GBM, MES	MCF GBM	FFPE	0.996	True	True	False
GSM2941489	764	GBM, RTK II	MCF GBM	FFPE	0.999	True	True	False
GSM2941490	765	A IDH	MCF IDH GLM	FFPE	0.998	True	True	False
GSM2941491	766	GBM, MID	MCF GBM	FFPE	0.603	False	False	True
GSM2941492	767	PXA	PXA	FFPE	0.688	False	False	True
GSM2941493	768	GBM, MES	MCF GBM	FFPE	0.925	True	False	False
GSM2941494	769	A IDH	MCF IDH GLM	FFPE	0.997	True	True	False
GSM2941495	770	MB, SHH CHL AD	MCF MB SHH	FFPE	1.0	True	True	False
GSM2941496	771	GBM, MYCN	MCF GBM	FFPE	0.939	True	False	False
GSM2941497	772	LGG, GG	LGG, GG	FFPE	1.0	True	False	False
GSM2941498	773	MB, G3	MCF MB G3G4	FFPE	0.994	True	False	False
GSM2941499	774	SCHW	SCHW	FFPE	0.917	True	True	False
GSM2941500	775	GBM, RTK II	MCF GBM	FFPE	0.999	True	True	False
GSM2941501	776	O IDH	MCF IDH GLM	FFPE	1.0	True	True	False
GSM2941502	777	MB, WNT	MB, WNT	FFPE	1.0	True	True	False
GSM2941503	778	ETMR	ETMR	FFPE	0.999	True	True	False
GSM2941504	779	LGG, PA MID	MCF PA	FFPE	1.0	True	True	False
GSM2941505	780	LGG, PA MID	MCF PA	FFPE	1.0	True	True	False
GSM2941506	781	GBM, G34	GBM, G34	FFPE	0.999	True	True	False
GSM2941507	782	EPN, PF A	EPN, PF A	FFPE	0.999	True	True	False
GSM2941508	783	O IDH	MCF IDH GLM	FFPE	0.999	True	True	False
GSM2941509	784	MB, SHH CHL AD	MCF MB SHH	FFPE	0.951	True	True	False
GSM2941510	785	GBM, MES	MCF GBM	FFPE	1.0	True	True	False
GSM2941511	786	GBM, RTK II	MCF GBM	FFPE	1.0	True	True	False
GSM2941512	787	EPN, PF A	EPN, PF A	FFPE	0.422	False	False	True
GSM2941513	788	O IDH	MCF IDH GLM	FFPE	1.0	True	True	False
GSM2941514	789	MB, G4	MCF MB G3G4	FFPE	1.0	True	True	False
GSM2941515	790	EPN, PF A	EPN, PF A	FFPE	0.999	True	True	False
GSM2941516	791	LGG, PA PF	MCF PA	FFPE	1.0	True	True	False
GSM2941517	792	LGG, MYB	LGG, MYB	FFPE	0.998	True	False	False
GSM2941518	793	A IDH	MCF IDH GLM	FFPE	0.999	True	True	False
GSM2941519	794	O IDH	MCF IDH GLM	FFPE	1.0	True	True	False
GSM2941520	795	MB, WNT	MB, WNT	FFPE	1.0	True	True	False
GSM2941522	797	ANA PA	ANA PA	FFPE	0.998	True	True	False
GSM2941523	798	EPN, PF B	EPN, PF B	FFPE	0.427	False	False	True
GSM2941524	799	MNG	MNG	FFPE	0.999	True	True	False
GSM2941525	800	GBM, RTK II	MCF GBM	FFPE	0.999	True	True	False
GSM2941526	801	EPN, PF A	EPN, PF A	FFPE	0.984	True	True	False
GSM2941527	802	A IDH, HG	MCF IDH GLM	FFPE	0.999	True	True	False
GSM2941528	803	GBM, MES	MCF GBM	FFPE	0.74	False	False	True
GSM2941529	804	SCHW, MEL	SCHW, MEL	FFPE	0.5	False	False	True
GSM2941530	805	EPN, RELA	EPN, RELA	FFPE	1.0	True	True	False
GSM2941531	806	A IDH	MCF IDH GLM	FFPE	0.993	True	True	False
GSM2941532	807	GBM, RTK II	MCF GBM	FFPE	0.997	True	True	False
GSM2941533	808	GBM, RTK I	MCF GBM	FFPE	0.998	True	False	False
GSM2941534	809	EPN, RELA	EPN, RELA	FFPE	1.0	True	True	False
GSM2941535	810	ATRT, TYR	MCF ATRT	FFPE	1.0	True	True	False
GSM2941536	811	DMG, K27	DMG, K27	FFPE	1.0	True	True	False
GSM2941537	812	GBM, RTK II	MCF GBM	FFPE	1.0	True	True	False
GSM2941538	813	GBM, MYCN	MCF GBM	FFPE	0.848	False	False	True
GSM2941539	814	O IDH	MCF IDH GLM	FFPE	1.0	True	True	False
GSM2941540	815	LGG, PA PF	MCF PA	FFPE	0.96	True	False	False
GSM2941542	817	MB, SHH CHL AD	MCF MB SHH	FFPE	1.0	True	True	False
GSM2941543	818	O IDH	MCF IDH GLM	FFPE	0.998	True	True	False
GSM2941544	819	CNS NB, FOXR2	CNS NB, FOXR2	FFPE	0.993	True	True	False
GSM2941545	820	CHORDM	CHORDM	FFPE	1.0	True	True	False
GSM2941546	821	GBM, MES	MCF GBM	FFPE	0.544	False	False	True
GSM2941547	822	LGG, PA/GG ST	MCF PA	FFPE	0.985	True	False	False
GSM2941548	823	MB, G3	MCF MB G3G4	FFPE	0.999	True	True	False
GSM2941549	824	A IDH	MCF IDH GLM	FFPE	1.0	True	True	False
GSM2941550	825	MB, SHH CHL AD	MCF MB SHH	FFPE	0.996	True	False	False
GSM2941551	826	PXA	PXA	FFPE	1.0	True	True	False
GSM2941552	827	PXA	PXA	FFPE	0.998	True	False	False
GSM2941553	828	A IDH, HG	MCF IDH GLM	FFPE	1.0	True	True	False
GSM2941554	829	O IDH	MCF IDH GLM	FFPE	1.0	True	True	False
GSM2941555	830	A IDH	MCF IDH GLM	FFPE	1.0	True	True	False
GSM2941556	831	O IDH	MCF IDH GLM	FFPE	1.0	True	True	False
GSM2941557	832	EPN, PF A	EPN, PF A	FFPE	0.959	True	True	False
GSM2941558	833	GBM, RTK II	MCF GBM	FFPE	1.0	True	True	False
GSM2941559	834	O IDH	MCF IDH GLM	FFPE	0.998	True	True	False
GSM2941560	835	ANA PA	ANA PA	FFPE	0.908	True	False	False
GSM2941561	836	GBM, RTK I	MCF GBM	FFPE	1.0	True	False	False
GSM2941562	837	GBM, G34	GBM, G34	FFPE	1.0	True	True	False
GSM2941563	838	A IDH, HG	MCF IDH GLM	FFPE	0.963	True	True	False
GSM2941564	839	MB, G3	MCF MB G3G4	FFPE	1.0	True	True	False
GSM2941565	840	MB, G3	MCF MB G3G4	FFPE	0.993	True	True	False
GSM2941566	841	GBM, MES	MCF GBM	FFPE	1.0	True	True	False
GSM2941567	842	GBM, RTK II	MCF GBM	FFPE	0.998	True	True	False
GSM2941568	843	GBM, MID	MCF GBM	FFPE	0.571	False	False	True
GSM2941569	844	GBM, RTK II	MCF GBM	FFPE	0.999	True	True	False
GSM2941570	845	DMG, K27	DMG, K27	FFPE	1.0	True	True	False
GSM2941571	846	LGG, PA MID	MCF PA	FFPE	1.0	True	False	False
GSM2941572	847	GBM, G34	GBM, G34	FFPE	1.0	True	True	False
GSM2941573	848	MELAN	MELAN	FFPE	1.0	True	True	False
GSM2941574	849	SCHW	SCHW	FFPE	0.985	True	True	False
GSM2941575	850	O IDH	MCF IDH GLM	FFPE	1.0	True	True	False
GSM2941576	851	MNG	MNG	FFPE	1.0	True	True	False
GSM2941577	852	MNG	MNG	FFPE	1.0	True	True	False
GSM2941578	853	SCHW	SCHW	FFPE	1.0	True	True	False
GSM2941579	854	DMG, K27	DMG, K27	FFPE	0.495	False	False	True
GSM2941580	855	SCHW, MEL	SCHW, MEL	FFPE	0.995	True	True	False
GSM2941581	856	O IDH	MCF IDH GLM	FFPE	0.999	True	True	False
GSM2941582	857	A IDH	MCF IDH GLM	FFPE	0.95	True	True	False
GSM2941583	858	O IDH	MCF IDH GLM	FFPE	0.996	True	True	False
GSM2941584	859	A IDH, HG	MCF IDH GLM	FFPE	0.999	True	True	False
GSM2941585	860	A IDH	MCF IDH GLM	FFPE	0.998	True	True	False
GSM2941586	861	MB, G4	MCF MB G3G4	FFPE	0.991	True	True	False
GSM2941587	862	GBM, RTK II	MCF GBM	FFPE	0.999	True	True	False
GSM2941588	863	GBM, MID	MCF GBM	FFPE	0.37	False	False	True
GSM2941589	864	GBM, RTK II	MCF GBM	FFPE	1.0	True	True	False
GSM2941590	865	MNG	MNG	FFPE	0.999	True	True	False
GSM2941591	866	GBM, RTK II	MCF GBM	FFPE	1.0	True	True	False
GSM2941592	867	LGG, DNT	LGG, DNT	FFPE	0.412	False	False	True
GSM2941593	868	O IDH	MCF IDH GLM	FFPE	0.999	True	True	False
GSM2941594	869	GBM, RTK II	MCF GBM	FFPE	0.999	True	True	False
GSM2941595	870	GBM, MES	MCF GBM	FFPE	1.0	True	True	False
GSM2941596	871	ANA PA	ANA PA	FFPE	0.453	False	False	True
GSM2941597	872	A IDH	MCF IDH GLM	FFPE	0.997	True	True	False
GSM2941598	873	MNG	MNG	FFPE	0.052	False	False	True
GSM2941599	874	A IDH, HG	MCF IDH GLM	FFPE	0.996	True	True	False
GSM2941600	875	LGG, PA PF	MCF PA	FFPE	0.741	False	False	True
GSM2941601	876	GBM, RTK I	MCF GBM	FFPE	0.931	True	True	False
GSM2941602	877	GBM, RTK I	MCF GBM	FFPE	1.0	True	True	False
GSM2941603	878	MB, SHH INF	MCF MB SHH	Frozen	0.97	True	True	False
GSM2941604	879	GBM, MES	MCF GBM	FFPE	0.912	True	True	False
GSM2941605	880	GBM, RTK II	MCF GBM	FFPE	0.971	True	True	False
GSM2941606	881	ANA PA	ANA PA	FFPE	0.98	True	True	False
GSM2941607	882	MB, SHH CHL AD	MCF MB SHH	FFPE	0.995	True	True	False
GSM2941608	883	GBM, MES	MCF GBM	FFPE	0.992	True	True	False
GSM2941609	884	GBM, MES	MCF GBM	FFPE	1.0	True	True	False
GSM2941610	885	O IDH	MCF IDH GLM	FFPE	0.998	True	True	False
GSM2941611	886	MB, SHH CHL AD	MCF MB SHH	FFPE	1.0	True	True	False
GSM2941612	887	O IDH	MCF IDH GLM	FFPE	1.0	True	True	False
GSM2941613	888	GBM, RTK II	MCF GBM	FFPE	1.0	True	True	False
GSM2941614	889	ANA PA	ANA PA	FFPE	1.0	True	False	False
GSM2941615	890	GBM, RTK I	MCF GBM	FFPE	1.0	True	True	False
GSM2941616	891	GBM, RTK II	MCF GBM	FFPE	1.0	True	True	False
GSM2941617	892	GBM, MES	MCF GBM	FFPE	1.0	True	True	False
GSM2941618	893	GBM, RTK I	MCF GBM	FFPE	0.98	True	True	False
GSM2941619	894	ANA PA	ANA PA	FFPE	1.0	True	False	False
GSM2941620	895	GBM, MID	MCF GBM	FFPE	0.949	True	True	False
GSM2941621	896	GBM, RTK I	MCF GBM	FFPE	0.999	True	True	False
GSM2941622	897	GBM, MID	MCF GBM	FFPE	0.995	True	True	False
GSM2941623	898	MNG	MNG	FFPE	1.0	True	True	False
GSM2941624	899	O IDH	MCF IDH GLM	FFPE	0.998	True	True	False
GSM2941625	900	GBM, MES	MCF GBM	FFPE	0.996	True	True	False
GSM2941626	901	A IDH	MCF IDH GLM	FFPE	0.998	True	True	False
GSM2941627	902	O IDH	MCF IDH GLM	FFPE	0.98	True	True	False
GSM2941628	903	ANA PA	ANA PA	FFPE	0.806	False	False	True
GSM2941629	904	DLGNT	DLGNT	FFPE	0.987	True	True	False
GSM2941630	905	EPN, PF A	EPN, PF A	FFPE	0.993	True	True	False
GSM2941631	906	ETMR	ETMR	FFPE	0.307	False	False	True
GSM2941632	907	GBM, MID	MCF GBM	Frozen	0.95	True	False	False
GSM2941633	908	GBM, RTK I	MCF GBM	FFPE	1.0	True	True	False
GSM2941634	909	PITAD, FSH LH	PITAD, FSH LH	FFPE	1.0	True	True	False
GSM2941635	910	LGG, PA PF	MCF PA	FFPE	1.0	True	False	False
GSM2941636	911	EPN, PF A	EPN, PF A	FFPE	0.938	True	True	False
GSM2941637	912	GBM, RTK II	MCF GBM	FFPE	1.0	True	True	False
GSM2941638	913	HGNET, MN1	HGNET, MN1	FFPE	0.447	False	False	True
GSM2941639	914	A IDH	MCF IDH GLM	FFPE	0.996	True	True	False
GSM2941640	915	GBM, RTK II	MCF GBM	FFPE	0.997	True	False	False
GSM2941641	916	A IDH	MCF IDH GLM	FFPE	0.995	True	True	False
GSM2941642	917	EPN, RELA	EPN, RELA	FFPE	1.0	True	False	False
GSM2941643	918	EPN, MPE	EPN, MPE	FFPE	1.0	True	False	False
GSM2941644	919	MB, SHH CHL AD	MCF MB SHH	FFPE	0.121	False	False	True
GSM2941645	920	GBM, MES	MCF GBM	FFPE	0.954	True	True	False
GSM2941646	921	ETMR	ETMR	FFPE	0.999	True	True	False
GSM2941647	922	O IDH	MCF IDH GLM	FFPE	0.998	True	True	False
GSM2941648	923	GBM, RTK II	MCF GBM	FFPE	1.0	True	True	False
GSM2941649	924	MNG	MNG	FFPE	1.0	True	True	False
GSM2941650	925	PLEX, PED A	MCF PLEX T	FFPE	1.0	True	True	False
GSM2941651	926	GBM, MES	MCF GBM	FFPE	0.998	True	True	False
GSM2941652	927	A IDH, HG	MCF IDH GLM	FFPE	0.999	True	True	False
GSM2941653	928	GBM, RTK II	MCF GBM	FFPE	1.0	True	True	False
GSM2941654	929	GBM, MES	MCF GBM	FFPE	0.786	False	False	True
GSM2941655	930	LGG, PA/GG ST	MCF PA	FFPE	0.998	True	True	False
GSM2941656	931	MNG	MNG	FFPE	0.997	True	True	False
GSM2941657	932	GBM, RTK II	MCF GBM	FFPE	1.0	True	True	False
GSM2941658	933	GBM, RTK II	MCF GBM	FFPE	0.999	True	True	False
GSM2941659	934	MNG	MNG	FFPE	1.0	True	True	False
GSM2941660	935	GBM, RTK III	MCF GBM	FFPE	0.999	True	True	False
GSM2941661	936	O IDH	MCF IDH GLM	FFPE	0.998	True	True	False
GSM2941662	937	GBM, RTK III	MCF GBM	FFPE	1.0	True	True	False
GSM2941663	938	GBM, MES	MCF GBM	FFPE	1.0	True	True	False
GSM2941664	939	O IDH	MCF IDH GLM	FFPE	0.998	True	True	False
GSM2941665	940	A IDH	MCF IDH GLM	FFPE	0.996	True	True	False
GSM2941666	941	A IDH	MCF IDH GLM	FFPE	0.998	True	True	False
GSM2941667	942	A IDH, HG	MCF IDH GLM	FFPE	0.998	True	True	False
GSM2941668	943	GBM, RTK III	MCF GBM	FFPE	1.0	True	True	False
GSM2941669	944	MNG	MNG	FFPE	1.0	True	True	False
GSM2941670	945	GBM, MID	MCF GBM	FFPE	0.943	True	False	False
GSM2941671	946	DMG, K27	DMG, K27	FFPE	1.0	True	True	False
GSM2941672	947	GBM, RTK II	MCF GBM	FFPE	1.0	True	True	False
GSM2941673	948	A IDH	MCF IDH GLM	FFPE	0.996	True	True	False
GSM2941674	949	A IDH	MCF IDH GLM	FFPE	0.997	True	True	False
GSM2941675	950	MNG	MNG	FFPE	0.992	True	True	False
GSM2941676	951	EPN, SPINE	EPN, SPINE	FFPE	1.0	True	True	False
GSM2941677	952	PLEX, AD	MCF PLEX T	FFPE	1.0	True	True	False
GSM2941678	953	EPN, MPE	EPN, MPE	FFPE	1.0	True	True	False
GSM2941679	954	EPN, SPINE	EPN, SPINE	FFPE	1.0	True	True	False
GSM2941680	955	EPN, SPINE	EPN, SPINE	FFPE	1.0	True	True	False
GSM2941681	956	MNG	MNG	FFPE	0.999	True	True	False
GSM2941682	957	MNG	MNG	FFPE	0.997	True	True	False
GSM2941683	958	MNG	MNG	FFPE	1.0	True	True	False
GSM2941684	959	EPN, MPE	EPN, MPE	FFPE	1.0	True	False	False
GSM2941685	960	LYMPHO	LYMPHO	FFPE	0.512	False	False	True
GSM2941686	961	A IDH	MCF IDH GLM	FFPE	0.999	True	True	False
GSM2941687	962	GBM, RTK II	MCF GBM	FFPE	0.998	True	True	False
GSM2941688	963	GBM, RTK II	MCF GBM	FFPE	1.0	True	False	False
GSM2941689	964	LGG, PA PF	MCF PA	FFPE	0.969	True	False	False
GSM2941690	965	O IDH	MCF IDH GLM	FFPE	0.982	True	True	False
GSM2941691	966	O IDH	MCF IDH GLM	FFPE	0.999	True	True	False
GSM2941692	967	LGG, PA PF	MCF PA	FFPE	0.991	True	False	False
GSM2941693	968	MELAN	MELAN	FFPE	1.0	True	True	False
GSM2941694	969	SCHW	SCHW	FFPE	1.0	True	True	False
GSM2941695	970	GBM, MES	MCF GBM	FFPE	0.921	True	True	False
GSM2941696	971	GBM, RTK II	MCF GBM	FFPE	0.999	True	True	False
GSM2941697	972	GBM, MES	MCF GBM	FFPE	1.0	True	True	False
GSM2941698	973	GBM, MES	MCF GBM	FFPE	0.996	True	True	False
GSM2941699	974	LGG, PA PF	MCF PA	FFPE	0.999	True	False	False
GSM2941700	975	GBM, RTK II	MCF GBM	FFPE	0.996	True	True	False
GSM2941701	976	GBM, MES	MCF GBM	FFPE	0.948	True	True	False
GSM2941702	977	GBM, RTK II	MCF GBM	FFPE	1.0	True	False	False
GSM2941703	978	GBM, MYCN	MCF GBM	FFPE	1.0	True	False	False
GSM2941704	979	GBM, RTK II	MCF GBM	FFPE	0.998	True	True	False
GSM2941705	980	DMG, K27	DMG, K27	FFPE	1.0	True	True	False
GSM2941706	981	A IDH	MCF IDH GLM	FFPE	0.999	True	True	False
GSM2941707	982	GBM, MYCN	MCF GBM	FFPE	1.0	True	False	False
GSM2941708	983	A IDH	MCF IDH GLM	FFPE	0.998	True	True	False
GSM2941709	984	DMG, K27	DMG, K27	FFPE	1.0	True	True	False
GSM2941710	985	GBM, RTK II	MCF GBM	FFPE	1.0	True	True	False
GSM2941711	986	MB, G4	MCF MB G3G4	FFPE	1.0	True	True	False
GSM2941712	987	GBM, MES	MCF GBM	FFPE	1.0	True	True	False
GSM2941713	988	EPN, PF A	EPN, PF A	FFPE	0.998	True	True	False
GSM2941714	989	LGG, DNT	LGG, DNT	FFPE	0.972	True	False	False
GSM2941715	990	MB, SHH CHL AD	MCF MB SHH	FFPE	1.0	True	True	False
GSM2941716	991	DMG, K27	DMG, K27	FFPE	1.0	True	True	False
GSM2941717	992	GBM, MES	MCF GBM	FFPE	0.999	True	True	False
GSM2941718	993	EPN, PF A	EPN, PF A	FFPE	0.999	True	True	False
GSM2941719	994	GBM, RTK II	MCF GBM	FFPE	0.999	True	False	False
GSM2941720	995	O IDH	MCF IDH GLM	FFPE	0.976	True	True	False
GSM2941721	996	A IDH	MCF IDH GLM	FFPE	0.98	True	True	False
GSM2941722	997	GBM, RTK II	MCF GBM	FFPE	0.999	True	False	False
GSM2941723	998	EPN, PF B	EPN, PF B	FFPE	1.0	True	True	False
GSM2941724	999	MB, G4	MCF MB G3G4	FFPE	0.992	True	True	False
GSM2941725	1000	GBM, MID	MCF GBM	FFPE	0.843	False	False	True
GSM2941726	1001	GBM, RTK II	MCF GBM	FFPE	0.999	True	False	False
GSM2941727	1002	A IDH	MCF IDH GLM	FFPE	0.993	True	True	False
GSM2941728	1003	GBM, RTK I	MCF GBM	FFPE	0.999	True	False	False
GSM2941729	1004	MNG	MNG	FFPE	0.995	True	True	False
GSM2941730	1005	GBM, RTK I	MCF GBM	FFPE	0.863	False	False	True
GSM2941731	1006	GBM, MES	MCF GBM	FFPE	0.948	True	True	False
GSM2941732	1007	GBM, MES	MCF GBM	FFPE	1.0	True	True	False
GSM2941733	1008	GBM, RTK II	MCF GBM	FFPE	0.997	True	True	False
GSM2941734	1009	O IDH	MCF IDH GLM	FFPE	0.995	True	True	False
GSM2941735	1010	ANA PA	ANA PA	FFPE	0.771	False	False	True
GSM2941736	1011	A IDH, HG	MCF IDH GLM	FFPE	0.998	True	True	False
GSM2941737	1012	A IDH	MCF IDH GLM	FFPE	0.997	True	True	False
GSM2941738	1013	GBM, MES	MCF GBM	FFPE	0.999	True	True	False
GSM2941739	1014	DMG, K27	DMG, K27	FFPE	0.995	True	False	False
GSM2941740	1015	LGG, PA/GG ST	MCF PA	FFPE	1.0	True	True	False
GSM2941741	1016	GBM, RTK II	MCF GBM	FFPE	0.956	True	True	False
GSM2941742	1017	EPN, PF A	EPN, PF A	Frozen	0.998	True	True	False
GSM2941743	1018	A IDH, HG	MCF IDH GLM	Frozen	0.997	True	True	False
GSM2941744	1019	O IDH	MCF IDH GLM	FFPE	0.929	True	True	False
GSM2941745	1020	ANA PA	ANA PA	FFPE	0.848	False	False	True
GSM2941746	1021	GBM, MES	MCF GBM	FFPE	0.999	True	True	False
GSM2941747	1022	EPN, RELA	EPN, RELA	FFPE	1.0	True	True	False
GSM2941748	1023	A IDH	MCF IDH GLM	FFPE	0.992	True	True	False
GSM2941749	1024	A IDH	MCF IDH GLM	FFPE	0.996	True	True	False
GSM2941750	1025	GBM, RTK II	MCF GBM	FFPE	1.0	True	True	False
GSM2941751	1026	DMG, K27	DMG, K27	FFPE	1.0	True	True	False
GSM2941752	1027	A IDH	MCF IDH GLM	FFPE	0.998	True	True	False
GSM2941753	1028	GBM, MES	MCF GBM	FFPE	0.993	True	True	False
GSM2941754	1029	GBM, MES	MCF GBM	FFPE	1.0	True	True	False
GSM2941755	1030	MB, SHH CHL AD	MCF MB SHH	FFPE	0.999	True	True	False
GSM2941756	1031	GBM, RTK II	MCF GBM	FFPE	0.999	True	True	False
GSM2941757	1032	GBM, MES	MCF GBM	FFPE	1.0	True	True	False
GSM2941758	1033	GBM, RTK II	MCF GBM	FFPE	0.999	True	True	False
GSM2941759	1034	GBM, RTK II	MCF GBM	FFPE	0.552	False	False	True
GSM2941760	1035	SUBEPN, SPINE	SUBEPN, SPINE	FFPE	0.721	False	False	True
GSM2941761	1036	GBM, MES	MCF GBM	FFPE	0.997	True	True	False
GSM2941762	1037	A IDH, HG	MCF IDH GLM	FFPE	1.0	True	True	False
GSM2941763	1038	MB, SHH CHL AD	MCF MB SHH	FFPE	1.0	True	True	False
GSM2941764	1039	LGG, PA MID	MCF PA	FFPE	0.924	True	True	False
GSM2941765	1040	MNG	MNG	FFPE	1.0	True	True	False
GSM2941766	1041	EPN, RELA	EPN, RELA	FFPE	1.0	True	True	False
GSM2941767	1042	LGG, PA/GG ST	MCF PA	FFPE	1.0	True	True	False
GSM2941768	1043	GBM, RTK II	MCF GBM	FFPE	1.0	True	True	False
GSM2941769	1044	PXA	PXA	FFPE	0.505	False	False	True
GSM2941770	1045	GBM, RTK I	MCF GBM	FFPE	1.0	True	True	False
GSM2941771	1046	GBM, RTK II	MCF GBM	FFPE	0.967	True	True	False
GSM2941772	1047	A IDH, HG	MCF IDH GLM	FFPE	0.977	True	True	False
GSM2941773	1048	GBM, MES	MCF GBM	FFPE	0.992	True	True	False
GSM2941774	1049	A IDH	MCF IDH GLM	FFPE	0.996	True	True	False
GSM2941775	1050	LGG, PA/GG ST	MCF PA	FFPE	0.989	True	True	False
GSM2941776	1051	SUBEPN, PF	SUBEPN, PF	FFPE	1.0	True	True	False
GSM2941777	1052	SUBEPN, PF	SUBEPN, PF	FFPE	0.984	True	False	False
GSM2941778	1053	LGG, PA PF	MCF PA	FFPE	0.695	False	False	True
GSM2941779	1054	A IDH, HG	MCF IDH GLM	FFPE	1.0	True	True	False
GSM2941780	1055	MB, G4	MCF MB G3G4	FFPE	0.997	True	True	False
GSM2941781	1056	GBM, RTK II	MCF GBM	FFPE	1.0	True	True	False
GSM2941782	1057	O IDH	MCF IDH GLM	FFPE	0.995	True	True	False
GSM2941783	1058	GBM, MID	MCF GBM	FFPE	0.975	True	True	False
GSM2941784	1059	GBM, RTK II	MCF GBM	FFPE	1.0	True	True	False
GSM2941785	1060	MB, SHH CHL AD	MCF MB SHH	FFPE	0.992	True	False	False
GSM2941786	1061	GBM, RTK I	MCF GBM	FFPE	0.999	True	True	False
GSM2941787	1062	EPN, PF A	EPN, PF A	FFPE	0.999	True	True	False
GSM2941788	1063	A IDH	MCF IDH GLM	FFPE	0.996	True	True	False
GSM2941789	1064	MB, SHH CHL AD	MCF MB SHH	FFPE	1.0	True	True	False
GSM2941790	1065	GBM, MES	MCF GBM	FFPE	1.0	True	True	False
GSM2941791	1066	A IDH	MCF IDH GLM	FFPE	0.999	True	True	False
GSM2941792	1067	A IDH	MCF IDH GLM	FFPE	0.993	True	True	False
GSM2941793	1068	SCHW	SCHW	FFPE	1.0	True	True	False
GSM2941794	1069	GBM, MID	MCF GBM	FFPE	1.0	True	False	False
GSM2941795	1070	LGG, PA MID	MCF PA	FFPE	0.999	True	True	False
GSM2941796	1071	GBM, RTK II	MCF GBM	FFPE	1.0	True	True	False
GSM2941797	1072	LGG, PA PF	MCF PA	FFPE	0.393	False	False	True
GSM2941798	1073	EPN, RELA	EPN, RELA	FFPE	1.0	True	True	False
GSM2941799	1074	GBM, MES	MCF GBM	FFPE	0.999	True	True	False
GSM2941800	1075	A IDH	MCF IDH GLM	FFPE	0.997	True	True	False
GSM2941801	1076	A IDH	MCF IDH GLM	FFPE	0.998	True	True	False
GSM2941802	1077	GBM, RTK I	MCF GBM	FFPE	0.997	True	True	False
GSM2941803	1078	O IDH	MCF IDH GLM	FFPE	1.0	True	True	False
GSM2941804	1079	MB, G3	MCF MB G3G4	FFPE	0.873	False	False	True
GSM2941805	1080	A IDH	MCF IDH GLM	FFPE	0.994	True	True	False
GSM2941806	1081	PITUI	PITUI	FFPE	1.0	True	True	False
GSM2941807	1082	GBM, RTK I	MCF GBM	FFPE	0.999	True	True	False
GSM2941808	1083	DMG, K27	DMG, K27	FFPE	1.0	True	True	False
GSM2941809	1084	MNG	MNG	FFPE	1.0	True	True	False
GSM2941810	1085	MNG	MNG	FFPE	1.0	True	True	False
GSM2941811	1086	MNG	MNG	FFPE	1.0	True	True	False
GSM2941812	1087	GBM, MID	MCF GBM	FFPE	0.999	True	False	False
GSM2941813	1088	GBM, MES	MCF GBM	FFPE	1.0	True	False	False
GSM2941815	1090	MB, SHH INF	MCF MB SHH	FFPE	0.964	True	True	False
GSM2941816	1091	GBM, RTK II	MCF GBM	FFPE	1.0	True	True	False
GSM2941817	1092	GBM, MES	MCF GBM	FFPE	1.0	True	True	False
GSM2941818	1093	GBM, MID	MCF GBM	FFPE	0.979	True	False	False
GSM2941819	1094	GBM, MES	MCF GBM	FFPE	1.0	True	True	False
GSM2941820	1095	GBM, G34	GBM, G34	FFPE	1.0	True	True	False
GSM2941821	1096	O IDH	MCF IDH GLM	FFPE	0.999	True	True	False
GSM2941822	1097	O IDH	MCF IDH GLM	FFPE	0.999	True	True	False
GSM2941823	1098	MB, SHH CHL AD	MCF MB SHH	FFPE	1.0	True	True	False
GSM2941824	1099	MELCYT	MELCYT	FFPE	1.0	True	False	False
GSM2941825	1100	EPN, PF A	EPN, PF A	FFPE	0.999	True	True	False
GSM2941826	1101	DMG, K27	DMG, K27	FFPE	0.988	True	True	False
GSM2941827	1102	MB, SHH CHL AD	MCF MB SHH	FFPE	1.0	True	True	False
GSM2941828	1103	MNG	MNG	FFPE	0.998	True	True	False
