network	outer	masked	setting	epoch	macro_f1_mean_over_levels	macro_f1_at_0.001	macro_f1_at_0.01	macro_f1_at_0.1	macro_f1_at_1	dropout	lr
masked	0	True	s001	150	0.78535	0.33389	0.89537	0.95257	0.95954	0.20000	0.00100
masked	1	True	s001	150	0.78665	0.33595	0.89539	0.95786	0.95737	0.20000	0.00100
masked	2	True	s001	150	0.79096	0.36831	0.87989	0.95199	0.96367	0.20000	0.00100
masked	3	True	s001	150	0.79094	0.34053	0.89984	0.96103	0.96235	0.20000	0.00100
masked	4	True	s001	150	0.79400	0.34403	0.90316	0.96129	0.96753	0.20000	0.00100
plain	0	False	s000	60	0.68242	0.02892	0.76349	0.96540	0.97186	0.20000	0.00100
plain	1	False	s000	50	0.68246	0.02550	0.76082	0.97282	0.97069	0.20000	0.00100
plain	2	False	s000	60	0.67856	0.01660	0.76835	0.96038	0.96890	0.20000	0.00100
plain	3	False	s000	60	0.69173	0.02205	0.80095	0.97041	0.97351	0.20000	0.00100
plain	4	False	s000	60	0.68783	0.02860	0.77770	0.97250	0.97251	0.20000	0.00100
