mc_class	n_before	n_after	n_dropped
CONTR, CEBM	8	8	0
DLGNT	8	8	0
LGG, DIG/DIA	8	8	0
PITAD, PRL	8	8	0
PLASMA	8	8	0
PTPR, A	8	8	0
SCHW, MEL	8	8	0
PIN T, PB A	9	8	1
CHORDM	9	9	0
CONTR, ADENOPIT	9	9	0
CONTR, HYPTHAL	9	9	0
CONTR, WM	9	9	0
LGG, RGNT	9	9	0
PITAD, STH DNS A	9	9	0
SUBEPN, SPINE	9	9	0
IHG	10	10	0
LIPN	10	10	0
PITAD, TSH	10	10	0
EPN, YAP	11	10	1
CONTR, PONS	12	10	2
CONTR, PINEAL	12	11	1
CHGL	12	12	0
MELAN	12	12	0
PITAD, STH DNS B	12	12	0
PLEX, PED A	15	12	3
CONTR, HEMI	13	13	0
EFT, CIC	13	13	0
GBM, RTK III	13	13	0
LYMPHO	13	13	0
GBM, MID	14	13	1
EWS	14	14	0
MELCYT	15	15	0
ENB, B	16	16	0
GBM, MYCN	16	16	0
SFT HMPC	16	16	0
PITAD, STH SPA	17	17	0
PITAD, ACTH	18	18	0
PGG, nC	19	19	0
PIN T, PPT	19	19	0
RETB	19	19	0
SUBEPN, ST	19	19	0
CPH, PAP	20	19	1
PIN T, PB B	22	20	2
ANA PA	21	21	0
CN	21	21	0
HGNET, MN1	21	21	0
LGG, GG	21	21	0
LGG, SEGA	21	21	0
PITAD, FSH LH	21	21	0
LGG, MYB	22	22	0
PLEX, AD	22	22	0
PTPR, B	22	22	0
CONTR, REACT	23	23	0
ENB, A	23	23	0
HGNET, BCOR	23	23	0
SCHW	23	23	0
CONTR, INFLAM	24	24	0
LGG, PA/GG ST	24	24	0
CPH, ADM	25	24	1
HMB	25	25	0
PITUI	29	26	3
EPN, SPINE	27	27	0
EPN, MPE	28	28	0
ATRT, MYC	29	29	0
PLEX, PED B	46	36	10
ATRT, TYR	37	37	0
SUBEPN, PF	37	37	0
LGG, PA MID	38	38	0
CNS NB, FOXR2	39	39	0
MB, WNT	39	39	0
GBM, G34	41	41	0
ETMR	43	43	0
LGG, DNT	44	44	0
PXA	44	44	0
A IDH, HG	46	45	1
ATRT, SHH	46	46	0
EPN, PF B	51	50	1
MB, SHH INF	52	52	0
GBM, MES	56	55	1
GBM, RTK I	64	62	2
EPN, RELA	70	68	2
MB, G3	77	77	0
A IDH	78	77	1
DMG, K27	78	78	0
O IDH	80	80	0
MB, SHH CHL AD	84	84	0
MNG	90	90	0
EPN, PF A	91	91	0
LGG, PA PF	114	114	0
MB, G4	138	138	0
GBM, RTK II	143	143	0
