geo_accession	frac_detected	keep
GSM2402854	0.983382844220589	True
GSM2402855	0.983921467852187	True
GSM2402856	0.93287968340443	True
GSM2402857	0.972429459834507	True
GSM2402858	0.978806599167395	True
GSM2402859	0.972086138664748	True
GSM2402860	0.980286786246595	True
GSM2402861	0.987959089273783	True
GSM2402862	0.983752890990389	True
GSM2402863	0.974976615099964	True
GSM2402864	0.976314950917408	True
GSM2402865	0.98429768206815	True
GSM2402866	0.983123811481729	True
GSM2402867	0.966072878655497	True
GSM2402868	0.992198180603382	True
GSM2402869	0.994510972914632	True
GSM2402870	0.97568381559336	True
GSM2402871	0.985348203731305	True
GSM2402872	0.995612889962481	True
GSM2402873	0.995454592177622	True
GSM2402874	0.988466875674564	True
GSM2402875	0.985157012900242	True
GSM2402876	0.993668088605643	True
GSM2402877	0.825699748162615	True
GSM2402878	0.992399650511384	True
GSM2402879	0.990629593462507	True
GSM2402880	0.993933288790667	True
GSM2402881	0.994786452176595	True
GSM2402882	0.99294032995837	True
GSM2402883	0.991252505525004	True
GSM2402884	0.994256051806548	True
GSM2402885	0.995096880300149	True
GSM2402886	0.995514210823868	True
GSM2402887	0.99551215500848	True
GSM2402888	0.994681605591818	True
GSM2402889	0.990740607493447	True
GSM2402890	0.99610422984016	True
GSM2402891	0.994948861592229	True
GSM2402892	0.990584365523976	True
GSM2402893	0.99521611759264	True
GSM2402894	0.995427866577581	True
GSM2402895	0.994885131315208	True
GSM2402896	0.990670709770263	True
GSM2402897	0.993542683866989	True
GSM2402898	0.993483065220743	True
GSM2402899	0.994323893714344	True
GSM2402900	0.994932415069127	True
GSM2402901	0.995886313409056	True
GSM2402902	0.996001439070771	True
GSM2402903	0.994839903376677	True
GSM2402904	0.994533586883898	True
GSM2402905	0.995189391992599	True
GSM2402906	0.994062805160097	True
GSM2402907	0.993867502698258	True
GSM2402908	0.993450172174539	True
GSM2402909	0.9960302204862	True
GSM2402910	0.99294032995837	True
GSM2402911	0.991908310633705	True
GSM2402912	0.994307447191242	True
GSM2402913	0.992971167189186	True
GSM2402914	0.99462404276096	True
GSM2402915	0.991994654879992	True
GSM2402916	0.991869250141337	True
GSM2402917	0.995355913039009	True
GSM2402918	0.994517140360796	True
GSM2402919	0.995758852855014	True
GSM2402920	0.994572647376266	True
GSM2402921	0.994712442822634	True
GSM2402922	0.9962152438711	True
GSM2402923	0.995341522331295	True
GSM2402924	0.9962152438711	True
GSM2402925	0.996209076424937	True
GSM2402926	0.994408182145243	True
GSM2402927	0.995082489592435	True
GSM2402928	0.995495708485378	True
GSM2402929	0.996365318394408	True
GSM2402930	0.996482499871511	True
GSM2402931	0.994391735622141	True
GSM2402932	0.995968546024567	True
GSM2402933	0.994192321529527	True
GSM2402934	0.993787325898134	True
GSM2402935	0.992640180911754	True
GSM2402936	0.990609035308629	True
GSM2402937	0.990882458755204	True
GSM2402938	0.994052526083158	True
GSM2402939	0.99466104743794	True
GSM2402940	0.995894536670607	True
GSM2402941	0.994428740299121	True
GSM2402942	0.994691884668757	True
GSM2402943	0.991328570694352	True
GSM2402944	0.995347689777458	True
GSM2402945	0.995832862208974	True
GSM2402946	0.994648712545613	True
GSM2402947	0.995029038392352	True
GSM2402948	0.995053708177006	True
GSM2402949	0.993668088605643	True
GSM2402950	0.995357968854397	True
GSM2402951	0.995043429100067	True
GSM2402952	0.995133884977129	True
GSM2402953	0.995705401654931	True
GSM2402954	0.995214061777252	True
GSM2402955	0.993912730636789	True
GSM2402956	0.994751503315002	True
GSM2402957	0.994798787068921	True
GSM2402958	0.9941799866372	True
GSM2402959	0.994658991622552	True
GSM2402960	0.994478079868428	True
GSM2402961	0.995651950454849	True
GSM2402962	0.989926504599887	True
GSM2402963	0.994987922084597	True
GSM2402964	0.988814308475099	True
GSM2402965	0.994484247314591	True
GSM2402966	0.994541810145449	True
GSM2402967	0.988440150074523	True
GSM2402968	0.994508917099244	True
GSM2402969	0.994042247006219	True
GSM2402970	0.995600555070155	True
GSM2402971	0.995117438454027	True
GSM2402972	0.994737112607288	True
GSM2402973	0.995664285347176	True
GSM2402974	0.980342293262065	True
GSM2402975	0.993746209590379	True
GSM2402976	0.992915660173716	True
GSM2402977	0.994965308115331	True
GSM2402978	0.994728889345737	True
GSM2402979	0.994214935498792	True
GSM2402980	0.99575268540885	True
GSM2402981	0.995621113224032	True
GSM2402982	0.993004060235391	True
GSM2402983	0.993187027804903	True
GSM2402984	0.984215449452639	True
GSM2402985	0.995590275993216	True
GSM2402986	0.995454592177622	True
GSM2402987	0.995769131931952	True
GSM2402988	0.995355913039009	True
GSM2402989	0.986213702009559	True
GSM2402990	0.993875725959809	True
GSM2402991	0.995431978208357	True
GSM2402992	0.994669270699491	True
GSM2402993	0.995008480238475	True
GSM2402994	0.993372051189803	True
GSM2402995	0.995055763992393	True
GSM2402996	0.994525363622347	True
GSM2402997	0.989437220537596	True
GSM2402998	0.993859279436707	True
GSM2402999	0.993271316235802	True
GSM2403000	0.993522125713111	True
GSM2403001	0.992054273526237	True
GSM2403002	0.994617875314797	True
GSM2403003	0.990516523616179	True
GSM2403004	0.993298041835843	True
GSM2403005	0.993663976974868	True
GSM2403006	0.993367939559028	True
GSM2403007	0.994009353960014	True
GSM2403008	0.995177057100272	True
GSM2403009	0.992543557588529	True
GSM2403010	0.992677185588734	True
GSM2403011	0.993645474636378	True
GSM2403012	0.993962070206096	True
GSM2403013	0.994685717222593	True
GSM2403014	0.994811121961248	True
GSM2403015	0.995485429408439	True
GSM2403016	0.995166778023334	True
GSM2403017	0.992806701958164	True
GSM2403018	0.993964126021483	True
GSM2403019	0.995183224546436	True
GSM2403020	0.995098936115537	True
GSM2403021	0.995563550393175	True
GSM2403022	0.994893354576759	True
GSM2403023	0.99338438608213	True
GSM2403024	0.995152387315619	True
GSM2403025	0.990547360846996	True
GSM2403026	0.991486868479211	True
GSM2403027	0.994227270391119	True
GSM2403028	0.990814616847407	True
GSM2403029	0.924545407822378	True
GSM2403030	0.966391530040602	True
GSM2403031	0.971866166418256	True
GSM2403032	0.992897157835226	True
GSM2403033	0.993723595621113	True
GSM2403034	0.994473968237652	True
GSM2403035	0.993834609652053	True
GSM2403036	0.989607853214781	True
GSM2403037	0.993750321221154	True
GSM2403038	0.983389011666752	True
GSM2403039	0.991745901218071	True
GSM2403040	0.990267769954258	True
GSM2403041	0.990452793339158	True
GSM2403042	0.988999331859999	True
GSM2403043	0.993740042144215	True
GSM2403044	0.994122423806342	True
GSM2403045	0.990019016292337	True
GSM2403046	0.993205530143393	True
GSM2403047	0.94760137739631	True
GSM2403048	0.990204039677237	True
GSM2403049	0.991164105463329	True
GSM2403050	0.993503623374621	True
GSM2403051	0.994151205221771	True
GSM2403052	0.994578814822429	True
GSM2403053	0.99501259186925	True
GSM2403054	0.982729094927276	True
GSM2403055	0.991314179986637	True
GSM2403056	0.995004368607699	True
GSM2403057	0.994042247006219	True
GSM2403058	0.994504805468469	True
GSM2403059	0.992691576296449	True
GSM2403060	0.987591098319371	True
GSM2403061	0.994083363313974	True
GSM2403062	0.994044302821607	True
GSM2403063	0.993840777098217	True
GSM2403064	0.987149098010999	True
GSM2403065	0.992502441280773	True
GSM2403066	0.994132702883281	True
GSM2403067	0.984795189391993	True
GSM2403068	0.991301845094311	True
GSM2403069	0.9896551369687	True
GSM2403070	0.992870432235185	True
GSM2403071	0.981487382433058	True
GSM2403072	0.991203165955697	True
GSM2403073	0.991106542632472	True
GSM2403074	0.981941717633756	True
GSM2403075	0.982371383049802	True
GSM2403076	0.992171455003341	True
GSM2403077	0.987942642750681	True
GSM2403078	0.990539137585445	True
GSM2403079	0.988129721950969	True
GSM2403080	0.989061006321632	True
GSM2403081	0.990752942385774	True
GSM2403082	0.993207585958781	True
GSM2403083	0.994081307498587	True
GSM2403084	0.993164413835638	True
GSM2403085	0.993024618389269	True
GSM2403086	0.993189083620291	True
GSM2403087	0.9889150434291	True
GSM2403088	0.980566377139333	True
GSM2403089	0.988777303798119	True
GSM2403090	0.988125610320193	True
GSM2403091	0.992522999434651	True
GSM2403092	0.989418718199106	True
GSM2403093	0.993450172174539	True
GSM2403094	0.993651642082541	True
GSM2403095	0.988450429151462	True
GSM2403096	0.993219920851108	True
GSM2403097	0.991036644909287	True
GSM2403098	0.990407565400627	True
GSM2403099	0.990907128539857	True
GSM2403100	0.989496839183841	True
GSM2403101	0.991281286940433	True
GSM2403102	0.989850439430539	True
GSM2403103	0.988740299121139	True
GSM2403104	0.993419334943722	True
GSM2403105	0.988958215552243	True
GSM2403106	0.985654520224084	True
GSM2403107	0.985533227116205	True
GSM2403108	0.976518476640798	True
GSM2403109	0.982729094927276	True
GSM2403110	0.986618697640952	True
GSM2403111	0.987928252042967	True
GSM2403112	0.973533432697744	True
GSM2403113	0.985218687361875	True
GSM2403114	0.945814873824331	True
GSM2403115	0.978800431721231	True
GSM2403116	0.981234517140361	True
GSM2403117	0.984772575422727	True
GSM2403118	0.979762553322712	True
GSM2403119	0.958340956982063	True
GSM2403120	0.875140052423292	True
GSM2403121	0.814933442976821	True
GSM2403122	0.93206558051087	True
GSM2403123	0.878324510458961	True
GSM2403124	0.667270391118878	False
GSM2403125	0.88757773551935	True
GSM2403126	0.937215398057255	True
GSM2403127	0.931006835586164	True
GSM2403128	0.938222747597266	True
GSM2403129	0.992831371742818	True
GSM2403130	0.991780850079663	True
GSM2403131	0.99106131469394	True
GSM2403132	0.982457727296089	True
GSM2403133	0.991692450017988	True
GSM2403134	0.991231947371126	True
GSM2403135	0.991698617464152	True
GSM2403136	0.989523564783882	True
GSM2403137	0.989523564783882	True
GSM2403138	0.985804594747392	True
GSM2403139	0.991386133525209	True
GSM2403140	0.993407000051395	True
GSM2403141	0.992023436295421	True
GSM2403142	0.988479210566891	True
GSM2403143	0.992782032173511	True
GSM2403144	0.990066300046256	True
GSM2403145	0.994247828544997	True
GSM2403146	0.993962070206096	True
GSM2403147	0.993481009405355	True
GSM2403148	0.993997019067688	True
GSM2403149	0.994348563498998	True
GSM2403150	0.995156498946395	True
GSM2403151	0.995006424423087	True
GSM2403152	0.99480906614586	True
GSM2403153	0.994780284730431	True
GSM2403154	0.995000256976924	True
GSM2403155	0.995913039009097	True
GSM2403156	0.996167960117181	True
GSM2403157	0.995257233900396	True
GSM2403158	0.994408182145243	True
GSM2403159	0.995750629593462	True
GSM2403160	0.995528601531583	True
GSM2403161	0.994626098576348	True
GSM2403162	0.994547977591612	True
GSM2403163	0.995950043686077	True
GSM2403164	0.993400832605232	True
GSM2403165	0.99488307549982	True
GSM2403166	0.995168833838721	True
GSM2403167	0.994969419746107	True
GSM2403168	0.995773243562728	True
GSM2403169	0.99480906614586	True
GSM2403170	0.995756797039626	True
GSM2403171	0.993816107313563	True
GSM2403172	0.99484607082284	True
GSM2403173	0.994486303129979	True
GSM2403174	0.992798478696613	True
GSM2403175	0.995454592177622	True
GSM2403176	0.995201726884926	True
GSM2403177	0.99464254509945	True
GSM2403178	0.990748830754998	True
GSM2403179	0.995156498946395	True
GSM2403180	0.995246954823457	True
GSM2403181	0.995427866577581	True
GSM2403182	0.99558616436244	True
GSM2403183	0.992979390450738	True
GSM2403184	0.994387623991366	True
GSM2403185	0.994336228606671	True
GSM2403186	0.995785578455055	True
GSM2403187	0.995362080485172	True
GSM2403188	0.990253379246544	True
GSM2403189	0.99041373284679	True
GSM2403190	0.989992290692296	True
GSM2403191	0.993224032481883	True
GSM2403192	0.991955594387624	True
GSM2403193	0.994311558822018	True
GSM2403194	0.994952973223005	True
GSM2403195	0.994188209898751	True
GSM2403196	0.993324767435884	True
GSM2403197	0.995501875931541	True
GSM2403198	0.99456853574549	True
GSM2403199	0.994823456853575	True
GSM2403200	0.98673176748728	True
GSM2403201	0.992091278203217	True
GSM2403202	0.991112710078635	True
GSM2403203	0.99504959654623	True
GSM2403204	0.992747083311919	True
GSM2403205	0.994463689160713	True
GSM2403206	0.993491288482294	True
GSM2403207	0.993799660790461	True
GSM2403208	0.994342396052834	True
GSM2403209	0.994821401038187	True
GSM2403210	0.9951051035617	True
GSM2403211	0.985588734131675	True
GSM2403212	0.993232255743434	True
GSM2403213	0.974359870483631	True
GSM2403214	0.989938839492214	True
GSM2403215	0.995047540730842	True
GSM2403216	0.993258981343475	True
GSM2403217	0.993684535128745	True
GSM2403218	0.994239605283446	True
GSM2403219	0.988725908413424	True
GSM2403220	0.988123554504805	True
GSM2403221	0.987831628719741	True
GSM2403222	0.99336588374364	True
GSM2403223	0.992105668910932	True
GSM2403224	0.990769388908876	True
GSM2403225	0.992769697281184	True
GSM2403226	0.94634321837899	True
GSM2403227	0.954362954206712	True
GSM2403228	0.919105720306317	True
GSM2403229	0.993404944236008	True
GSM2403230	0.99371742817495	True
GSM2403231	0.988703294444159	True
GSM2403232	0.99314385568176	True
GSM2403233	0.992944441589145	True
GSM2403234	0.993793493344298	True
GSM2403235	0.992580562265509	True
GSM2403236	0.992724469342653	True
GSM2403237	0.987144986380223	True
GSM2403238	0.994506861283857	True
GSM2403239	0.993836665467441	True
GSM2403240	0.99425399599116	True
GSM2403241	0.97795960322763	True
GSM2403242	0.954169707560261	True
GSM2403243	0.966037929793904	True
GSM2403244	0.828799917767384	True
GSM2403245	0.915894536670607	True
GSM2403246	0.982054787480084	True
GSM2403247	0.985430436346816	True
GSM2403248	0.975784550547361	True
GSM2403249	0.938531119905432	True
GSM2403250	0.964169193606414	True
GSM2403251	0.972933134604512	True
GSM2403252	0.963042606773912	True
GSM2403253	0.941660070925631	True
GSM2403254	0.887195353857224	True
GSM2403255	0.849370406537493	True
GSM2403256	0.951127100786349	True
GSM2403257	0.919198231998766	True
GSM2403258	0.921482242894588	True
GSM2403259	0.940667112093334	True
GSM2403260	0.969337513491288	True
GSM2403261	0.965170375700262	True
GSM2403262	0.967437940072981	True
GSM2403263	0.97054838875469	True
GSM2403264	0.965965976255332	True
GSM2403265	0.952461324973017	True
GSM2403266	0.958552705967004	True
GSM2403267	0.78921108084494	True
GSM2403268	0.978008942796937	True
GSM2403269	0.941094721693992	True
GSM2403270	0.94837847561289	True
GSM2403271	0.966387418409827	True
GSM2403272	0.975071182607802	True
GSM2403273	0.930947216939919	True
GSM2403274	0.951842524541296	True
GSM2403275	0.952547669219304	True
GSM2403276	0.959387367014442	True
GSM2403277	0.859147864521766	True
GSM2403278	0.975192475715681	True
GSM2403279	0.893401860512926	True
GSM2403280	0.971457059156088	True
GSM2403281	0.88776275890425	True
GSM2403282	0.918308063935859	True
GSM2403283	0.963850542221309	True
GSM2403284	0.973362800020558	True
GSM2403285	0.950997584416919	True
GSM2403286	0.934588065991674	True
GSM2403287	0.901238628771136	True
GSM2403288	0.957074574703192	True
GSM2403289	0.972053245618543	True
GSM2403290	0.94248445289613	True
GSM2403291	0.950356170015933	True
GSM2403292	0.972474687773038	True
GSM2403293	0.91755769131932	True
GSM2403294	0.970480546846893	True
GSM2403295	0.952825204296654	True
GSM2403296	0.93788559387367	True
GSM2403297	0.967390656319063	True
GSM2403298	0.964919566222953	True
GSM2403299	0.944725291668808	True
GSM2403300	0.95800174744308	True
GSM2403301	0.945506501516164	True
GSM2403302	0.972026520018502	True
GSM2403303	0.958229942951123	True
GSM2403304	0.934503777560775	True
GSM2403305	0.937303798118929	True
GSM2403306	0.865570231793185	True
GSM2403307	0.906279488101968	True
GSM2403308	0.90806393585856	True
GSM2403309	0.859834506861284	True
GSM2403310	0.945960836716863	True
GSM2403311	0.858323482551267	True
GSM2403312	0.886543660379298	True
GSM2403313	0.943302667420466	True
GSM2403314	0.945936166932209	True
GSM2403315	0.894022716760035	True
GSM2403316	0.782940843912217	True
GSM2403317	0.961677545356427	True
GSM2403318	0.946832502441281	True
GSM2403319	0.937538161073136	True
GSM2403320	0.936563704579329	True
GSM2403321	0.898615408336331	True
GSM2403322	0.89326823251272	True
GSM2403323	0.939832451045896	True
GSM2403324	0.949260420414247	True
GSM2403325	0.957814668242792	True
GSM2403326	0.973967209744565	True
GSM2403327	0.944513542683867	True
GSM2403328	0.956609960425554	True
GSM2403329	0.833137688235596	True
GSM2403330	0.958548594336229	True
GSM2403331	0.96376625379041	True
GSM2403332	0.982110294495554	True
GSM2403333	0.923480495451508	True
GSM2403334	0.962018810710798	True
GSM2403335	0.956969728118415	True
GSM2403336	0.778716143290333	True
GSM2403337	0.898391324459064	True
GSM2403338	0.932526083157732	True
GSM2403339	0.963515444313101	True
GSM2403340	0.969016806290795	True
GSM2403341	0.869484504291515	True
GSM2403342	0.965803566839698	True
GSM2403343	0.943117644035566	True
GSM2403344	0.951209333401861	True
GSM2403345	0.972236213188056	True
GSM2403346	0.976711723287249	True
GSM2403347	0.968344554658992	True
GSM2403348	0.968001233489233	True
GSM2403349	0.963850542221309	True
GSM2403350	0.914360898391325	True
GSM2403351	0.961718661664183	True
GSM2403352	0.967826489181272	True
GSM2403353	0.930318137431259	True
GSM2403354	0.959607339260934	True
GSM2403355	0.953187027804903	True
GSM2403356	0.819275325075808	True
GSM2403357	0.967032944441589	True
GSM2403358	0.935071182607802	True
GSM2403359	0.974625070668654	True
GSM2403360	0.942293262065067	True
GSM2403361	0.943541142005448	True
GSM2403362	0.911486868479211	True
GSM2403363	0.964800328930462	True
GSM2403364	0.975040345376985	True
GSM2403365	0.961463740556098	True
GSM2403366	0.972863236881328	True
GSM2403367	0.958602045536311	True
GSM2403368	0.963468160559182	True
GSM2403369	0.974623014853266	True
GSM2403370	0.944460091483785	True
GSM2403371	0.941925271110654	True
GSM2403372	0.930135169861746	True
GSM2403373	0.971742817494989	True
GSM2403374	0.929279950660431	True
GSM2403375	0.964218533175721	True
GSM2403376	0.939053297013928	True
GSM2403377	0.96210926658786	True
GSM2403378	0.950150588477155	True
GSM2403379	0.956823765225883	True
GSM2403380	0.964761268438094	True
GSM2403381	0.897873258981344	True
GSM2403382	0.929853523153621	True
GSM2403383	0.940414246800637	True
GSM2403384	0.964646142776379	True
GSM2403385	0.933181888266434	True
GSM2403386	0.953807884052012	True
GSM2403387	0.958312175566634	True
GSM2403388	0.971257645063473	True
GSM2403389	0.978660636274863	True
GSM2403390	0.955997327439996	True
GSM2403391	0.944468314745336	True
GSM2403392	0.926854088502852	True
GSM2403393	0.870769388908876	True
GSM2403394	0.924502235699234	True
GSM2403395	0.93110345890939	True
GSM2403396	0.894281749498895	True
GSM2403397	0.918634938582515	True
GSM2403398	0.821398982371383	True
GSM2403399	0.955832862208974	True
GSM2403400	0.938633910674821	True
GSM2403401	0.952525055250038	True
GSM2403402	0.963217351081873	True
GSM2403403	0.991250449709616	True
GSM2403404	0.993548851313152	True
GSM2403405	0.984176388960271	True
GSM2403406	0.988306522074318	True
GSM2403407	0.993750321221154	True
GSM2403408	0.98922958318343	True
GSM2403409	0.993620804851724	True
GSM2403410	0.991791129156602	True
GSM2403411	0.980623939970191	True
GSM2403412	0.991034589093899	True
GSM2403413	0.991098319370921	True
GSM2403414	0.994058693529321	True
GSM2403415	0.992155008480239	True
GSM2403416	0.989757927738089	True
GSM2403417	0.990905072724469	True
GSM2403418	0.994389679806753	True
GSM2403419	0.99368042349797	True
GSM2403420	0.990931798324511	True
GSM2403421	0.990273937400421	True
GSM2403422	0.988723852598037	True
GSM2403423	0.984030426067739	True
GSM2403424	0.991741789587295	True
GSM2403425	0.990426067739117	True
GSM2403426	0.989605797399394	True
GSM2403427	0.991801408233541	True
GSM2403428	0.992177622449504	True
GSM2403429	0.988960271367631	True
GSM2403430	0.991698617464152	True
GSM2403431	0.992004933956931	True
GSM2403432	0.991562933648558	True
GSM2403433	0.991351184663617	True
GSM2403434	0.992997892789228	True
GSM2403435	0.992666906511795	True
GSM2403436	0.989112401706327	True
GSM2403437	0.988699182813383	True
GSM2403438	0.991898031556766	True
GSM2403439	0.983060081204708	True
GSM2403440	0.993826386390502	True
GSM2403441	0.985870380839801	True
GSM2403442	0.989141183121756	True
GSM2403443	0.993645474636378	True
GSM2403444	0.994484247314591	True
GSM2403445	0.992549725034692	True
GSM2403446	0.993071902143188	True
GSM2403447	0.990119751246338	True
GSM2403448	0.992712134450326	True
GSM2403449	0.992901269466002	True
GSM2403450	0.993275427866578	True
GSM2403451	0.993456339620702	True
GSM2403452	0.991961761833787	True
GSM2403453	0.993394665159069	True
GSM2403454	0.991828133833582	True
GSM2403455	0.995129773346354	True
GSM2403456	0.993509790820784	True
GSM2403457	0.993914786452177	True
GSM2403458	0.992220794572647	True
GSM2403459	0.991324459063576	True
GSM2403460	0.99201521303387	True
GSM2403461	0.992638125096366	True
GSM2403462	0.983987253944596	True
GSM2403463	0.990545305031608	True
GSM2403464	0.98424217505268	True
GSM2403465	0.983210155728016	True
GSM2403466	0.988557331551627	True
GSM2403467	0.987278614380429	True
GSM2403468	0.987079200287814	True
GSM2403469	0.992268078326566	True
GSM2403470	0.991310068355862	True
GSM2403471	0.991349128848229	True
GSM2403472	0.992504497096161	True
GSM2403473	0.990514467800791	True
GSM2403474	0.989128848229429	True
GSM2403475	0.974491442668448	True
GSM2403476	0.989503006630005	True
GSM2403477	0.992650459988693	True
GSM2403478	0.985309143238937	True
GSM2403479	0.990010793030786	True
GSM2403480	0.986838669887444	True
GSM2403481	0.973660893251786	True
GSM2403482	0.992198180603382	True
GSM2403483	0.987077144472426	True
GSM2403484	0.990898905278306	True
GSM2403485	0.990056020969317	True
GSM2403486	0.979174590121807	True
GSM2403487	0.985658631854859	True
GSM2403488	0.983592537390142	True
GSM2403489	0.99069126792414	True
GSM2403490	0.991776738448887	True
GSM2403491	0.995423754946806	True
GSM2403492	0.99451302873002	True
GSM2403493	0.993306265097394	True
GSM2403494	0.994418461222182	True
GSM2403495	0.988098884720152	True
GSM2403496	0.995181168731048	True
GSM2403497	0.995357968854397	True
GSM2403498	0.988875982936732	True
GSM2403499	0.991926812972195	True
GSM2403500	0.991431361463741	True
GSM2403501	0.99059875623169	True
GSM2403502	0.948705350259547	True
GSM2403503	0.895326103715886	True
GSM2403504	0.864324407668191	True
GSM2403505	0.890268797861952	True
GSM2403506	0.949420774014494	True
GSM2403507	0.874955029038392	True
GSM2403508	0.909130904044817	True
GSM2403509	0.931206249678779	True
GSM2403510	0.945952613455312	True
GSM2403511	0.96759623785784	True
GSM2403512	0.985126175669425	True
GSM2403513	0.986378167240582	True
GSM2403514	0.975963406486098	True
GSM2403515	0.951472477771496	True
GSM2403516	0.881066968186257	True
GSM2403517	0.962210001541862	True
GSM2403518	0.97197306881842	True
GSM2403519	0.952592897157835	True
GSM2403520	0.923223518528036	True
GSM2403521	0.949478336845351	True
GSM2403522	0.94189237806445	True
GSM2403523	0.970562779462404	True
GSM2403524	0.97984684175361	True
GSM2403525	0.919414092614483	True
GSM2403526	0.97056689109318	True
GSM2403527	0.945494166623837	True
GSM2403528	0.973500539651539	True
GSM2403529	0.991125044970962	True
GSM2403530	0.986596083671686	True
GSM2403531	0.984647170684073	True
GSM2403532	0.992444878449915	True
GSM2403533	0.993986739990749	True
GSM2403534	0.989533843860821	True
GSM2403535	0.99194120367991	True
GSM2403536	0.984466258929948	True
GSM2403537	0.976477360333042	True
GSM2403538	0.985140566377139	True
GSM2403539	0.957004676980007	True
GSM2403540	0.976187490363365	True
GSM2403541	0.983734388651899	True
GSM2403542	0.987519144780799	True
GSM2403543	0.990532970139282	True
GSM2403544	0.987344400472838	True
GSM2403545	0.982778434496582	True
GSM2403546	0.988927378321427	True
GSM2403547	0.990222542015727	True
GSM2403548	0.989899778999846	True
GSM2403549	0.984048928406229	True
GSM2403550	0.988203731304929	True
GSM2403551	0.992087166572442	True
GSM2403552	0.986838669887444	True
GSM2403553	0.991725343064193	True
GSM2403554	0.991020198386185	True
GSM2403555	0.990985249524593	True
GSM2403556	0.982920285758339	True
GSM2403557	0.948000205581539	True
GSM2403558	0.980237446677288	True
GSM2403559	0.944174333144884	True
GSM2403560	0.991591715063987	True
GSM2403561	0.985697692347227	True
GSM2403562	0.992115947987871	True
GSM2403563	0.981524387110038	True
GSM2403564	0.98847098730534	True
GSM2403565	0.985609292285553	True
GSM2403566	0.929399187952922	True
GSM2403567	0.984715012591869	True
GSM2403568	0.992019324664645	True
GSM2403569	0.69929177159891	False
GSM2403570	0.912013157218482	True
GSM2403571	0.943757002621165	True
GSM2403572	0.905962892532251	True
GSM2403573	0.964269928560415	True
GSM2403574	0.957226705041887	True
GSM2403575	0.899890013876754	True
GSM2403576	0.975509071285399	True
GSM2403577	0.934228298298813	True
GSM2403578	0.941789587295061	True
GSM2403579	0.931864110602868	True
GSM2403580	0.975219201315722	True
GSM2403581	0.957522742457727	True
GSM2403582	0.838733617721129	True
GSM2403583	0.984046872590841	True
GSM2403584	0.838495143136146	True
GSM2403585	0.962824690342807	True
GSM2403586	0.661752582618081	False
GSM2403587	0.914763838207329	True
GSM2403588	0.917683096057974	True
GSM2403589	0.94660225111785	True
GSM2403590	0.93803361258159	True
GSM2403591	0.94400164465231	True
GSM2403592	0.994397903068304	True
GSM2403593	0.99416148429871	True
GSM2403594	0.99393945623683	True
GSM2403595	0.993466618697641	True
GSM2403596	0.993711260728787	True
GSM2403597	0.976539034794675	True
GSM2403598	0.976493806856144	True
GSM2403599	0.980757567970396	True
GSM2403600	0.979678264891813	True
GSM2403601	0.98747186102688	True
GSM2403602	0.982340545818985	True
GSM2403603	0.992222850388035	True
GSM2403604	0.982050675849309	True
GSM2403605	0.930355142108239	True
GSM2403606	0.976099090301691	True
GSM2403607	0.933794521251992	True
GSM2403608	0.909667471861027	True
GSM2403609	0.790288328108136	True
GSM2403610	0.937969882304569	True
GSM2403611	0.966385362594439	True
GSM2403612	0.970110500077093	True
GSM2403613	0.963022048620034	True
GSM2403614	0.973687618851827	True
GSM2403615	0.957251374826541	True
GSM2403616	0.936514365010022	True
GSM2403617	0.722617052988642	True
GSM2403618	0.963945109729146	True
GSM2403619	0.85620188107108	True
GSM2403620	0.903896798067534	True
GSM2403621	0.898730533998047	True
GSM2403622	0.875491596854602	True
GSM2403623	0.929886416199825	True
GSM2403624	0.934808038238166	True
GSM2403625	0.895714652824176	True
GSM2403626	0.93897723184458	True
GSM2403627	0.946127357763273	True
GSM2403628	0.929668499768721	True
GSM2403629	0.951495091740762	True
GSM2403630	0.9547350567919	True
GSM2403631	0.943882407359819	True
GSM2403632	0.868403145397543	True
GSM2403633	0.975928457624505	True
GSM2403634	0.904881533638279	True
GSM2403635	0.91022870946189	True
GSM2403636	0.953966181836871	True
GSM2403637	0.968737215398057	True
GSM2403638	0.973870586421339	True
GSM2403639	0.789579071799352	True
GSM2403640	0.932532250603896	True
GSM2403641	0.872615511127101	True
GSM2403642	0.951865138510562	True
GSM2403643	0.941647736033304	True
GSM2403644	0.965378013054428	True
GSM2403645	0.945934111116822	True
GSM2403646	0.940769902862723	True
GSM2403647	0.916468109163797	True
GSM2403648	0.976395127717531	True
GSM2403649	0.974840931284371	True
GSM2403650	0.981388703294444	True
GSM2403651	0.925795343578147	True
GSM2403652	0.940907642493704	True
GSM2403653	0.984240119237292	True
GSM2403654	0.968036182350825	True
GSM2403655	0.946814000102791	True
GSM2403656	0.981470935909955	True
GSM2403657	0.963328365112813	True
GSM2403658	0.970899933186	True
GSM2403659	0.978171352212571	True
GSM2403660	0.898666803721026	True
GSM2403661	0.974226242483425	True
GSM2403662	0.971350156755923	True
GSM2403663	0.900225111784962	True
GSM2403664	0.976088811224752	True
GSM2403665	0.965770673793493	True
GSM2403666	0.938804543352007	True
GSM2403667	0.98710181425708	True
GSM2403668	0.979022459783112	True
GSM2403669	0.987350567919001	True
GSM2403670	0.975786606362749	True
GSM2403671	0.986756437271933	True
GSM2403672	0.919292799506604	True
GSM2403673	0.981729968648815	True
GSM2403674	0.987188158503366	True
GSM2403675	0.988353805828237	True
GSM2403676	0.983715886313409	True
GSM2403677	0.978909389936784	True
GSM2403678	0.980233335046513	True
GSM2403679	0.984653338130236	True
GSM2403680	0.986563190625482	True
GSM2403681	0.985890938993678	True
GSM2403682	0.985640129516369	True
GSM2403683	0.971450891709924	True
GSM2403684	0.988152335920234	True
GSM2403685	0.982402220280619	True
GSM2403686	0.990767333093488	True
GSM2403687	0.98667626047181	True
GSM2403688	0.983808398005859	True
GSM2403689	0.982774322865807	True
GSM2403690	0.985638073700982	True
GSM2403691	0.988709461890322	True
GSM2403692	0.953811995682788	True
GSM2403693	0.972201264326463	True
GSM2403694	0.974538726422367	True
GSM2403695	0.98154083363314	True
GSM2403696	0.977412756334481	True
GSM2403697	0.987033972349283	True
GSM2403698	0.977696458857994	True
GSM2403699	0.984708845145706	True
GSM2403700	0.984460091483785	True
GSM2403701	0.989883332476744	True
GSM2403702	0.986297990440458	True
GSM2403703	0.941814257079714	True
GSM2403704	0.871127100786349	True
GSM2403705	0.909110345890939	True
GSM2403706	0.883564783882407	True
GSM2403707	0.901717633756489	True
GSM2403708	0.935589248085522	True
GSM2403709	0.929795960322763	True
GSM2403710	0.980599270185537	True
GSM2403711	0.878365626766716	True
GSM2403712	0.972223878295729	True
GSM2403713	0.936195713624916	True
GSM2403714	0.935583080639359	True
GSM2403715	0.945903273886005	True
GSM2403716	0.885914580870638	True
GSM2403717	0.976029192578506	True
GSM2403718	0.97010433263093	True
GSM2403719	0.871375854448271	True
GSM2403720	0.865113840777098	True
GSM2403721	0.876681913964126	True
GSM2403722	0.943664490928715	True
GSM2403723	0.897741686796526	True
GSM2403724	0.968371280259033	True
GSM2403725	0.953629028113275	True
GSM2403726	0.91868633396721	True
GSM2403727	0.93866269209025	True
GSM2403728	0.985076836100118	True
GSM2403729	0.965092254715527	True
GSM2403730	0.956924500179884	True
GSM2403731	0.966512823148481	True
GSM2403732	0.800733926093437	True
GSM2403733	0.906822223364342	True
GSM2403734	0.924426170529886	True
GSM2403735	0.833984684175361	True
GSM2403736	0.818080896335509	True
GSM2403737	0.900780181939662	True
GSM2403738	0.793892172482911	True
GSM2403739	0.886035873978517	True
GSM2403740	0.953970293467647	True
GSM2403741	0.973868530605952	True
GSM2403742	0.957432286580665	True
GSM2403743	0.939857120830549	True
GSM2403744	0.972184817803361	True
GSM2403745	0.934477051960734	True
GSM2403746	0.952738860050367	True
GSM2403747	0.97777457984273	True
GSM2403748	0.929467029860718	True
GSM2403749	0.937492933134604	True
GSM2403750	0.911889808295215	True
GSM2403751	0.987737061211903	True
GSM2403752	0.983598704836306	True
GSM2403753	0.971278203217351	True
GSM2403754	0.970889654109061	True
GSM2403755	0.979367836768258	True
GSM2403756	0.970552500385465	True
GSM2403757	0.963227630158812	True
GSM2403758	0.973810967775094	True
GSM2403759	0.748851313152079	True
GSM2403760	0.963155676620239	True
GSM2403761	0.99199671069538	True
GSM2403762	0.990822840108958	True
GSM2403763	0.988440150074523	True
GSM2403764	0.982811327542787	True
GSM2403765	0.988020763735417	True
GSM2403766	0.990101248907848	True
GSM2403767	0.97371228863648	True
GSM2403768	0.97605386236316	True
GSM2403769	0.977077658426273	True
GSM2403770	0.979859176645937	True
GSM2403771	0.986016343732333	True
GSM2403772	0.989443387983759	True
GSM2403773	0.984540268283908	True
GSM2403774	0.990911240170633	True
GSM2403775	0.98874852238269	True
GSM2403776	0.980531428277741	True
GSM2403777	0.91955594387624	True
GSM2403778	0.982677699542581	True
GSM2403779	0.933124325435576	True
GSM2403780	0.989936783676826	True
GSM2403781	0.969405355399085	True
GSM2403782	0.959909544122938	True
GSM2403783	0.978944338798376	True
GSM2403784	0.935005396515393	True
GSM2403785	0.989447499614535	True
GSM2403786	0.972709050727245	True
GSM2403787	0.963743639821144	True
GSM2403788	0.981588117387059	True
GSM2403789	0.989780541707355	True
GSM2403790	0.990530914323894	True
GSM2403791	0.908468931489952	True
GSM2403792	0.882029089787737	True
GSM2403793	0.960341265354371	True
GSM2403794	0.961346559078995	True
GSM2403795	0.954130647067893	True
GSM2403796	0.944137328467904	True
GSM2403797	0.986197255486457	True
GSM2403798	0.96646759520995	True
GSM2403799	0.914829624299738	True
GSM2403800	0.807812098473557	True
GSM2403801	0.842849360127461	True
GSM2403802	0.879911599938326	True
GSM2403803	0.791501259186925	True
GSM2403804	0.894596289253225	True
GSM2403805	0.850513439893098	True
GSM2403806	0.820239502492676	True
GSM2403807	0.848585085059362	True
GSM2403808	0.802543043634682	True
GSM2403809	0.871910366449093	True
GSM2403810	0.794459577529938	True
GSM2403811	0.84556098062394	True
GSM2403812	0.813998046975382	True
GSM2403813	0.807460554042247	True
GSM2403814	0.977435370303747	True
GSM2403815	0.953022562573881	True
GSM2403816	0.954591149714756	True
GSM2403817	0.950193760600298	True
GSM2403818	0.930772472631958	True
GSM2403819	0.731539291771599	True
GSM2403820	0.866082129824742	True
GSM2403821	0.949435164722208	True
GSM2403822	0.906822223364342	True
GSM2403823	0.927953949735314	True
GSM2403824	0.953131520789433	True
GSM2403825	0.976925528087578	True
GSM2403826	0.889724006784191	True
GSM2403827	0.970737523770365	True
GSM2403828	0.969518425245413	True
GSM2403829	0.986320604409724	True
GSM2403830	0.986164362440253	True
GSM2403831	0.985150845454078	True
GSM2403832	0.99102431001696	True
GSM2403833	0.985695636531839	True
GSM2403834	0.993614637405561	True
GSM2403835	0.988795806136609	True
GSM2403836	0.991273063678882	True
GSM2403837	0.990576142262425	True
GSM2403838	0.986925014133731	True
GSM2403839	0.846572441794727	True
GSM2403840	0.770817700570489	True
GSM2403841	0.928326052320502	True
GSM2403842	0.897834198488976	True
GSM2403843	0.988148224289459	True
GSM2403844	0.90100426581693	True
GSM2403845	0.986680372102585	True
GSM2403846	0.934522279899265	True
GSM2403847	0.980081204707817	True
GSM2403848	0.781479159171506	True
GSM2403849	0.960150074523308	True
GSM2403850	0.986038957701598	True
GSM2403851	0.952816981035103	True
GSM2403852	0.977414812149869	True
GSM2403853	0.925947473916842	True
GSM2403854	0.968365112812869	True
GSM2403855	0.954774117284268	True
GSM2403856	0.977215398057254	True
GSM2403857	0.887703140258005	True
GSM2403858	0.968052628873927	True
GSM2403859	0.874406126329856	True
GSM2403860	0.960575628308578	True
GSM2403861	0.916406434702164	True
GSM2403862	0.937129053810968	True
GSM2403863	0.97287968340443	True
GSM2403864	0.869274811121961	True
GSM2403865	0.939219818060338	True
GSM2403866	0.94037518630827	True
GSM2403867	0.935132857069435	True
GSM2403868	0.659838618492059	False
GSM2403869	0.953719483990338	True
GSM2403870	0.901898545510613	True
GSM2403871	0.962485480803824	True
GSM2403872	0.980005139538469	True
GSM2403873	0.953320655805109	True
GSM2403874	0.980716451662641	True
GSM2403875	0.908070103304723	True
GSM2403876	0.951770571002724	True
GSM2403877	0.931919617618338	True
GSM2403878	0.94255846225009	True
GSM2403879	0.970425039831423	True
GSM2403880	0.892577478542427	True
GSM2403881	0.959013208613867	True
GSM2403882	0.942949067173768	True
GSM2403883	0.979429511229892	True
GSM2403884	0.955964434393791	True
GSM2403885	0.951131212417125	True
GSM2403886	0.956963560672252	True
GSM2403887	0.954745335868839	True
GSM2403888	0.945173459423344	True
GSM2403889	0.945103561700159	True
GSM2403890	0.962333350465128	True
GSM2403891	0.98804543352007	True
GSM2403892	0.982774322865807	True
GSM2403893	0.992488050573059	True
GSM2403894	0.983078583543198	True
GSM2403895	0.976008634424629	True
GSM2403896	0.967999177673845	True
GSM2403897	0.908273629028113	True
GSM2403898	0.971080844940124	True
GSM2403899	0.957350053965154	True
GSM2403900	0.899193092460297	True
GSM2403901	0.97361977694403	True
GSM2403902	0.987965256719947	True
GSM2403903	0.960674307447191	True
GSM2403904	0.983699439790307	True
GSM2403905	0.976635658117901	True
GSM2403906	0.982075345633962	True
GSM2403907	0.985958780901475	True
GSM2403908	0.958059310273937	True
GSM2403909	0.969436192629902	True
GSM2403910	0.846222953178805	True
GSM2403911	0.973134604512515	True
GSM2403912	0.944895924345994	True
GSM2403913	0.959938325538367	True
GSM2403914	0.9096551369687	True
GSM2403915	0.981312638125096	True
GSM2403916	0.79757619365781	True
GSM2403917	0.994003186513851	True
GSM2403918	0.991513594079252	True
GSM2403919	0.95087629130904	True
GSM2403920	0.96135067070977	True
GSM2403921	0.926385362594439	True
GSM2403922	0.885891966901372	True
GSM2403923	0.88389577015984	True
GSM2403924	0.964695482345685	True
GSM2403925	0.950084802384746	True
GSM2403926	0.977085881687824	True
GSM2403927	0.960635246954823	True
GSM2403928	0.983808398005859	True
GSM2403929	0.960127460554042	True
GSM2403930	0.938214524335715	True
GSM2403931	0.945958780901475	True
GSM2403932	0.983230713881893	True
GSM2403933	0.931553682479313	True
GSM2403934	0.941686796525672	True
GSM2403935	0.95983347895359	True
GSM2403936	0.956435216117593	True
GSM2403937	0.949484504291515	True
GSM2403938	0.968198591766459	True
GSM2403939	0.974826540576656	True
GSM2403940	0.975827722670504	True
GSM2403941	0.966529269671583	True
GSM2403942	0.964812663822789	True
GSM2403943	0.972857069435165	True
GSM2403944	0.970334583954361	True
GSM2403945	0.951264840417331	True
GSM2403946	0.963634681605592	True
GSM2403947	0.942823662435113	True
GSM2403948	0.954334172791283	True
GSM2403949	0.970817700570489	True
GSM2403950	0.952185845711055	True
GSM2403951	0.948847201521303	True
GSM2403952	0.979131417998664	True
GSM2403953	0.969127820321735	True
GSM2403954	0.983500025697692	True
GSM2403955	0.940646553939456	True
GSM2403956	0.964977129053811	True
GSM2403957	0.979351390245156	True
GSM2403958	0.937581333196279	True
GSM2403959	0.812832399650511	True
GSM2403960	0.957167086395642	True
GSM2403961	0.886531325486971	True
GSM2403962	0.934205684329547	True
GSM2403963	0.986154083363314	True
GSM2403964	0.962374466772884	True
GSM2403965	0.968825615459732	True
GSM2403966	0.951170272909493	True
GSM2403967	0.9902102071234	True
GSM2403968	0.986038957701598	True
GSM2403969	0.990991416970756	True
GSM2403970	0.994058693529321	True
GSM2403971	0.993441948912988	True
GSM2403972	0.990088914015521	True
GSM2403973	0.994075140052423	True
GSM2403974	0.993997019067688	True
GSM2403975	0.993361772112864	True
GSM2403976	0.99423549365267	True
GSM2403977	0.99133884977129	True
GSM2403978	0.995000256976924	True
GSM2403979	0.993530348974662	True
GSM2403980	0.992917715989104	True
GSM2403981	0.992837539188981	True
GSM2403982	0.971755152387316	True
GSM2403983	0.975396001439071	True
GSM2403984	0.992827260112042	True
GSM2403985	0.993154134758699	True
GSM2403986	0.994397903068304	True
GSM2403987	0.989200801768001	True
GSM2403988	0.994496582206918	True
GSM2403989	0.941129670555584	True
GSM2403990	0.927871717119803	True
GSM2403991	0.955890425039831	True
GSM2403992	0.936777509379658	True
GSM2403993	0.918509533843861	True
GSM2403994	0.917824947319731	True
GSM2403995	0.886660841856401	True
GSM2403996	0.955224340854191	True
GSM2403997	0.948162614997173	True
GSM2403998	0.98535231536208	True
GSM2403999	0.986293878809683	True
GSM2404000	0.989809323122784	True
GSM2404001	0.962931592742972	True
GSM2404002	0.990853677339775	True
GSM2404003	0.967242637611142	True
GSM2404004	0.96607904610166	True
GSM2404005	0.968936629490672	True
GSM2404006	0.927639409980984	True
GSM2404007	0.923098113789382	True
GSM2404008	0.961371228863648	True
GSM2404009	0.972322557434342	True
GSM2404010	0.960236418769595	True
GSM2404011	0.974012437683096	True
GSM2404012	0.958266947628103	True
GSM2404013	0.981119391478645	True
GSM2404014	0.987852186873619	True
GSM2404015	0.873281595312741	True
GSM2404016	0.892484966849977	True
GSM2404017	0.972764557742715	True
GSM2404018	0.9803196792928	True
GSM2404019	0.984090044713985	True
GSM2404020	0.989371434445187	True
GSM2404021	0.968626201367117	True
GSM2404022	0.987778177519659	True
GSM2404023	0.870041630261603	True
GSM2404024	0.972330780695894	True
GSM2404025	0.970527830600812	True
GSM2404026	0.95593770879375	True
GSM2404027	0.977369584211338	True
GSM2404028	0.982603690188621	True
GSM2404029	0.94959962995323	True
GSM2404030	0.921990029295369	True
GSM2404031	0.923591509482449	True
GSM2404032	0.988123554504805	True
GSM2404033	0.966019427455414	True
GSM2404034	0.994488358945367	True
GSM2404035	0.88809580099707	True
GSM2404036	0.979667985814874	True
GSM2404037	0.908343526751298	True
GSM2404038	0.986419283548337	True
GSM2404039	0.972332836511281	True
GSM2404040	0.96848435010536	True
GSM2404041	0.945091226807833	True
GSM2404042	0.836601737164003	True
GSM2404043	0.939016292336948	True
GSM2404044	0.940319679292799	True
GSM2404045	0.977743742611913	True
GSM2404046	0.99262579020404	True
GSM2404047	0.988039266073907	True
GSM2404048	0.965441743331449	True
GSM2404049	0.79192270134142	True
GSM2404050	0.6110849565709	False
GSM2404051	0.694035051652362	False
GSM2404052	0.790796114508917	True
GSM2404053	0.851099347278614	True
GSM2404054	0.965123091946343	True
GSM2404055	0.763235853420363	True
GSM2404056	0.919586781107057	True
GSM2404057	0.930422984016035	True
GSM2404058	0.637049904918538	False
GSM2404059	0.97864418975176	True
GSM2404060	0.968206815028011	True
GSM2404061	0.986339106748214	True
GSM2404062	0.952428431926813	True
GSM2404063	0.801437014956057	True
GSM2404064	0.992198180603382	True
GSM2404065	0.99340288842062	True
GSM2404066	0.992590841342447	True
GSM2404067	0.989529732230046	True
GSM2404068	0.989967620907642	True
GSM2404069	0.918400575628309	True
GSM2404070	0.94503777560775	True
GSM2404071	0.931720203525723	True
GSM2404072	0.897334635349746	True
GSM2404073	0.87731716091895	True
GSM2404074	0.834825512668962	True
GSM2404075	0.953460451251478	True
GSM2404076	0.949657192784088	True
GSM2404077	0.809304620445084	True
GSM2404078	0.896976923472272	True
GSM2404079	0.881079303078584	True
GSM2404080	0.924868170838259	True
GSM2404081	0.941939661818369	True
GSM2404082	0.887546898288534	True
GSM2404083	0.94763838207329	True
GSM2404084	0.924267872745028	True
GSM2404085	0.881052577478542	True
GSM2404086	0.935835945932055	True
GSM2404087	0.883363313974405	True
GSM2404088	0.909593462507067	True
GSM2404089	0.849154545921776	True
GSM2404090	0.945494166623837	True
GSM2404091	0.927049390964691	True
GSM2404092	0.881782391941204	True
GSM2404093	0.982017782803104	True
GSM2404094	0.989846327799764	True
GSM2404095	0.975326103715886	True
GSM2404096	0.980630107416354	True
GSM2404097	0.993028730020044	True
GSM2404098	0.993733874698052	True
GSM2404099	0.994060749344709	True
GSM2404100	0.991231947371126	True
GSM2404101	0.975975741378424	True
GSM2404102	0.980206609446472	True
GSM2404103	0.936362234671327	True
GSM2404104	0.954391735622141	True
GSM2404105	0.962403248188313	True
GSM2404106	0.861396926555995	True
GSM2404107	0.981378424217505	True
GSM2404108	0.93151051035617	True
GSM2404109	0.936693220948759	True
GSM2404110	0.946799609395076	True
GSM2404111	0.815967518116873	True
GSM2404112	0.897400421442154	True
GSM2404113	0.938557845505474	True
GSM2404114	0.91560466670093	True
GSM2404115	0.988982885336897	True
GSM2404116	0.988020763735417	True
GSM2404117	0.94647273474842	True
GSM2404118	0.97442565657604	True
GSM2404119	0.989402271676003	True
GSM2404120	0.956192629901835	True
GSM2404121	0.873156190574086	True
GSM2404122	0.907998149766151	True
GSM2404123	0.991293621832759	True
GSM2404124	0.976976923472272	True
GSM2404125	0.915832862208974	True
GSM2404126	0.970194788507992	True
GSM2404127	0.989942951122989	True
GSM2404128	0.990319165338953	True
GSM2404129	0.972339003957445	True
GSM2404130	0.975969573932261	True
GSM2404131	0.955740350516524	True
GSM2404132	0.95323636737421	True
GSM2404133	0.929553374107005	True
GSM2404134	0.980344349077453	True
GSM2404135	0.93084442617053	True
GSM2404136	0.957773551935036	True
GSM2404137	0.961130698463278	True
GSM2404138	0.963943053913759	True
GSM2404139	0.932094361926299	True
GSM2404140	0.938601017628617	True
GSM2404141	0.928504908259238	True
GSM2404142	0.898701752582618	True
GSM2404143	0.907330009765123	True
GSM2404144	0.909764095184252	True
GSM2404145	0.947167600349489	True
GSM2404146	0.730554556200853	True
GSM2404147	0.924327491391273	True
GSM2404148	0.97093693786298	True
GSM2404149	0.961262270648096	True
GSM2404150	0.981557280156242	True
GSM2404151	0.987455414503778	True
GSM2404152	0.989196690137226	True
GSM2404153	0.907118260780182	True
GSM2404154	0.991266896232718	True
GSM2404155	0.981867708279797	True
GSM2404156	0.984665673022563	True
GSM2404157	0.980582823662435	True
GSM2404158	0.989780541707355	True
GSM2404159	0.98998817906152	True
GSM2404160	0.989484504291515	True
GSM2404161	0.992851929896695	True
GSM2404162	0.992453101711466	True
GSM2404163	0.993160302204862	True
GSM2404164	0.973821246852033	True
GSM2404165	0.978500282674616	True
GSM2404166	0.950162923369481	True
GSM2404167	0.986197255486457	True
GSM2404168	0.956694248856453	True
GSM2404169	0.938786041013517	True
GSM2404170	0.953546795497764	True
GSM2404171	0.873935344606054	True
GSM2404172	0.830187593154135	True
GSM2404173	0.65699748162615	False
GSM2404174	0.625730585393432	False
GSM2404175	0.918552705967004	True
GSM2404176	0.935108187284782	True
GSM2404177	0.967908721796783	True
GSM2404178	0.853418307036028	True
GSM2404179	0.812341059772832	True
GSM2404180	0.965026468623118	True
GSM2404181	0.895533741070052	True
GSM2404182	0.716287197409673	True
GSM2404183	0.879747134707303	True
GSM2404184	0.75406897260626	True
GSM2404185	0.917407616796012	True
GSM2404186	0.966623837179421	True
GSM2404187	0.975052680269312	True
GSM2404188	0.938368710489798	True
GSM2404189	0.878661664182556	True
GSM2404190	0.953647530451765	True
GSM2404191	0.908427815182197	True
GSM2404192	0.959921879015264	True
GSM2404193	0.945753199362697	True
GSM2404194	0.965768617978106	True
GSM2404195	0.933015367220024	True
GSM2404196	0.960008223261551	True
GSM2404197	0.868943824844529	True
GSM2404198	0.93797810556612	True
GSM2404199	0.905122064038649	True
GSM2404200	0.967738089119597	True
GSM2404201	0.947850131058231	True
GSM2404202	0.966103715886313	True
GSM2404203	0.974509945006938	True
GSM2404204	0.842672560004112	True
GSM2404205	0.836408490517552	True
GSM2404206	0.936033304209282	True
GSM2404207	0.942182248034127	True
GSM2404208	0.954118312175567	True
GSM2404209	0.983820732898186	True
GSM2404210	0.987815182196639	True
GSM2404211	0.971200082232616	True
GSM2404212	0.989065117952408	True
GSM2404213	0.748152335920234	True
GSM2404214	0.971763375648867	True
GSM2404215	0.991030477463124	True
GSM2404216	0.971642082540988	True
GSM2404217	0.978948450429151	True
GSM2404218	0.967458498226859	True
GSM2404219	0.760119237292491	True
GSM2404220	0.877249319011153	True
GSM2404221	0.942930564835278	True
GSM2404222	0.944275068098885	True
GSM2404223	0.902694146065683	True
GSM2404224	0.863765225882716	True
GSM2404225	0.984418975176029	True
GSM2404226	0.937593668088606	True
GSM2404227	0.956708639564167	True
GSM2404228	0.894875880145963	True
GSM2404229	0.928957187644549	True
GSM2404230	0.902223364341882	True
GSM2404231	0.910397286323688	True
GSM2404232	0.972357506295935	True
GSM2404233	0.955394973531377	True
GSM2404234	0.904087988898597	True
GSM2404235	0.958641106028679	True
GSM2404236	0.969107262167857	True
GSM2404237	0.950419900292954	True
GSM2404238	0.900482088708434	True
GSM2404239	0.912564115742406	True
GSM2404240	0.930649123708691	True
GSM2404241	0.890330472323585	True
GSM2404242	0.946209590378784	True
GSM2404243	0.953444004728375	True
GSM2404244	0.916352983502081	True
GSM2404245	0.897176337564887	True
GSM2404246	0.969872025492111	True
GSM2404247	0.974218019221874	True
GSM2404248	0.96628257182505	True
GSM2404249	0.966687567456442	True
GSM2404250	0.936413630056021	True
GSM2404251	0.964753045176543	True
GSM2404252	0.969263504137328	True
GSM2404253	0.985013105823097	True
GSM2404254	0.947535591303901	True
GSM2404255	0.993030785835432	True
GSM2404256	0.863247160404996	True
GSM2404257	0.941211903171095	True
GSM2404258	0.786674204656422	True
GSM2404259	0.972947525312227	True
GSM2404260	0.98763838207329	True
GSM2404261	0.82194788507992	True
GSM2404262	0.969000359767693	True
GSM2404263	0.983896798067533	True
GSM2404264	0.863611039728632	True
GSM2404265	0.980728786554967	True
GSM2404266	0.984336742560518	True
GSM2404267	0.991924757156807	True
GSM2404268	0.979038906306214	True
GSM2404269	0.990921519247572	True
GSM2404270	0.991604049956314	True
GSM2404271	0.99063576090867	True
GSM2404272	0.88133216837128	True
GSM2404273	0.884385054222131	True
GSM2404274	0.969510201983862	True
GSM2404275	0.95358791180552	True
GSM2404276	0.959268129721951	True
GSM2404277	0.960503674770006	True
GSM2404278	0.93525826180809	True
GSM2404279	0.913244590635761	True
GSM2404280	0.828520326874647	True
GSM2404281	0.92225728529578	True
GSM2404282	0.936010690240016	True
GSM2404283	0.919231125044971	True
GSM2404284	0.893122269620188	True
GSM2404285	0.993614637405561	True
GSM2404286	0.94509328262322	True
GSM2404287	0.91245926915763	True
GSM2404288	0.950234876908054	True
GSM2404289	0.920908670401398	True
GSM2404290	0.955232564115742	True
GSM2404291	0.961124531017115	True
GSM2404292	0.951034589093899	True
GSM2404293	0.969802127768926	True
GSM2404294	0.941658015110243	True
GSM2404295	0.921792671018143	True
GSM2404296	0.751665724417947	True
GSM2404297	0.797658426273321	True
GSM2404298	0.94869301536722	True
GSM2404299	0.990567919000874	True
GSM2404300	0.975067070977026	True
GSM2404301	0.940418358431413	True
GSM2404302	0.951077761217043	True
GSM2404303	0.935060903530863	True
GSM2404304	0.973348409312844	True
GSM2404305	0.903078583543198	True
GSM2404306	0.966321632317418	True
GSM2404307	0.921562419694711	True
GSM2404308	0.946318548594336	True
GSM2404309	0.909087731921673	True
GSM2404310	0.86509328262322	True
GSM2404311	0.955098936115537	True
GSM2404312	0.964290486714293	True
GSM2404313	0.90643573007144	True
GSM2404314	0.942992239296911	True
GSM2404315	0.858290589505062	True
GSM2404316	0.916840211748985	True
GSM2404317	0.9051302873002	True
GSM2404318	0.811644138356376	True
GSM2404319	0.898555789690086	True
GSM2404320	0.896909081564475	True
GSM2404321	0.860525260831577	True
GSM2404322	0.947327953949735	True
GSM2404323	0.931767487279642	True
GSM2404324	0.859735827722671	True
GSM2404325	0.929501978722311	True
GSM2404326	0.903868016652105	True
GSM2404327	0.881397954463689	True
GSM2404328	0.895934625070669	True
GSM2404329	0.843468160559182	True
GSM2404330	0.923215295266485	True
GSM2404331	0.889841188261294	True
GSM2404332	0.868236624351133	True
GSM2404333	0.879134501721745	True
GSM2404334	0.901894433879838	True
GSM2404335	0.917755049596546	True
GSM2404336	0.895916122732179	True
GSM2404337	0.942562573880866	True
GSM2404338	0.756951225779925	True
GSM2404339	0.884697538161073	True
GSM2404340	0.879255794829624	True
GSM2404341	0.898510561751555	True
GSM2404342	0.951618440664028	True
GSM2404343	0.967250860872694	True
GSM2404344	0.938076784704734	True
GSM2404345	0.889374518168269	True
GSM2404346	0.898728478182659	True
GSM2404347	0.893588939713214	True
GSM2404348	0.88409929588323	True
GSM2404349	0.94737934933443	True
GSM2404350	0.949476281029964	True
GSM2404351	0.95493858251529	True
GSM2404352	0.937764300765791	True
GSM2404353	0.884345993729763	True
GSM2404354	0.914550033407	True
GSM2404355	0.90621370200956	True
GSM2404356	0.87493858251529	True
GSM2404357	0.905625738808655	True
GSM2404358	0.896604820887084	True
GSM2404359	0.868370252351339	True
GSM2404360	0.933642390913296	True
GSM2404361	0.942533792465437	True
GSM2404362	0.940103818677083	True
GSM2404363	0.927423549365267	True
GSM2404364	0.936818625687413	True
GSM2404365	0.965162152438711	True
GSM2404366	0.950430179369893	True
GSM2404367	0.975287043223519	True
GSM2404368	0.925667883024104	True
GSM2404369	0.886543660379298	True
GSM2404370	0.939184869198746	True
GSM2404371	0.923400318651385	True
GSM2404372	0.947905638073701	True
GSM2404373	0.929703448630313	True
GSM2404374	0.830613146939405	True
GSM2404375	0.941008377447705	True
GSM2404376	0.979546692706995	True
GSM2404377	0.98832296859742	True
GSM2404378	0.977001593256925	True
GSM2404379	0.924658477668705	True
GSM2404380	0.931598910417844	True
GSM2404381	0.927166572441795	True
GSM2404382	0.953715372359562	True
GSM2404383	0.940159325692553	True
GSM2404384	0.958953589967621	True
GSM2404385	0.91929691113738	True
GSM2404386	0.970264686231176	True
GSM2404387	0.875612889962481	True
GSM2404388	0.94107827517089	True
GSM2404389	0.9707149098011	True
GSM2404390	0.945372873515958	True
GSM2404391	0.97415634476024	True
GSM2404392	0.967458498226859	True
GSM2404393	0.944832194068973	True
GSM2404394	0.965435575885286	True
GSM2404395	0.955300406023539	True
GSM2404396	0.95903787839852	True
GSM2404397	0.927304312072776	True
GSM2404398	0.953610525774785	True
GSM2404399	0.981894433879838	True
GSM2404400	0.9541799866372	True
GSM2404401	0.85612787171712	True
GSM2404402	0.962670504188724	True
GSM2404403	0.93475869866886	True
GSM2404404	0.899943465076836	True
GSM2404405	0.893574549005499	True
GSM2404406	0.880030837230817	True
GSM2404407	0.914619931130184	True
GSM2404408	0.923445546589916	True
GSM2404409	0.901380480032893	True
GSM2404410	0.835933597162975	True
GSM2404411	0.92469137071491	True
GSM2404412	0.874299223929691	True
GSM2404413	0.873964126021483	True
GSM2404414	0.841975638587655	True
GSM2404415	0.926642339517911	True
GSM2404416	0.877150639872539	True
GSM2404417	0.866851004779771	True
GSM2404418	0.918106594027856	True
GSM2404419	0.933401860512926	True
GSM2404420	0.877789998458138	True
GSM2404421	0.868199619674153	True
GSM2404422	0.783621318805571	True
GSM2404423	0.816060029809323	True
GSM2404424	0.8630950300663	True
GSM2404425	0.833121241712494	True
GSM2404426	0.944217505268027	True
GSM2404427	0.765933083209128	True
GSM2404428	0.87247777149612	True
GSM2404429	0.898461222182248	True
GSM2404430	0.971037672816981	True
GSM2404431	0.745985506501516	True
GSM2404432	0.966667009302565	True
GSM2404433	0.899719381199568	True
GSM2404434	0.919451097291463	True
GSM2404435	0.888776275890425	True
GSM2404436	0.955076322146271	True
GSM2404437	0.96644909287146	True
GSM2404438	0.830216374569564	True
GSM2404439	0.900227167600349	True
GSM2404440	0.924204142468006	True
GSM2404441	0.930453821246852	True
GSM2404442	0.976012746055404	True
GSM2404443	0.964156858714088	True
GSM2404444	0.950796114508917	True
GSM2404445	0.870754998201162	True
GSM2404446	0.839035822583132	True
GSM2404447	0.88005550701547	True
GSM2404448	0.985239245515753	True
GSM2404449	0.979433622860667	True
GSM2404450	0.971193914786452	True
GSM2404451	0.84070308886262	True
GSM2404452	0.869239862260369	True
GSM2404453	0.870594644600915	True
GSM2404454	0.851555738294701	True
GSM2404455	0.943935858559901	True
GSM2404456	0.959638176491751	True
GSM2404457	0.975422727039112	True
GSM2404458	0.953896284113687	True
GSM2404459	0.936578095287043	True
GSM2404460	0.937980161381508	True
GSM2404461	0.991382021894434	True
GSM2404462	0.966987716503058	True
GSM2404463	0.971767487279642	True
GSM2404464	0.889909030169091	True
GSM2404465	0.944988436038444	True
GSM2404466	0.883379760497507	True
GSM2404467	0.957970910212263	True
GSM2404468	0.903294444158915	True
GSM2404469	0.869295369275839	True
GSM2404470	0.882933648558359	True
GSM2404471	0.918277226705042	True
GSM2404472	0.970729300508814	True
GSM2404473	0.929329290229737	True
GSM2404474	0.91998149766151	True
GSM2404475	0.963108392866321	True
GSM2404476	0.930688184201059	True
GSM2404477	0.987576707611657	True
GSM2404478	0.978191910366449	True
GSM2404479	0.971607133679396	True
GSM2404480	0.965020301176954	True
GSM2404481	0.946332939302051	True
GSM2404482	0.973856195713625	True
GSM2404483	0.906215757824947	True
GSM2404484	0.941859485018245	True
GSM2404485	0.913330934882048	True
GSM2404486	0.833195251066454	True
GSM2404487	0.8978300868582	True
GSM2404488	0.925678162101043	True
GSM2404489	0.973111990543249	True
GSM2404490	0.982145243357146	True
GSM2404491	0.946458344040705	True
GSM2404492	0.981380480032893	True
GSM2404493	0.969779513799661	True
GSM2404494	0.986236315978825	True
GSM2404495	0.969245001798838	True
GSM2404496	0.95950043686077	True
GSM2404497	0.976335509071285	True
GSM2404498	0.984046872590841	True
GSM2404499	0.965554813177777	True
GSM2404500	0.970969830909184	True
GSM2404501	0.932577478542427	True
GSM2404502	0.982437169142211	True
GSM2404503	0.921225265971116	True
GSM2404504	0.984700621884155	True
GSM2404505	0.968256154597317	True
GSM2404506	0.800026725600041	True
GSM2404507	0.879897209230611	True
GSM2404508	0.754436963560672	True
GSM2404509	0.822801048465848	True
GSM2404510	0.762851415942848	True
GSM2404511	0.96630107416354	True
GSM2404512	0.931019170478491	True
GSM2404513	0.925314282777407	True
GSM2404514	0.952249575988076	True
GSM2404515	0.927382433057511	True
GSM2404516	0.918081924243203	True
GSM2404517	0.959190008737215	True
GSM2404518	0.969403299583697	True
GSM2404519	0.970797142416611	True
GSM2404520	0.982219252711107	True
GSM2404521	0.944077709821658	True
GSM2404522	0.949056894690857	True
GSM2404523	0.876213188055713	True
GSM2404524	0.978966952767641	True
GSM2404525	0.961788559387367	True
GSM2404526	0.95516061057717	True
GSM2404527	0.937207174795703	True
GSM2404528	0.966280516009662	True
GSM2404529	0.815548131777766	True
GSM2404530	0.938726422367271	True
GSM2404531	0.886531325486971	True
GSM2404532	0.792120059618646	True
GSM2404533	0.937902040396772	True
GSM2404534	0.968963355090713	True
GSM2404535	0.951717119802642	True
GSM2404536	0.9405047026777	True
GSM2404537	0.953123297527882	True
GSM2404538	0.765951585547618	True
GSM2404539	0.966529269671583	True
GSM2404540	0.876552397594696	True
GSM2404541	0.844666700930256	True
GSM2404542	0.817924654366038	True
GSM2404543	0.878768566582721	True
GSM2404544	0.942862722927481	True
GSM2404545	0.965287557177365	True
GSM2404546	0.820959037878399	True
GSM2404547	0.898707920028781	True
GSM2404548	0.944404584468315	True
GSM2404549	0.916005550701547	True
GSM2404550	0.939577529937812	True
GSM2404551	0.823136146374056	True
GSM2404552	0.931181579894126	True
GSM2404553	0.883587397851673	True
GSM2404554	0.91443901937606	True
GSM2404555	0.788892429459835	True
GSM2404556	0.940029809323123	True
GSM2404557	0.970632677185589	True
GSM2404558	0.974960168576862	True
GSM2404559	0.935122577992496	True
GSM2404560	0.949844271984376	True
GSM2404561	0.841108084494012	True
GSM2404562	0.950257490877319	True
GSM2404563	0.960958009970705	True
GSM2404564	0.975743434239605	True
GSM2404565	0.931648249987151	True
GSM2404566	0.981993113018451	True
GSM2404567	0.951219612478799	True
GSM2404568	0.99255178085008	True
GSM2404569	0.990592588785527	True
GSM2404570	0.987179935241815	True
GSM2404571	0.983606928097857	True
GSM2404572	0.98791591715064	True
GSM2404573	0.979702934676466	True
GSM2404574	0.98222542015727	True
GSM2404575	0.981729968648815	True
GSM2404576	0.988105052166316	True
GSM2404577	0.946622809271727	True
GSM2404578	0.991279231125045	True
GSM2404579	0.97816312895102	True
GSM2404580	0.989640746260986	True
GSM2404581	0.989498894999229	True
GSM2404582	0.975759880762707	True
GSM2404583	0.934682633499512	True
GSM2404584	0.92365523975947	True
GSM2404585	0.917417895872951	True
GSM2404586	0.982367271419027	True
GSM2404587	0.985364650254407	True
GSM2404588	0.96796628462764	True
GSM2404589	0.980825409878193	True
GSM2404590	0.887351595826695	True
GSM2404591	0.977272960888112	True
GSM2404592	0.987724726319577	True
GSM2404593	0.953067790512412	True
GSM2404594	0.978539343166984	True
GSM2404595	0.988869815490569	True
GSM2404596	0.960448167754536	True
GSM2404597	0.92765174487331	True
GSM2404598	0.982254201572699	True
GSM2404599	0.991071593770879	True
GSM2404600	0.984680063730277	True
GSM2404601	0.987352623734389	True
GSM2404602	0.983253327851159	True
GSM2404603	0.971767487279642	True
GSM2404604	0.986515906871563	True
GSM2404605	0.830600812047078	True
GSM2404606	0.915325075808192	True
GSM2404607	0.927339260934368	True
GSM2404608	0.854098781929383	True
GSM2404609	0.869548234568536	True
GSM2404610	0.941304414863545	True
GSM2404611	0.781298247417382	True
GSM2404612	0.95316235802025	True
GSM2404613	0.959004985352315	True
GSM2404614	0.953145911497148	True
GSM2404615	0.944283291360436	True
GSM2404616	0.935607750424012	True
GSM2404617	0.956501002210002	True
GSM2404618	0.943183430127974	True
GSM2404619	0.973290846481986	True
GSM2404620	0.946883897825975	True
GSM2404621	0.968223261551113	True
GSM2404622	0.973183944081821	True
GSM2404623	0.779445957752994	True
GSM2404624	0.931617412756334	True
GSM2404625	0.951708896541091	True
GSM2404626	0.961973582772267	True
GSM2404627	0.849080536567816	True
GSM2404628	0.951094207740145	True
GSM2404629	0.899799557999692	True
GSM2404630	0.985631906254818	True
GSM2404631	0.914813177776636	True
GSM2404632	0.986633088348666	True
GSM2404633	0.913705093282623	True
GSM2404634	0.955528601531582	True
GSM2404635	0.987735005396515	True
GSM2404636	0.987578763427044	True
GSM2404637	0.970017988384643	True
GSM2404638	0.990249267615768	True
GSM2404639	0.987735005396515	True
GSM2404640	0.976804234979699	True
GSM2404641	0.920896335509071	True
GSM2404642	0.986869507118261	True
GSM2404643	0.983656267667164	True
GSM2404644	0.980525260831577	True
GSM2404645	0.952074831680115	True
GSM2404646	0.972386287711363	True
GSM2404647	0.981183121755666	True
GSM2404648	0.981840982679755	True
GSM2404649	0.906949683918384	True
GSM2404650	0.981117335663257	True
GSM2404651	0.972910520635247	True
GSM2404652	0.971502287094619	True
GSM2404653	0.965953641363006	True
GSM2404654	0.944653338130236	True
GSM2404655	0.922633499511744	True
GSM2404656	0.940656833016395	True
GSM2404657	0.96435832862209	True
GSM2404658	0.959845813845917	True
GSM2404659	0.891319319525107	True
GSM2404660	0.960871665724418	True
GSM2404661	0.935515238731562	True
GSM2404662	0.950600812047078	True
GSM2404663	0.940101762861695	True
GSM2404664	0.931220640386493	True
GSM2404665	0.914492470576142	True
GSM2404666	0.934456493806856	True
GSM2404667	0.917549468057768	True
GSM2404668	0.953450172174539	True
GSM2404669	0.94934059721437	True
GSM2404670	0.949301536722002	True
GSM2404671	0.937196895718764	True
GSM2404672	0.94363159788251	True
GSM2404673	0.942757876342704	True
GSM2404674	0.82845248496685	True
GSM2404675	0.906567302256257	True
GSM2404676	0.911638998817906	True
GSM2404677	0.935862671532096	True
GSM2404678	0.970087886107827	True
GSM2404679	0.955090712853986	True
GSM2404680	0.981446266125302	True
GSM2404681	0.948678624659506	True
GSM2404682	0.980704116770314	True
GSM2404683	0.971911394356787	True
GSM2404684	0.933321683712803	True
GSM2404685	0.975447396823765	True
GSM2404686	0.89195456647993	True
GSM2404687	0.85572082027034	True
GSM2404688	0.938344040705145	True
GSM2404689	0.988057768412397	True
GSM2404690	0.987833684535129	True
GSM2404691	0.950683044662589	True
GSM2404692	0.89795960322763	True
GSM2404693	0.927863493858252	True
GSM2404694	0.99393945623683	True
GSM2404695	0.991840468725908	True
GSM2404696	0.991155882201778	True
GSM2404697	0.865535282931593	True
GSM2404698	0.961420568432955	True
GSM2404699	0.9588898596906	True
GSM2404700	0.966126329855579	True
GSM2404701	0.942215141080331	True
GSM2404702	0.944505319422316	True
GSM2404703	0.9483599732744	True
GSM2404704	0.811905226910623	True
GSM2404705	0.906078018193966	True
GSM2404706	0.922549211080845	True
GSM2404707	0.975792773808912	True
GSM2404708	0.903541142005448	True
GSM2404709	0.939746106799609	True
GSM2404710	0.966876702472118	True
GSM2404711	0.975375443285193	True
GSM2404712	0.956649020917922	True
GSM2404713	0.959132445906358	True
GSM2404714	0.978524952459269	True
GSM2404715	0.964461119391479	True
GSM2404716	0.98270648095801	True
GSM2404717	0.967775093796577	True
GSM2404718	0.988746466567302	True
GSM2404719	0.952880711312124	True
GSM2404720	0.976580151102431	True
GSM2404721	0.943547309451611	True
GSM2404722	0.928393894228298	True
GSM2404723	0.868960271367631	True
GSM2404724	0.979293827414298	True
GSM2404725	0.942519401757722	True
GSM2404726	0.882978876496891	True
GSM2404727	0.930597728323996	True
GSM2404728	0.889608881122475	True
GSM2404729	0.887326926042041	True
GSM2404730	0.931886724572133	True
GSM2404731	0.925828236624351	True
GSM2404732	0.924705761422624	True
GSM2404733	0.954101865652464	True
GSM2404734	0.875783522639667	True
GSM2404735	0.951182607801819	True
GSM2404736	0.75599321580922	True
GSM2404737	0.947492419180758	True
GSM2404738	0.916256360178856	True
GSM2404739	0.894988949992291	True
GSM2404740	0.948795806136609	True
GSM2404741	0.982241866680372	True
GSM2404742	0.98821195456648	True
GSM2404743	0.985714138870329	True
GSM2404744	0.973891144575217	True
GSM2404745	0.930494937554608	True
GSM2404746	0.972937246235288	True
GSM2404747	0.930867040139795	True
GSM2404748	0.985448938685306	True
GSM2404749	0.976888523410598	True
GSM2404750	0.982648918127152	True
GSM2404751	0.978191910366449	True
GSM2404752	0.970388035154443	True
GSM2404753	0.969010638844632	True
GSM2404754	0.980469753816107	True
GSM2404755	0.983547309451611	True
GSM2404756	0.983008685820013	True
GSM2404757	0.972474687773038	True
GSM2404758	0.9806897260626	True
GSM2404759	0.736362234671327	True
GSM2404760	0.963431155882202	True
GSM2404761	0.968622089736342	True
GSM2404762	0.940303232769697	True
GSM2404763	0.843237909235751	True
GSM2404764	0.964989463946138	True
GSM2404765	0.947467749396104	True
GSM2404766	0.835929485532199	True
GSM2404767	0.932291720203526	True
GSM2404768	0.937747854242689	True
GSM2404769	0.927074060749345	True
GSM2404770	0.960045227938531	True
GSM2404771	0.945021329084648	True
GSM2404772	0.925620599270186	True
GSM2404773	0.923593565297836	True
GSM2404774	0.940124376830961	True
GSM2404775	0.972240324818831	True
GSM2404776	0.963305751143547	True
GSM2404777	0.986168474071028	True
GSM2404778	0.895097908207843	True
GSM2404779	0.894353703037467	True
GSM2404780	0.927514005242329	True
GSM2404781	0.97557280156242	True
GSM2404782	0.919582669476281	True
GSM2404783	0.903650100221	True
GSM2404784	0.907309451611245	True
GSM2404785	0.930716965616488	True
GSM2404786	0.96818831268952	True
GSM2404787	0.970379811892892	True
GSM2404788	0.964128077298659	True
GSM2404789	0.973327851158966	True
GSM2404790	0.888424731459115	True
GSM2404791	0.986413116102174	True
GSM2404792	0.993332990697435	True
GSM2404793	0.988370252351339	True
GSM2404794	0.992679241404122	True
GSM2404795	0.988325024412808	True
GSM2404796	0.985455106131469	True
GSM2404797	0.98754587038084	True
GSM2404798	0.981483270802282	True
GSM2404799	0.985064501207792	True
GSM2404800	0.98993267204605	True
GSM2404801	0.985806650562779	True
GSM2404802	0.986468623117644	True
GSM2404803	0.983514416405407	True
GSM2404804	0.990701547001079	True
GSM2404805	0.992705967004163	True
GSM2404806	0.986904455979853	True
GSM2404807	0.988234568535746	True
GSM2404808	0.987765842627332	True
GSM2404809	0.989753816107314	True
GSM2404810	0.990522691062343	True
GSM2404811	0.991386133525209	True
GSM2404812	0.917508351750013	True
GSM2404813	0.899040962121601	True
GSM2404814	0.931859998972092	True
GSM2404815	0.93901423652156	True
GSM2404816	0.941470935909955	True
GSM2404817	0.897501156396156	True
GSM2404818	0.83186719432595	True
GSM2404819	0.861775196587346	True
GSM2404820	0.932838567096675	True
GSM2404821	0.975015675592332	True
GSM2404822	0.972852957804389	True
GSM2404823	0.975673536516421	True
GSM2404824	0.858142570797142	True
GSM2404825	0.872381148172894	True
GSM2404826	0.924360384437477	True
GSM2404827	0.974536670606979	True
GSM2404828	0.968344554658992	True
GSM2404829	0.940309400215861	True
GSM2404830	0.98056020969317	True
GSM2404831	0.968665261859485	True
GSM2404832	0.956457830086858	True
GSM2404833	0.964997687207689	True
GSM2404834	0.961926299018348	True
GSM2404835	0.94281749498895	True
GSM2404836	0.959155059875623	True
GSM2404837	0.927345428380531	True
GSM2404838	0.975252094361926	True
GSM2404839	0.954833735930513	True
GSM2404840	0.940952870432235	True
GSM2404841	0.938703808398006	True
GSM2404842	0.942459783111477	True
GSM2404843	0.977482654057666	True
GSM2404844	0.909967620907642	True
GSM2404845	0.908820475921262	True
GSM2404846	0.897860924089017	True
GSM2404847	0.916229634578815	True
GSM2404848	0.95130184509431	True
GSM2404849	0.968599475767076	True
GSM2404850	0.962277843449658	True
GSM2404851	0.970883486662898	True
GSM2404852	0.941740247725754	True
GSM2404853	0.99022870946189	True
GSM2404854	0.94459371948399	True
GSM2404855	0.920941563447602	True
GSM2404856	0.6774096726114	False
GSM2404857	0.916957393226088	True
GSM2404858	0.812308166726628	True
GSM2404859	0.93762656113481	True
GSM2404860	0.908368196535951	True
GSM2404861	0.81483270802282	True
GSM2404862	0.826608418564013	True
GSM2404863	0.754391735622141	True
GSM2404864	0.84194274554145	True
GSM2404865	0.94976615099964	True
GSM2404866	0.927026776995426	True
GSM2404867	0.967481112196125	True
GSM2404868	0.880674307447191	True
GSM2404869	0.918266947628103	True
GSM2404870	0.969510201983862	True
GSM2404871	0.938703808398006	True
GSM2404872	0.957602919257851	True
GSM2404873	0.970645012077915	True
GSM2404874	0.957726268181117	True
GSM2404875	0.936549313871614	True
GSM2404876	0.968274656935807	True
GSM2404877	0.97117746826335	True
GSM2404878	0.945374929331346	True
GSM2404879	0.976471192886879	True
GSM2404880	0.985302975792774	True
GSM2404881	0.991030477463124	True
GSM2404882	0.980149046615614	True
GSM2404883	0.921052577478542	True
GSM2404884	0.838770622398109	True
GSM2404885	0.953415223312946	True
GSM2404886	0.962937760189135	True
GSM2404887	0.994282777406589	True
GSM2404888	0.990931798324511	True
GSM2404889	0.989038392352367	True
GSM2404890	0.938037724212366	True
GSM2404891	0.968227373181888	True
GSM2404892	0.983343783728221	True
GSM2404893	0.993906563190626	True
GSM2404894	0.98828596392044	True
GSM2404895	0.916614072056329	True
GSM2404896	0.898420105874493	True
GSM2404897	0.966056432132395	True
GSM2404898	0.861131726370972	True
GSM2404900	0.949258364598859	True
GSM2404901	0.923365369789793	True
GSM2404902	0.940146990800226	True
GSM2404903	0.947572595980881	True
GSM2404905	0.948522382690034	True
GSM2404907	0.966395641671378	True
GSM2404908	0.963073444004728	True
GSM2404909	0.909609909030169	True
GSM2404910	0.97446266125302	True
GSM2404911	0.985134398930976	True
GSM2404912	0.964652310222542	True
GSM2404913	0.87612273217865	True
GSM2404914	0.93882921313666	True
GSM2404915	0.869836048722825	True
GSM2404916	0.990465128231485	True
GSM2404917	0.965620599270186	True
GSM2404918	0.963521611759264	True
GSM2404919	0.960275479261962	True
GSM2404920	0.959202343629542	True
GSM2404921	0.906302102071234	True
GSM2404922	0.965587706223981	True
GSM2404923	0.949620188107108	True
GSM2404924	0.935772215655034	True
GSM2404925	0.983648044405612	True
GSM2404926	0.990372616539035	True
GSM2404927	0.985784036593514	True
GSM2404928	0.9154751503315	True
GSM2404929	0.972149868941769	True
GSM2404930	0.973887032944442	True
GSM2404931	0.982377550495965	True
GSM2404932	0.953057511435473	True
GSM2404933	0.717064295626253	True
GSM2404934	0.80435832862209	True
GSM2404935	0.935562522485481	True
GSM2404936	0.903944081821452	True
GSM2404937	0.561001182093848	False
GSM2404938	0.894947833684535	True
GSM2404939	0.764964794161484	True
GSM2404940	0.894238577375752	True
GSM2404941	0.590740607493447	False
GSM2404942	0.837637868119443	True
GSM2404943	0.907354679549776	True
GSM2404944	0.849002415583081	True
GSM2404945	0.856711723287249	True
GSM2404946	0.355063987253945	False
GSM2404947	0.901475047540731	True
GSM2404948	0.857988384643059	True
GSM2404949	0.864065374929331	True
GSM2404950	0.779704990491854	True
GSM2404951	0.801383563755975	True
GSM2404952	0.903382844220589	True
GSM2404953	0.916634630210207	True
GSM2404954	0.926019427455415	True
GSM2404955	0.569709616076476	False
GSM2404956	0.920108958215552	True
GSM2404957	0.864511486868479	True
GSM2404958	0.720756540062702	True
GSM2404959	0.748520326874647	True
GSM2404960	0.285242329238834	False
GSM2404961	0.838552705967004	True
GSM2404962	0.822258313203474	True
GSM2404963	0.563811481728941	False
GSM2404964	0.893773963098114	True
GSM2404965	0.552354422572853	False
GSM2404966	0.750477463123811	True
GSM2404967	0.896415685871409	True
GSM2404968	0.888914015521406	True
GSM2404969	0.453611553682479	False
GSM2404970	0.923476383820733	True
GSM2404971	0.782655085573316	True
GSM2404972	0.952251631803464	True
GSM2404973	0.922643778588683	True
GSM2404974	0.896890579225985	True
GSM2404975	0.813884977129054	True
GSM2404976	0.902161689880249	True
GSM2404977	0.605197101300303	False
GSM2404978	0.945115896592486	True
GSM2404979	0.785045998869301	True
GSM2404980	0.476369430025184	False
GSM2404981	0.955240787377294	True
GSM2404982	0.74874852238269	True
GSM2404983	0.909792876599681	True
GSM2404984	0.873398776789844	True
GSM2404985	0.839775916122732	True
GSM2404986	0.9074348563499	True
GSM2404987	0.800918949478337	True
GSM2404988	0.372252659711158	False
GSM2404989	0.852433571465282	True
GSM2404990	0.862165801511024	True
GSM2404991	0.689310787891247	False
GSM2404992	0.470292439738911	False
GSM2404993	0.926695790717994	True
GSM2404994	0.885791231947371	True
GSM2404995	0.841957136249165	True
GSM2404996	0.959967106953796	True
GSM2404997	0.93927326926042	True
GSM2404998	0.928093745181683	True
GSM2404999	0.872148841034075	True
GSM2405000	0.818420105874492	True
GSM2405001	0.788127666135581	True
GSM2405002	0.824782854499666	True
GSM2405003	0.932600092511692	True
GSM2405004	0.864756128899625	True
GSM2405005	0.886553939456237	True
GSM2405006	0.934674410237961	True
GSM2405007	0.92742971681143	True
GSM2405008	0.627177879426428	False
GSM2405009	0.815893508762913	True
GSM2405010	0.975630364393277	True
GSM2405011	0.981308526494321	True
GSM2405012	0.991431361463741	True
GSM2405013	0.980153158246389	True
GSM2405014	0.986717376779565	True
GSM2405015	0.98745335868839	True
GSM2405016	0.933097599835535	True
GSM2405017	0.986384334686745	True
GSM2405018	0.92170221514108	True
GSM2405019	0.958349180243614	True
GSM2405020	0.806849976872077	True
GSM2405021	0.906369943979031	True
GSM2405022	0.987412242380634	True
GSM2405023	0.965466413116102	True
GSM2405024	0.94643573007144	True
GSM2405025	0.957812612427404	True
GSM2405026	0.943814565452022	True
GSM2405027	0.936892635041373	True
GSM2405028	0.957012900241558	True
GSM2405029	0.968998303952305	True
GSM2405030	0.97180654777201	True
GSM2405031	0.983043634681606	True
GSM2405032	0.985383152592897	True
GSM2405033	0.954850182453616	True
GSM2405034	0.964076681913964	True
GSM2405035	0.936514365010022	True
GSM2405036	0.814191293621833	True
GSM2405037	0.989135015675592	True
GSM2405038	0.976676774425657	True
GSM2405039	0.949235750629593	True
GSM2405040	0.888430898905278	True
GSM2405041	0.957442565657604	True
GSM2405042	0.98804543352007	True
GSM2405043	0.967427660996043	True
GSM2405044	0.951910366449093	True
GSM2405045	0.978068561443182	True
GSM2405046	0.982593411111682	True
GSM2405047	0.942174024772575	True
GSM2405048	0.975669424885645	True
GSM2405049	0.973056483527779	True
GSM2405050	0.984098267975536	True
GSM2405051	0.98202189443388	True
GSM2405052	0.978212468520327	True
GSM2405053	0.977242123657296	True
GSM2405054	0.952615511127101	True
GSM2405055	0.920493395693067	True
GSM2405056	0.934199516883384	True
GSM2405057	0.864700621884155	True
GSM2405058	0.936300560209693	True
GSM2405059	0.983078583543198	True
GSM2405060	0.6792599064604	False
GSM2405061	0.90604718096315	True
GSM2405062	0.987319730688184	True
GSM2405063	0.902009559541553	True
GSM2405064	0.981775196587346	True
GSM2405065	0.953460451251478	True
GSM2405066	0.980397800277535	True
GSM2405067	0.956100118209385	True
GSM2405068	0.982163745695637	True
GSM2405069	0.97051138407771	True
GSM2405070	0.891461170786863	True
GSM2405071	0.967982731150743	True
GSM2405072	0.97614637405561	True
GSM2405073	0.988791694505833	True
GSM2405074	0.982597522742458	True
GSM2405075	0.960201469908002	True
GSM2405076	0.986744102379606	True
GSM2405077	0.974037107467749	True
GSM2405078	0.984085933083209	True
GSM2405079	0.990370560723647	True
GSM2405080	0.991295677648147	True
GSM2405081	0.990127974507889	True
GSM2405082	0.990995528601532	True
GSM2405083	0.986228092717274	True
GSM2405084	0.975188364084905	True
GSM2405085	0.903041578866218	True
GSM2405086	0.786302102071234	True
GSM2405087	0.952868376419797	True
GSM2405088	0.94704630724161	True
GSM2405089	0.975737266793442	True
GSM2405090	0.964748933545768	True
GSM2405091	0.919319525106645	True
GSM2405092	0.928963355090713	True
GSM2405093	0.920359767692861	True
GSM2405094	0.969853523153621	True
GSM2405095	0.922096931695534	True
GSM2405096	0.970669681862569	True
GSM2405097	0.979848897568998	True
GSM2405098	0.993666032790255	True
GSM2405099	0.992152952664851	True
GSM2405100	0.990430179369893	True
GSM2405101	0.990204039677237	True
GSM2405102	0.990985249524593	True
GSM2405103	0.958902194582926	True
GSM2405104	0.912621678573264	True
GSM2405105	0.945448938685306	True
GSM2405106	0.935007452330781	True
GSM2405107	0.882645834404071	True
GSM2405108	0.966321632317418	True
GSM2405109	0.983857737575166	True
GSM2405110	0.979696767230303	True
GSM2405111	0.948199619674153	True
GSM2405112	0.950167035000257	True
GSM2405113	0.939425399599116	True
GSM2405114	0.97729351904199	True
GSM2405115	0.978508505936167	True
GSM2405116	0.955100991930925	True
GSM2405117	0.966664953487177	True
GSM2405118	0.907229274811122	True
GSM2405119	0.984437477514519	True
GSM2405120	0.958665775813332	True
GSM2405121	0.912490106388446	True
GSM2405122	0.966046153055456	True
GSM2405123	0.952142673587912	True
GSM2405124	0.965328673485121	True
GSM2405125	0.809376573983656	True
GSM2405126	0.927680526288739	True
GSM2405127	0.938590738551678	True
GSM2405128	0.959689571876446	True
GSM2405129	0.906283599732744	True
GSM2405130	0.979542581076219	True
GSM2405131	0.963961556252249	True
GSM2405132	0.959603227630159	True
GSM2405133	0.984492984529989	True
GSM2405134	0.991139435678676	True
GSM2405135	0.956426992856041	True
GSM2405136	0.987459526134553	True
GSM2405137	0.991861026879786	True
GSM2405138	0.984324407668191	True
GSM2405139	0.991102431001696	True
GSM2405140	0.976347843963612	True
GSM2405141	0.988929434136815	True
GSM2405142	0.943047746312381	True
GSM2405143	0.852544585496222	True
GSM2405144	0.942944955542992	True
GSM2405145	0.985576399239348	True
GSM2405146	0.970240016446523	True
GSM2405147	0.970741635401141	True
GSM2405148	0.737760189135016	True
GSM2405149	0.865280361823508	True
GSM2405150	0.980194274554145	True
GSM2405151	0.963361258159017	True
GSM2405152	0.967086395641671	True
GSM2405153	0.976962532764558	True
GSM2405154	0.985346147915917	True
GSM2405155	0.978469445443799	True
GSM2405156	0.881656987202549	True
GSM2405157	0.92183173151051	True
GSM2405158	0.89688646759521	True
GSM2405159	0.94144832194069	True
GSM2405160	0.938288533689675	True
GSM2405161	0.962804132188929	True
GSM2405162	0.986869507118261	True
GSM2405163	0.989833992907437	True
GSM2405164	0.987167600349489	True
GSM2405165	0.987218995734183	True
GSM2405166	0.987058642133936	True
GSM2405167	0.986460399856093	True
GSM2405168	0.991252505525004	True
GSM2405169	0.981863596649021	True
GSM2405170	0.990697435370304	True
GSM2405171	0.983347895358997	True
GSM2405172	0.881463740556098	True
GSM2405173	0.959919823199877	True
GSM2405174	0.988935601582978	True
GSM2405175	0.989406383306779	True
GSM2405176	0.971882612941358	True
GSM2405177	0.913980572544586	True
GSM2405178	0.992222850388035	True
GSM2405179	0.976499974302308	True
GSM2405180	0.983629542067122	True
GSM2405181	0.989681862568741	True
GSM2405182	0.86623220434805	True
GSM2405183	0.942221308526494	True
GSM2405184	0.782792825204297	True
GSM2405185	0.901150228709462	True
GSM2405186	0.98455671480701	True
GSM2405187	0.934627126484042	True
GSM2405188	0.901565503417793	True
GSM2405189	0.983064192835483	True
GSM2405190	0.977106439841702	True
GSM2405191	0.975741378424217	True
GSM2405192	0.992841650819756	True
GSM2405193	0.984971989515341	True
GSM2405194	0.976674718610269	True
GSM2405195	0.983968751606106	True
GSM2405196	0.980545818985455	True
GSM2405197	0.988374363982114	True
GSM2405198	0.991143547309452	True
GSM2405199	0.981581949940895	True
GSM2405200	0.937751965873465	True
GSM2405201	0.989663360230251	True
GSM2405202	0.986108855424783	True
GSM2405203	0.962939816004523	True
GSM2405204	0.987967312535334	True
GSM2405205	0.949630467184047	True
GSM2405206	0.9274852238269	True
GSM2405207	0.883992393483065	True
GSM2405208	0.85647941614843	True
GSM2405209	0.934565452022408	True
GSM2405210	0.983582258313203	True
GSM2405211	0.990970858816878	True
GSM2405212	0.96439533329907	True
GSM2405213	0.970151616384849	True
GSM2405214	0.969968648815336	True
GSM2405215	0.95282931592743	True
GSM2405216	0.9556601737164	True
GSM2405217	0.950012848846174	True
GSM2405218	0.920145962892532	True
GSM2405219	0.900582823662435	True
GSM2405220	0.986100632163232	True
GSM2405221	0.983855681759778	True
GSM2405222	0.925454078223775	True
GSM2405223	0.972211543403402	True
GSM2405224	0.990319165338953	True
GSM2405225	0.990304774631238	True
GSM2405226	0.992169399187953	True
GSM2405227	0.97592434599373	True
GSM2405228	0.955119494269415	True
GSM2405229	0.989307704168166	True
GSM2405230	0.991213445032636	True
GSM2405231	0.985288585085059	True
GSM2405232	0.992868376419798	True
GSM2405233	0.99266279488102	True
GSM2405234	0.992564115742406	True
GSM2405235	0.994223158760343	True
GSM2405236	0.991587603433212	True
GSM2405237	0.988485378013054	True
GSM2405238	0.990972914632266	True
GSM2405239	0.991949426941461	True
GSM2405240	0.935134912884823	True
GSM2405241	0.944996659299995	True
GSM2405242	0.89577632728581	True
GSM2405243	0.840561237600863	True
GSM2405244	0.963651128128694	True
GSM2405245	0.878569152490106	True
GSM2405246	0.974037107467749	True
GSM2405247	0.965509585239245	True
GSM2405248	0.973985712083055	True
GSM2405249	0.981405149817546	True
GSM2405250	0.975511127100786	True
GSM2405251	0.957693375134913	True
GSM2405252	0.980362851415943	True
GSM2405253	0.989799044045845	True
GSM2405254	0.988189340597214	True
GSM2405255	0.990070411677031	True
GSM2405256	0.986203422932621	True
GSM2405257	0.984622500899419	True
GSM2405258	0.988832810813589	True
GSM2405259	0.876102174024773	True
GSM2405260	0.945379040962122	True
GSM2405261	0.959494269414607	True
GSM2405262	0.928110191704785	True
GSM2405263	0.858997789998458	True
GSM2405264	0.800567405047027	True
GSM2405265	0.907299172534306	True
GSM2405266	0.952621678573264	True
GSM2405267	0.980346404892841	True
GSM2405268	0.970246183892686	True
GSM2405269	0.933654725805623	True
GSM2405270	0.957417895872951	True
GSM2405271	0.983175206866423	True
GSM2405272	0.96083260523205	True
GSM2405273	0.884531017114663	True
GSM2405274	0.975085573315516	True
GSM2405275	0.862461838926864	True
GSM2405276	0.978823045690497	True
GSM2405277	0.986986688595364	True
GSM2405278	0.983294444158915	True
GSM2405279	0.956061057717017	True
GSM2405280	0.968815336382793	True
GSM2405281	0.957800277535077	True
GSM2405282	0.969941923215295	True
GSM2405283	0.974637405560981	True
GSM2405284	0.985085059361669	True
GSM2405285	0.984772575422727	True
GSM2405286	0.881301331140464	True
GSM2405287	0.940556098062394	True
GSM2405288	0.975733155162666	True
GSM2405289	0.978492059413065	True
GSM2405290	0.948394922135992	True
GSM2405291	0.931296705555841	True
GSM2405292	0.881093693786298	True
GSM2405293	0.991737677956519	True
GSM2405294	0.99052474687773	True
GSM2405295	0.990744719124223	True
GSM2405296	0.809436192629902	True
GSM2405297	0.787632214627127	True
GSM2405298	0.74377961659043	True
GSM2405299	0.962941871819911	True
GSM2405300	0.874745335868839	True
GSM2405301	0.961173870586421	True
GSM2405302	0.970149560569461	True
GSM2405303	0.925530143393123	True
GSM2405304	0.943319113943568	True
GSM2405305	0.982100015418615	True
GSM2405306	0.974886159222902	True
GSM2405307	0.97842216168988	True
GSM2405308	0.974341368145141	True
GSM2405309	0.955255178085008	True
GSM2405310	0.963147453358688	True
GSM2405311	0.96731870278049	True
GSM2405312	0.981972554864573	True
GSM2405313	0.974466772883795	True
GSM2405314	0.961126586832502	True
GSM2405315	0.976006578609241	True
GSM2405316	0.967678470473352	True
GSM2405317	0.884420003083723	True
GSM2405318	0.943937914375289	True
GSM2405319	0.974546949683918	True
GSM2405320	0.98048620033921	True
GSM2405321	0.909591406691679	True
GSM2405322	0.974454437991468	True
GSM2405323	0.985798427301228	True
GSM2405324	0.870855733155163	True
GSM2405325	0.961007349540011	True
GSM2405326	0.983944081821452	True
GSM2405327	0.95308834866629	True
GSM2405328	0.924105463329393	True
GSM2405329	0.92916071336794	True
GSM2405330	0.982679755357969	True
GSM2405331	0.929156601737164	True
GSM2405332	0.917783831011975	True
GSM2405333	0.969869969676723	True
GSM2405334	0.975307601377396	True
GSM2405335	0.971469394048414	True
GSM2405336	0.957750937965771	True
GSM2405337	0.953709204913399	True
GSM2405338	0.961241712494218	True
GSM2405339	0.936573983656268	True
GSM2405340	0.926829418718199	True
GSM2405341	0.982182248034127	True
GSM2405342	0.949243973891145	True
GSM2405343	0.990323276969728	True
GSM2405344	0.989406383306779	True
GSM2405345	0.989048671429306	True
GSM2405346	0.987256000411163	True
GSM2405347	0.96807729865858	True
GSM2405348	0.987105925887855	True
GSM2405349	0.986885953641363	True
GSM2405350	0.898576347843964	True
GSM2405351	0.875978825101506	True
GSM2405352	0.989515341522331	True
GSM2405353	0.989905946446009	True
GSM2405354	0.983767281698103	True
GSM2405355	0.936874132702883	True
GSM2405356	0.907698000719535	True
GSM2405357	0.909813434753559	True
GSM2405358	0.948329136043583	True
GSM2405359	0.946931181579894	True
GSM2405360	0.917972966027651	True
GSM2405361	0.964679035822583	True
GSM2405362	0.94141131726371	True
GSM2405363	0.943974919052269	True
GSM2405364	0.970287300200442	True
GSM2405365	0.981927326926042	True
GSM2405366	0.981183121755666	True
GSM2405367	0.973126381250964	True
GSM2405368	0.945882715732127	True
GSM2405369	0.934092614483219	True
GSM2405370	0.912064552603176	True
GSM2405371	0.980038032584674	True
GSM2405372	0.945159068715629	True
GSM2405373	0.969516369430025	True
GSM2405374	0.968186256874133	True
GSM2405375	0.838252556920389	True
GSM2405376	0.896409518425245	True
GSM2405377	0.973214781312638	True
GSM2405378	0.979789278922753	True
GSM2405379	0.952814925219715	True
GSM2405380	0.874381456545202	True
GSM2405381	0.938724366551884	True
GSM2405382	0.94654674410238	True
GSM2405383	0.928809168936629	True
GSM2405384	0.965573315516267	True
GSM2405385	0.970499049185383	True
GSM2405386	0.974259135529629	True
GSM2405387	0.965306059515855	True
GSM2405388	0.955111271007864	True
GSM2405389	0.917054016549314	True
GSM2405390	0.849458806599167	True
GSM2405391	0.799280464614278	True
GSM2405392	0.807890219458293	True
GSM2405393	0.821322917202035	True
GSM2405394	0.722948039266074	True
GSM2405395	0.84495040345377	True
GSM2405396	0.823796063113532	True
GSM2405397	0.784240119237293	True
GSM2405398	0.934581898545511	True
GSM2405399	0.877477514519196	True
GSM2405400	0.737379863288277	True
GSM2405401	0.836096006578609	True
GSM2405402	0.660663000462558	False
GSM2405403	0.637732435627281	False
GSM2405404	0.790831063370509	True
GSM2405405	0.795446368916071	True
GSM2405406	0.752827260112042	True
GSM2405407	0.760271367631187	True
GSM2405408	0.877304826026623	True
GSM2405409	0.918314231382022	True
GSM2405410	0.972441794726834	True
GSM2405411	0.903921467852187	True
GSM2405412	0.899476794983811	True
GSM2405413	0.942936732281441	True
GSM2405414	0.928106080074009	True
GSM2405415	0.965604152747083	True
GSM2405416	0.922401192372925	True
GSM2405417	0.946135581024824	True
GSM2405418	0.79087629130904	True
GSM2405419	0.977597779719381	True
GSM2405420	0.979289715783523	True
GSM2405421	0.943129978927892	True
GSM2405422	0.958474584982269	True
GSM2405423	0.93143650100221	True
GSM2405424	0.923435267512977	True
GSM2405425	0.945323533946652	True
GSM2405426	0.952401706326772	True
GSM2405427	0.89310171146631	True
GSM2405428	0.951710952356478	True
GSM2405429	0.957648147196382	True
GSM2405430	0.922703397234928	True
GSM2405431	0.95414298196022	True
GSM2405432	0.960797656370458	True
GSM2405433	0.892487022665365	True
GSM2405434	0.959903376676774	True
GSM2405435	0.900358739785167	True
GSM2405436	0.950119751246338	True
GSM2405437	0.946844837333607	True
GSM2405438	0.977801305442771	True
GSM2405439	0.925088143084751	True
GSM2405440	0.973710232821093	True
GSM2405441	0.969113429614021	True
GSM2405442	0.978165184766408	True
GSM2405443	0.964896952253688	True
GSM2405444	0.695139024515599	False
GSM2405445	0.950156755923318	True
GSM2405446	0.956708639564167	True
GSM2405447	0.852297887649689	True
GSM2405448	0.968517243151565	True
GSM2405449	0.94207740144935	True
GSM2405450	0.952111836357095	True
GSM2405451	0.839317469291258	True
GSM2405452	0.977926710181426	True
GSM2405453	0.925916636686026	True
GSM2405454	0.979762553322712	True
GSM2405455	0.930332528138973	True
GSM2405456	0.96956776481472	True
GSM2405457	0.974440047283754	True
GSM2405458	0.963213239451097	True
GSM2405459	0.972778948450429	True
GSM2405460	0.972970139281493	True
GSM2405461	0.952140617772524	True
GSM2405462	0.90967363930719	True
GSM2405463	0.958904250398314	True
GSM2405464	0.986452176594542	True
GSM2405465	0.866939404841445	True
GSM2405466	0.917146528241764	True
GSM2405467	0.924755100991931	True
GSM2405468	0.98654674410238	True
GSM2405469	0.906863339672097	True
GSM2405470	0.962752736804235	True
GSM2405471	0.928509019890014	True
GSM2405472	0.963712802590327	True
GSM2405473	0.961124531017115	True
GSM2405474	0.959118055198643	True
GSM2405475	0.980237446677288	True
GSM2405476	0.934701135838002	True
GSM2405477	0.964267872745027	True
GSM2405478	0.906772883795035	True
GSM2405479	0.970889654109061	True
GSM2405480	0.775034177930822	True
GSM2405481	0.957354165595929	True
GSM2405482	0.894189237806445	True
GSM2405483	0.93829264532045	True
GSM2405484	0.938966952767641	True
GSM2405485	0.956498946394614	True
GSM2405486	0.956821709410495	True
GSM2405487	0.983203988281852	True
GSM2405488	0.983654211851776	True
GSM2405489	0.967495502903839	True
GSM2405490	0.94767538675027	True
GSM2405491	0.988031042812355	True
GSM2405492	0.915431978208357	True
GSM2405493	0.985126175669425	True
GSM2405494	0.9845752171455	True
GSM2405495	0.989979955799969	True
GSM2405496	0.985344092100529	True
GSM2405497	0.967538675026983	True
GSM2405498	0.967641465796371	True
GSM2405499	0.980475921262271	True
GSM2405500	0.980216888523411	True
GSM2405501	0.970784807524284	True
GSM2405502	0.951388189340597	True
GSM2405503	0.898763427044251	True
GSM2405504	0.978728478182659	True
GSM2405505	0.967616796011718	True
GSM2405506	0.974109061006322	True
GSM2405507	0.984953487176851	True
GSM2405508	0.934986894176903	True
GSM2405509	0.935521406177725	True
GSM2405510	0.966218841548029	True
GSM2405511	0.972425348203731	True
GSM2405512	0.963270802281955	True
GSM2405513	0.820362851415943	True
GSM2405514	0.969255280875777	True
GSM2405515	0.94437169142211	True
GSM2405516	0.991930924602971	True
GSM2405517	0.988999331859999	True
GSM2405518	0.984657449761011	True
GSM2405519	0.9716400267256	True
GSM2405520	0.948707406074934	True
GSM2405521	0.988423703551421	True
GSM2405522	0.9733052371897	True
GSM2405523	0.924533072930051	True
GSM2405524	0.966496376625379	True
GSM2405525	0.960690753970293	True
GSM2405526	0.674268386698874	False
GSM2405527	0.670851621524387	False
GSM2405528	0.786300046255846	True
GSM2405529	0.828553219920851	True
GSM2405530	0.965184766407977	True
GSM2405531	0.975324047900499	True
GSM2405532	0.968784499151976	True
GSM2405533	0.889499922906923	True
GSM2405534	0.971370714909801	True
GSM2405535	0.936230662486509	True
GSM2405536	0.969684946291823	True
GSM2405537	0.987461581949941	True
GSM2405538	0.93829264532045	True
GSM2405539	0.960643470216375	True
GSM2405540	0.967865549673639	True
GSM2405541	0.980605437631701	True
GSM2405542	0.980432749139127	True
GSM2405543	0.956170015932569	True
GSM2405544	0.980161381507941	True
GSM2405545	0.967775093796577	True
GSM2405546	0.96668962327183	True
GSM2405547	0.955542992239297	True
GSM2405548	0.972008017680012	True
GSM2405549	0.961870792002878	True
GSM2405550	0.973005088143085	True
GSM2405551	0.962652001850234	True
GSM2405552	0.937893817135221	True
GSM2405553	0.957483681965359	True
GSM2405554	0.957740658888832	True
GSM2405555	0.954243716914221	True
GSM2405556	0.962818522896644	True
GSM2405557	0.972661766973326	True
GSM2405558	0.954856349899779	True
GSM2405559	0.964128077298659	True
GSM2405560	0.975597471347073	True
GSM2405561	0.951501259186925	True
GSM2405562	0.661931438556818	False
GSM2405563	0.957498072673074	True
GSM2405564	0.965643213239451	True
GSM2405565	0.950545305031608	True
GSM2405566	0.92485789176132	True
GSM2405567	0.961023796063114	True
GSM2405568	0.949659248599476	True
GSM2405569	0.917302770211235	True
GSM2405570	0.941586061571671	True
GSM2405571	0.912991725343064	True
GSM2405572	0.920918949478337	True
GSM2405573	0.946217813640335	True
GSM2405574	0.9752397594696	True
GSM2405575	0.979855065015162	True
GSM2405576	0.988049545150845	True
GSM2405577	0.977024207226191	True
GSM2405578	0.942295317880454	True
GSM2405579	0.895938736701444	True
GSM2405580	0.942065066557023	True
GSM2405581	0.979626869507118	True
GSM2405582	0.950317109523565	True
GSM2405583	0.984443644960682	True
GSM2405584	0.958092203320142	True
GSM2405585	0.939334943722054	True
GSM2405586	0.960972400678419	True
GSM2405587	0.960966233232256	True
GSM2405588	0.96005550701547	True
GSM2405589	0.903051857943157	True
GSM2405590	0.963114560312484	True
GSM2405591	0.981067996093951	True
GSM2405592	0.990541193400833	True
GSM2405593	0.974501721745387	True
GSM2405594	0.972419180757568	True
GSM2405595	0.952305083003546	True
GSM2405596	0.553974405098422	False
GSM2405597	0.63458703808398	False
GSM2405598	0.890328416508198	True
GSM2405599	0.844584468314745	True
GSM2405600	0.890642956262528	True
GSM2405601	0.516934779256823	False
GSM2405602	0.961854345479776	True
GSM2405603	0.859499408953076	True
GSM2405604	0.86593616693221	True
GSM2405605	0.965632934162512	True
GSM2405606	0.923131006835586	True
GSM2405607	0.949755871922701	True
GSM2405608	0.943185485943362	True
GSM2405609	0.9539949632523	True
GSM2405610	0.948392866320604	True
GSM2405611	0.918809682890476	True
GSM2405612	0.951131212417125	True
GSM2405613	0.909593462507067	True
GSM2405614	0.916957393226088	True
GSM2405615	0.96916071336794	True
GSM2405616	0.963749807267307	True
GSM2405617	0.780406023539086	True
GSM2405618	0.823818677082798	True
GSM2405619	0.902494731973069	True
GSM2405620	0.901160507786401	True
GSM2405621	0.912888934573675	True
GSM2405622	0.949706532353395	True
GSM2405623	0.90150382895616	True
GSM2405624	0.936364290486714	True
GSM2405625	0.951671891864111	True
GSM2405626	0.934501721745387	True
GSM2405627	0.897566942488565	True
GSM2405628	0.98726833530349	True
GSM2405629	0.837658426273321	True
GSM2405630	0.97169553374107	True
GSM2405631	0.979141697075603	True
GSM2405632	0.950806393585856	True
GSM2405633	0.950016960476949	True
GSM2405634	0.753898339929074	True
GSM2405635	0.964212365729557	True
GSM2405636	0.97271316235802	True
GSM2405637	0.974865601069024	True
GSM2405638	0.881790615202755	True
GSM2405639	0.968591252505525	True
GSM2405640	0.926926042041425	True
GSM2405641	0.975737266793442	True
GSM2405642	0.986752325641157	True
GSM2405643	0.970776584262733	True
GSM2405644	0.938352263966696	True
GSM2405645	0.930655291154854	True
GSM2405646	0.739336999537442	True
GSM2405647	0.928502852443851	True
GSM2405648	0.886253790409621	True
GSM2405649	0.89760805879632	True
GSM2405650	0.868775247982731	True
GSM2405651	0.972612427404019	True
GSM2405652	0.96369224443645	True
GSM2405653	0.984564938068561	True
GSM2405654	0.93260214832708	True
GSM2405655	0.79573418307036	True
GSM2405656	0.96406229120625	True
GSM2405657	0.74608418564013	True
