cohort	geo_accession	n_probes_compared	pearson_r	mean_abs_diff	material
GSE90496	GSM2404697	364128	0.99636	0.03687	FFPE
GSE90496	GSM2405146	410027	0.99571	0.03703	FFPE
GSE90496	GSM2404981	403250	0.998	0.02278	FFPE
GSE90496	GSM2404302	401022	0.99692	0.03236	FFPE
GSE90496	GSM2403653	415854	0.99899	0.02089	FFPE
GSE90496	GSM2404369	371229	0.9935	0.03813	FFPE
GSE90496	GSM2404416	368758	0.9965	0.03334	FFPE
GSE90496	GSM2403189	418300	0.99931	0.01617	Frozen
GSE90496	GSM2405193	416027	0.99885	0.0208	Frozen
GSE90496	GSM2402884	419850	0.99887	0.01991	Frozen
GSE90496	GSM2405138	415817	0.99893	0.01932	Frozen
GSE90496	GSM2403160	420398	0.99882	0.0225	Frozen
GSE90496	GSM2402917	420408	0.99887	0.02144	Frozen
GSE90496	GSM2403072	418703	0.99966	0.00913	Frozen
GSE109379	GSM2941211	412483	0.99833	0.02644	FFPE
GSE109379	GSM2940866	394830	0.998	0.02644	FFPE
GSE109379	GSM2940815	407119	0.99737	0.03015	FFPE
GSE109379	GSM2941672	399192	0.99785	0.02926	FFPE
GSE109379	GSM2941742	415828	0.99819	0.02706	Frozen
GSE109379	GSM2940800	418162	0.99872	0.02111	Frozen
