cohort	geo_accession	zarr_row	n_nan	nan_positions_match	max_abs_diff
GSE90496	GSM2404697	1843	122104	True	0.0
GSE90496	GSM2405146	2289	76145	True	0.0
GSE90496	GSM2404981	2124	82908	True	0.0
GSE90496	GSM2404302	1448	85163	True	0.0
GSE90496	GSM2403653	799	70291	True	0.0
GSE90496	GSM2404369	1515	114950	True	0.0
GSE90496	GSM2404416	1562	117442	True	0.0
GSE90496	GSM2403189	335	67841	True	0.0
GSE90496	GSM2405193	2336	70123	True	0.0
GSE90496	GSM2402884	30	66290	True	0.0
GSE90496	GSM2405138	2281	70334	True	0.0
GSE90496	GSM2403160	306	65743	True	0.0
GSE90496	GSM2402917	63	65734	True	0.0
GSE90496	GSM2403072	218	67439	True	0.0
GSE109379	GSM2941211	486	73674	True	0.0
GSE109379	GSM2940866	141	91332	True	0.0
GSE109379	GSM2940815	90	79056	True	0.0
GSE109379	GSM2941672	947	86994	True	0.0
GSE109379	GSM2941742	1017	70326	True	0.0
GSE109379	GSM2940800	75	67986	True	0.0
