outer	setting	transform	C	log_loss_heldout	converged
0	s002	raw	0.01000	0.67910	True
0	s002	raw	0.10000	0.22187	True
0	s002	raw	1.00000	0.14372	True
0	s002	raw	10.00000	0.15136	True
0	s002	raw	100.00000	0.22004	True
0	s002	log	0.01000	1.93569	True
0	s002	log	0.10000	0.98756	True
0	s002	log	1.00000	0.74291	True
0	s002	log	10.00000	0.77625	True
0	s002	log	100.00000	0.93641	True
1	s001	raw	0.01000	0.67560	True
1	s001	raw	0.10000	0.22855	True
1	s001	raw	1.00000	0.16420	True
1	s001	raw	10.00000	0.18523	True
1	s001	raw	100.00000	0.28504	True
1	s001	log	0.01000	1.92509	True
1	s001	log	0.10000	0.97186	True
1	s001	log	1.00000	0.73083	True
1	s001	log	10.00000	0.77429	True
1	s001	log	100.00000	0.93870	True
2	s000	raw	0.01000	0.67544	True
2	s000	raw	0.10000	0.21510	True
2	s000	raw	1.00000	0.12966	True
2	s000	raw	10.00000	0.12815	True
2	s000	raw	100.00000	0.18884	True
2	s000	log	0.01000	1.91460	True
2	s000	log	0.10000	0.95059	True
2	s000	log	1.00000	0.68995	True
2	s000	log	10.00000	0.71861	True
2	s000	log	100.00000	0.88710	True
3	s004	raw	0.01000	0.66545	True
3	s004	raw	0.10000	0.21592	True
3	s004	raw	1.00000	0.14116	True
3	s004	raw	10.00000	0.14221	True
3	s004	raw	100.00000	0.19958	True
3	s004	log	0.01000	1.91172	True
3	s004	log	0.10000	0.96119	True
3	s004	log	1.00000	0.71234	True
3	s004	log	10.00000	0.74592	True
3	s004	log	100.00000	0.87949	True
4	s003	raw	0.01000	0.67052	True
4	s003	raw	0.10000	0.21210	True
4	s003	raw	1.00000	0.13675	True
4	s003	raw	10.00000	0.14103	True
4	s003	raw	100.00000	0.22421	True
4	s003	log	0.01000	1.93142	True
4	s003	log	0.10000	0.97991	True
4	s003	log	1.00000	0.73526	True
4	s003	log	10.00000	0.77054	True
4	s003	log	100.00000	0.93799	True
