outer	stage	group	level	metric	value	n	n_classes
0	before	all	class	macro_f1	0.94643	2213	91
0	before	all	class	balanced_accuracy	0.93143	2213	91
0	before	all	class	accuracy	0.95978	2213	91
0	before	all	class	brier	0.26038	2213	91
0	before	all	class	ece	0.38705	2213	91
0	before	all	class	confident_share	0.04745	2213	91
0	before	all	class	confident_accuracy	1.00000	2213	91
0	before	FFPE	class	macro_f1	0.93340	1483	89
0	before	FFPE	class	balanced_accuracy	0.92601	1483	89
0	before	FFPE	class	accuracy	0.95819	1483	89
0	before	FFPE	class	brier	0.29100	1483	89
0	before	FFPE	class	ece	0.42146	1483	89
0	before	FFPE	class	confident_share	0.03844	1483	89
0	before	FFPE	class	confident_accuracy	1.00000	1483	89
0	before	Frozen	class	macro_f1	0.91098	730	56
0	before	Frozen	class	balanced_accuracy	0.91056	730	56
0	before	Frozen	class	accuracy	0.96301	730	56
0	before	Frozen	class	brier	0.19818	730	56
0	before	Frozen	class	ece	0.31715	730	56
0	before	Frozen	class	confident_share	0.06575	730	56
0	before	Frozen	class	confident_accuracy	1.00000	730	56
0	before	all	family	macro_f1	0.95391	2213	75
0	before	all	family	balanced_accuracy	0.93588	2213	75
0	before	all	family	accuracy	0.97786	2213	75
0	before	all	family	brier	0.18820	2213	75
0	before	all	family	ece	0.32563	2213	75
0	before	all	family	confident_share	0.14415	2213	75
0	before	all	family	confident_accuracy	1.00000	2213	75
0	before	FFPE	family	macro_f1	0.93762	1483	73
0	before	FFPE	family	balanced_accuracy	0.92740	1483	73
0	before	FFPE	family	accuracy	0.97370	1483	73
0	before	FFPE	family	brier	0.22038	1483	73
0	before	FFPE	family	ece	0.36110	1483	73
0	before	FFPE	family	confident_share	0.12205	1483	73
0	before	FFPE	family	confident_accuracy	1.00000	1483	73
0	before	Frozen	family	macro_f1	0.93254	730	43
0	before	Frozen	family	balanced_accuracy	0.92291	730	43
0	before	Frozen	family	accuracy	0.98630	730	43
0	before	Frozen	family	brier	0.12281	730	43
0	before	Frozen	family	ece	0.25355	730	43
0	before	Frozen	family	confident_share	0.18904	730	43
0	before	Frozen	family	confident_accuracy	1.00000	730	43
0	after	all	class	macro_f1	0.94638	2213	91
0	after	all	class	balanced_accuracy	0.94334	2213	91
0	after	all	class	accuracy	0.95481	2213	91
0	after	all	class	brier	0.06718	2213	91
0	after	all	class	ece	0.01998	2213	91
0	after	all	class	confident_share	0.84953	2213	91
0	after	all	class	confident_accuracy	0.99468	2213	91
0	after	FFPE	class	macro_f1	0.94814	1483	89
0	after	FFPE	class	balanced_accuracy	0.94960	1483	89
0	after	FFPE	class	accuracy	0.95347	1483	89
0	after	FFPE	class	brier	0.07034	1483	89
0	after	FFPE	class	ece	0.02691	1483	89
0	after	FFPE	class	confident_share	0.83749	1483	89
0	after	FFPE	class	confident_accuracy	0.99517	1483	89
0	after	Frozen	class	macro_f1	0.91156	730	56
0	after	Frozen	class	balanced_accuracy	0.92696	730	56
0	after	Frozen	class	accuracy	0.95753	730	56
0	after	Frozen	class	brier	0.06075	730	56
0	after	Frozen	class	ece	0.01697	730	56
0	after	Frozen	class	confident_share	0.87397	730	56
0	after	Frozen	class	confident_accuracy	0.99373	730	56
0	after	all	family	macro_f1	0.95868	2213	75
0	after	all	family	balanced_accuracy	0.95627	2213	75
0	after	all	family	accuracy	0.98147	2213	75
0	after	all	family	brier	0.03252	2213	75
0	after	all	family	ece	0.01948	2213	75
0	after	all	family	confident_share	0.91369	2213	75
0	after	all	family	confident_accuracy	0.99852	2213	75
0	after	FFPE	family	macro_f1	0.96353	1483	73
0	after	FFPE	family	balanced_accuracy	0.96702	1483	73
0	after	FFPE	family	accuracy	0.98247	1483	73
0	after	FFPE	family	brier	0.03340	1483	73
0	after	FFPE	family	ece	0.02589	1483	73
0	after	FFPE	family	confident_share	0.89885	1483	73
0	after	FFPE	family	confident_accuracy	0.99925	1483	73
0	after	Frozen	family	macro_f1	0.91338	730	43
0	after	Frozen	family	balanced_accuracy	0.92112	730	43
0	after	Frozen	family	accuracy	0.97945	730	43
0	after	Frozen	family	brier	0.03074	730	43
0	after	Frozen	family	ece	0.01205	730	43
0	after	Frozen	family	confident_share	0.94384	730	43
0	after	Frozen	family	confident_accuracy	0.99710	730	43
1	before	all	class	macro_f1	0.94616	2213	91
1	before	all	class	balanced_accuracy	0.93253	2213	91
1	before	all	class	accuracy	0.95572	2213	91
1	before	all	class	brier	0.26263	2213	91
1	before	all	class	ece	0.38537	2213	91
1	before	all	class	confident_share	0.04609	2213	91
1	before	all	class	confident_accuracy	1.00000	2213	91
1	before	FFPE	class	macro_f1	0.92426	1475	89
1	before	FFPE	class	balanced_accuracy	0.91428	1475	89
1	before	FFPE	class	accuracy	0.95119	1475	89
1	before	FFPE	class	brier	0.29598	1475	89
1	before	FFPE	class	ece	0.41894	1475	89
1	before	FFPE	class	confident_share	0.03390	1475	89
1	before	FFPE	class	confident_accuracy	1.00000	1475	89
1	before	Frozen	class	macro_f1	0.91633	738	54
1	before	Frozen	class	balanced_accuracy	0.91845	738	54
1	before	Frozen	class	accuracy	0.96477	738	54
1	before	Frozen	class	brier	0.19597	738	54
1	before	Frozen	class	ece	0.31829	738	54
1	before	Frozen	class	confident_share	0.07046	738	54
1	before	Frozen	class	confident_accuracy	1.00000	738	54
1	before	all	family	macro_f1	0.95729	2213	75
1	before	all	family	balanced_accuracy	0.94252	2213	75
1	before	all	family	accuracy	0.97921	2213	75
1	before	all	family	brier	0.18723	2213	75
1	before	all	family	ece	0.32730	2213	75
1	before	all	family	confident_share	0.14867	2213	75
1	before	all	family	confident_accuracy	1.00000	2213	75
1	before	FFPE	family	macro_f1	0.93159	1475	73
1	before	FFPE	family	balanced_accuracy	0.92076	1475	73
1	before	FFPE	family	accuracy	0.97356	1475	73
1	before	FFPE	family	brier	0.22164	1475	73
1	before	FFPE	family	ece	0.36290	1475	73
1	before	FFPE	family	confident_share	0.13017	1475	73
1	before	FFPE	family	confident_accuracy	1.00000	1475	73
1	before	Frozen	family	macro_f1	0.95891	738	42
1	before	Frozen	family	balanced_accuracy	0.95090	738	42
1	before	Frozen	family	accuracy	0.99051	738	42
1	before	Frozen	family	brier	0.11846	738	42
1	before	Frozen	family	ece	0.25614	738	42
1	before	Frozen	family	confident_share	0.18564	738	42
1	before	Frozen	family	confident_accuracy	1.00000	738	42
1	after	all	class	macro_f1	0.94967	2213	91
1	after	all	class	balanced_accuracy	0.94806	2213	91
1	after	all	class	accuracy	0.95391	2213	91
1	after	all	class	brier	0.07447	2213	91
1	after	all	class	ece	0.01561	2213	91
1	after	all	class	confident_share	0.84681	2213	91
1	after	all	class	confident_accuracy	0.98773	2213	91
1	after	FFPE	class	macro_f1	0.92995	1475	89
1	after	FFPE	class	balanced_accuracy	0.92901	1475	89
1	after	FFPE	class	accuracy	0.94915	1475	89
1	after	FFPE	class	brier	0.07948	1475	89
1	after	FFPE	class	ece	0.01467	1475	89
1	after	FFPE	class	confident_share	0.84339	1475	89
1	after	FFPE	class	confident_accuracy	0.98875	1475	89
1	after	Frozen	class	macro_f1	0.92970	738	54
1	after	Frozen	class	balanced_accuracy	0.93550	738	54
1	after	Frozen	class	accuracy	0.96341	738	54
1	after	Frozen	class	brier	0.06447	738	54
1	after	Frozen	class	ece	0.02117	738	54
1	after	Frozen	class	confident_share	0.85366	738	54
1	after	Frozen	class	confident_accuracy	0.98571	738	54
1	after	all	family	macro_f1	0.97055	2213	75
1	after	all	family	balanced_accuracy	0.96997	2213	75
1	after	all	family	accuracy	0.98690	2213	75
1	after	all	family	brier	0.02820	2213	75
1	after	all	family	ece	0.01913	2213	75
1	after	all	family	confident_share	0.92363	2213	75
1	after	all	family	confident_accuracy	0.99609	2213	75
1	after	FFPE	family	macro_f1	0.95076	1475	73
1	after	FFPE	family	balanced_accuracy	0.95117	1475	73
1	after	FFPE	family	accuracy	0.98644	1475	73
1	after	FFPE	family	brier	0.03007	1475	73
1	after	FFPE	family	ece	0.02327	1475	73
1	after	FFPE	family	confident_share	0.91254	1475	73
1	after	FFPE	family	confident_accuracy	0.99629	1475	73
1	after	Frozen	family	macro_f1	0.95506	738	42
1	after	Frozen	family	balanced_accuracy	0.94532	738	42
1	after	Frozen	family	accuracy	0.98780	738	42
1	after	Frozen	family	brier	0.02447	738	42
1	after	Frozen	family	ece	0.01385	738	42
1	after	Frozen	family	confident_share	0.94580	738	42
1	after	Frozen	family	confident_accuracy	0.99570	738	42
2	before	all	class	macro_f1	0.94654	2214	91
2	before	all	class	balanced_accuracy	0.93366	2214	91
2	before	all	class	accuracy	0.95393	2214	91
2	before	all	class	brier	0.27166	2214	91
2	before	all	class	ece	0.39235	2214	91
2	before	all	class	confident_share	0.04472	2214	91
2	before	all	class	confident_accuracy	1.00000	2214	91
2	before	FFPE	class	macro_f1	0.93380	1475	89
2	before	FFPE	class	balanced_accuracy	0.92324	1475	89
2	before	FFPE	class	accuracy	0.94847	1475	89
2	before	FFPE	class	brier	0.30643	1475	89
2	before	FFPE	class	ece	0.42558	1475	89
2	before	FFPE	class	confident_share	0.03186	1475	89
2	before	FFPE	class	confident_accuracy	1.00000	1475	89
2	before	Frozen	class	macro_f1	0.92468	739	54
2	before	Frozen	class	balanced_accuracy	0.92535	739	54
2	before	Frozen	class	accuracy	0.96482	739	54
2	before	Frozen	class	brier	0.20227	739	54
2	before	Frozen	class	ece	0.32602	739	54
2	before	Frozen	class	confident_share	0.07037	739	54
2	before	Frozen	class	confident_accuracy	1.00000	739	54
2	before	all	family	macro_f1	0.95385	2214	75
2	before	all	family	balanced_accuracy	0.93940	2214	75
2	before	all	family	accuracy	0.97606	2214	75
2	before	all	family	brier	0.19230	2214	75
2	before	all	family	ece	0.32940	2214	75
2	before	all	family	confident_share	0.14182	2214	75
2	before	all	family	confident_accuracy	1.00000	2214	75
2	before	FFPE	family	macro_f1	0.93947	1475	73
2	before	FFPE	family	balanced_accuracy	0.92724	1475	73
2	before	FFPE	family	accuracy	0.96814	1475	73
2	before	FFPE	family	brier	0.22703	1475	73
2	before	FFPE	family	ece	0.36298	1475	73
2	before	FFPE	family	confident_share	0.11729	1475	73
2	before	FFPE	family	confident_accuracy	1.00000	1475	73
2	before	Frozen	family	macro_f1	0.95265	739	42
2	before	Frozen	family	balanced_accuracy	0.95476	739	42
2	before	Frozen	family	accuracy	0.99188	739	42
2	before	Frozen	family	brier	0.12297	739	42
2	before	Frozen	family	ece	0.26236	739	42
2	before	Frozen	family	confident_share	0.19080	739	42
2	before	Frozen	family	confident_accuracy	1.00000	739	42
2	after	all	class	macro_f1	0.94631	2214	91
2	after	all	class	balanced_accuracy	0.94629	2214	91
2	after	all	class	accuracy	0.95574	2214	91
2	after	all	class	brier	0.06364	2214	91
2	after	all	class	ece	0.01616	2214	91
2	after	all	class	confident_share	0.90515	2214	91
2	after	all	class	confident_accuracy	0.98703	2214	91
2	after	FFPE	class	macro_f1	0.92570	1475	89
2	after	FFPE	class	balanced_accuracy	0.92535	1475	89
2	after	FFPE	class	accuracy	0.94983	1475	89
2	after	FFPE	class	brier	0.07177	1475	89
2	after	FFPE	class	ece	0.02089	1475	89
2	after	FFPE	class	confident_share	0.89356	1475	89
2	after	FFPE	class	confident_accuracy	0.98634	1475	89
2	after	Frozen	class	macro_f1	0.92308	739	54
2	after	Frozen	class	balanced_accuracy	0.93987	739	54
2	after	Frozen	class	accuracy	0.96752	739	54
2	after	Frozen	class	brier	0.04740	739	54
2	after	Frozen	class	ece	0.01044	739	54
2	after	Frozen	class	confident_share	0.92828	739	54
2	after	Frozen	class	confident_accuracy	0.98834	739	54
2	after	all	family	macro_f1	0.95785	2214	75
2	after	all	family	balanced_accuracy	0.95869	2214	75
2	after	all	family	accuracy	0.98148	2214	75
2	after	all	family	brier	0.02703	2214	75
2	after	all	family	ece	0.00770	2214	75
2	after	all	family	confident_share	0.95935	2214	75
2	after	all	family	confident_accuracy	0.99529	2214	75
2	after	FFPE	family	macro_f1	0.93228	1475	73
2	after	FFPE	family	balanced_accuracy	0.93296	1475	73
2	after	FFPE	family	accuracy	0.97627	1475	73
2	after	FFPE	family	brier	0.03510	1475	73
2	after	FFPE	family	ece	0.01035	1475	73
2	after	FFPE	family	confident_share	0.94712	1475	73
2	after	FFPE	family	confident_accuracy	0.99427	1475	73
2	after	Frozen	family	macro_f1	0.95413	739	42
2	after	Frozen	family	balanced_accuracy	0.96349	739	42
2	after	Frozen	family	accuracy	0.99188	739	42
2	after	Frozen	family	brier	0.01093	739	42
2	after	Frozen	family	ece	0.00518	739	42
2	after	Frozen	family	confident_share	0.98376	739	42
2	after	Frozen	family	confident_accuracy	0.99725	739	42
3	before	all	class	macro_f1	0.94021	2214	91
3	before	all	class	balanced_accuracy	0.92457	2214	91
3	before	all	class	accuracy	0.95348	2214	91
3	before	all	class	brier	0.25701	2214	91
3	before	all	class	ece	0.37872	2214	91
3	before	all	class	confident_share	0.04562	2214	91
3	before	all	class	confident_accuracy	1.00000	2214	91
3	before	FFPE	class	macro_f1	0.91739	1475	90
3	before	FFPE	class	balanced_accuracy	0.90575	1475	90
3	before	FFPE	class	accuracy	0.94712	1475	90
3	before	FFPE	class	brier	0.29007	1475	90
3	before	FFPE	class	ece	0.40972	1475	90
3	before	FFPE	class	confident_share	0.03390	1475	90
3	before	FFPE	class	confident_accuracy	1.00000	1475	90
3	before	Frozen	class	macro_f1	0.90404	739	55
3	before	Frozen	class	balanced_accuracy	0.90932	739	55
3	before	Frozen	class	accuracy	0.96617	739	55
3	before	Frozen	class	brier	0.19102	739	55
3	before	Frozen	class	ece	0.31685	739	55
3	before	Frozen	class	confident_share	0.06901	739	55
3	before	Frozen	class	confident_accuracy	1.00000	739	55
3	before	all	family	macro_f1	0.95051	2214	75
3	before	all	family	balanced_accuracy	0.93308	2214	75
3	before	all	family	accuracy	0.97696	2214	75
3	before	all	family	brier	0.18534	2214	75
3	before	all	family	ece	0.32314	2214	75
3	before	all	family	confident_share	0.14182	2214	75
3	before	all	family	confident_accuracy	1.00000	2214	75
3	before	FFPE	family	macro_f1	0.92591	1475	74
3	before	FFPE	family	balanced_accuracy	0.91315	1475	74
3	before	FFPE	family	accuracy	0.97017	1475	74
3	before	FFPE	family	brier	0.21928	1475	74
3	before	FFPE	family	ece	0.35668	1475	74
3	before	FFPE	family	confident_share	0.12407	1475	74
3	before	FFPE	family	confident_accuracy	1.00000	1475	74
3	before	Frozen	family	macro_f1	0.91511	739	42
3	before	Frozen	family	balanced_accuracy	0.91043	739	42
3	before	Frozen	family	accuracy	0.99053	739	42
3	before	Frozen	family	brier	0.11759	739	42
3	before	Frozen	family	ece	0.25620	739	42
3	before	Frozen	family	confident_share	0.17727	739	42
3	before	Frozen	family	confident_accuracy	1.00000	739	42
3	after	all	class	macro_f1	0.93957	2214	91
3	after	all	class	balanced_accuracy	0.93491	2214	91
3	after	all	class	accuracy	0.95483	2214	91
3	after	all	class	brier	0.06828	2214	91
3	after	all	class	ece	0.01464	2214	91
3	after	all	class	confident_share	0.85140	2214	91
3	after	all	class	confident_accuracy	0.99469	2214	91
3	after	FFPE	class	macro_f1	0.91959	1475	90
3	after	FFPE	class	balanced_accuracy	0.91684	1475	90
3	after	FFPE	class	accuracy	0.94847	1475	90
3	after	FFPE	class	brier	0.07588	1475	90
3	after	FFPE	class	ece	0.01621	1475	90
3	after	FFPE	class	confident_share	0.83797	1475	90
3	after	FFPE	class	confident_accuracy	0.99515	1475	90
3	after	Frozen	class	macro_f1	0.90364	739	55
3	after	Frozen	class	balanced_accuracy	0.91379	739	55
3	after	Frozen	class	accuracy	0.96752	739	55
3	after	Frozen	class	brier	0.05311	739	55
3	after	Frozen	class	ece	0.01346	739	55
3	after	Frozen	class	confident_share	0.87821	739	55
3	after	Frozen	class	confident_accuracy	0.99384	739	55
3	after	all	family	macro_f1	0.95298	2214	75
3	after	all	family	balanced_accuracy	0.94716	2214	75
3	after	all	family	accuracy	0.98238	2214	75
3	after	all	family	brier	0.02922	2214	75
3	after	all	family	ece	0.01629	2214	75
3	after	all	family	confident_share	0.91960	2214	75
3	after	all	family	confident_accuracy	0.99951	2214	75
3	after	FFPE	family	macro_f1	0.93053	1475	74
3	after	FFPE	family	balanced_accuracy	0.92788	1475	74
3	after	FFPE	family	accuracy	0.97831	1475	74
3	after	FFPE	family	brier	0.03562	1475	74
3	after	FFPE	family	ece	0.02054	1475	74
3	after	FFPE	family	confident_share	0.90237	1475	74
3	after	FFPE	family	confident_accuracy	0.99925	1475	74
3	after	Frozen	family	macro_f1	0.93267	739	42
3	after	Frozen	family	balanced_accuracy	0.92574	739	42
3	after	Frozen	family	accuracy	0.99053	739	42
3	after	Frozen	family	brier	0.01643	739	42
3	after	Frozen	family	ece	0.01525	739	42
3	after	Frozen	family	confident_share	0.95399	739	42
3	after	Frozen	family	confident_accuracy	1.00000	739	42
4	before	all	class	macro_f1	0.94998	2214	91
4	before	all	class	balanced_accuracy	0.93767	2214	91
4	before	all	class	accuracy	0.95799	2214	91
4	before	all	class	brier	0.26714	2214	91
4	before	all	class	ece	0.39450	2214	91
4	before	all	class	confident_share	0.04472	2214	91
4	before	all	class	confident_accuracy	1.00000	2214	91
4	before	FFPE	class	macro_f1	0.92589	1468	90
4	before	FFPE	class	balanced_accuracy	0.91809	1468	90
4	before	FFPE	class	accuracy	0.94959	1468	90
4	before	FFPE	class	brier	0.30264	1468	90
4	before	FFPE	class	ece	0.42512	1468	90
4	before	FFPE	class	confident_share	0.03065	1468	90
4	before	FFPE	class	confident_accuracy	1.00000	1468	90
4	before	Frozen	class	macro_f1	0.95090	746	54
4	before	Frozen	class	balanced_accuracy	0.93920	746	54
4	before	Frozen	class	accuracy	0.97453	746	54
4	before	Frozen	class	brier	0.19728	746	54
4	before	Frozen	class	ece	0.33426	746	54
4	before	Frozen	class	confident_share	0.07239	746	54
4	before	Frozen	class	confident_accuracy	1.00000	746	54
4	before	all	family	macro_f1	0.95865	2214	75
4	before	all	family	balanced_accuracy	0.94407	2214	75
4	before	all	family	accuracy	0.98013	2214	75
4	before	all	family	brier	0.19140	2214	75
4	before	all	family	ece	0.33318	2214	75
4	before	all	family	confident_share	0.13821	2214	75
4	before	all	family	confident_accuracy	1.00000	2214	75
4	before	FFPE	family	macro_f1	0.93355	1468	74
4	before	FFPE	family	balanced_accuracy	0.92339	1468	74
4	before	FFPE	family	accuracy	0.97343	1468	74
4	before	FFPE	family	brier	0.22613	1468	74
4	before	FFPE	family	ece	0.36695	1468	74
4	before	FFPE	family	confident_share	0.11989	1468	74
4	before	FFPE	family	confident_accuracy	1.00000	1468	74
4	before	Frozen	family	macro_f1	0.96139	746	41
4	before	Frozen	family	balanced_accuracy	0.95244	746	41
4	before	Frozen	family	accuracy	0.99330	746	41
4	before	Frozen	family	brier	0.12305	746	41
4	before	Frozen	family	ece	0.26672	746	41
4	before	Frozen	family	confident_share	0.17426	746	41
4	before	Frozen	family	confident_accuracy	1.00000	746	41
4	after	all	class	macro_f1	0.95834	2214	91
4	after	all	class	balanced_accuracy	0.95658	2214	91
4	after	all	class	accuracy	0.95980	2214	91
4	after	all	class	brier	0.06457	2214	91
4	after	all	class	ece	0.01642	2214	91
4	after	all	class	confident_share	0.85908	2214	91
4	after	all	class	confident_accuracy	0.99369	2214	91
4	after	FFPE	class	macro_f1	0.94163	1468	90
4	after	FFPE	class	balanced_accuracy	0.93812	1468	90
4	after	FFPE	class	accuracy	0.95708	1468	90
4	after	FFPE	class	brier	0.07180	1468	90
4	after	FFPE	class	ece	0.02251	1468	90
4	after	FFPE	class	confident_share	0.84469	1468	90
4	after	FFPE	class	confident_accuracy	0.99355	1468	90
4	after	Frozen	class	macro_f1	0.91772	746	54
4	after	Frozen	class	balanced_accuracy	0.94125	746	54
4	after	Frozen	class	accuracy	0.96515	746	54
4	after	Frozen	class	brier	0.05033	746	54
4	after	Frozen	class	ece	0.00943	746	54
4	after	Frozen	class	confident_share	0.88740	746	54
4	after	Frozen	class	confident_accuracy	0.99396	746	54
4	after	all	family	macro_f1	0.97018	2214	75
4	after	all	family	balanced_accuracy	0.96732	2214	75
4	after	all	family	accuracy	0.98555	2214	75
4	after	all	family	brier	0.02773	2214	75
4	after	all	family	ece	0.01894	2214	75
4	after	all	family	confident_share	0.92412	2214	75
4	after	all	family	confident_accuracy	0.99853	2214	75
4	after	FFPE	family	macro_f1	0.95033	1468	74
4	after	FFPE	family	balanced_accuracy	0.94632	1468	74
4	after	FFPE	family	accuracy	0.98433	1468	74
4	after	FFPE	family	brier	0.03109	1468	74
4	after	FFPE	family	ece	0.02365	1468	74
4	after	FFPE	family	confident_share	0.91076	1468	74
4	after	FFPE	family	confident_accuracy	0.99850	1468	74
4	after	Frozen	family	macro_f1	0.94620	746	41
4	after	Frozen	family	balanced_accuracy	0.96470	746	41
4	after	Frozen	family	accuracy	0.98794	746	41
4	after	Frozen	family	brier	0.02110	746	41
4	after	Frozen	family	ece	0.01274	746	41
4	after	Frozen	family	confident_share	0.95040	746	41
4	after	Frozen	family	confident_accuracy	0.99859	746	41
