stage	outer	inner	setting	n_train	n_test	n_features	seconds_features	seconds_model	finished
inner	0	0	s000	1475	738	5000	10.9	8.8	2026-10-04 09:53:54
inner	0	0	s003	1475	738	5000	30.7	9.0	2026-10-04 09:54:34
inner	0	0	s001	1475	738	10000	10.6	12.9	2026-10-04 09:54:57
inner	0	0	s004	1475	738	10000	29.8	13.1	2026-10-04 09:55:40
inner	0	0	s002	1475	738	20000	10.7	19.3	2026-10-04 09:56:10
inner	0	0	s005	1475	738	20000	27.9	19.5	2026-10-04 09:56:58
inner	0	1	s000	1475	738	5000	10.7	8.2	2026-10-04 09:57:17
inner	0	1	s003	1475	738	5000	28.2	8.3	2026-10-04 09:57:54
inner	0	1	s001	1475	738	10000	10.7	13.3	2026-10-04 09:58:18
inner	0	1	s004	1475	738	10000	32.2	12.9	2026-10-04 09:59:03
inner	0	1	s002	1475	738	20000	11.0	19.1	2026-10-04 09:59:33
inner	0	1	s005	1475	738	20000	29.9	19.5	2026-10-04 10:00:23
inner	0	2	s000	1476	737	5000	10.6	8.4	2026-10-04 10:00:43
inner	0	2	s003	1476	737	5000	30.4	8.6	2026-10-04 10:01:22
inner	0	2	s001	1476	737	10000	10.8	12.5	2026-10-04 10:01:45
inner	0	2	s004	1476	737	10000	29.5	12.8	2026-10-04 10:02:27
inner	0	2	s002	1476	737	20000	10.9	19.0	2026-10-04 10:02:57
inner	0	2	s005	1476	737	20000	30.1	19.0	2026-10-04 10:03:46
inner	1	0	s000	1475	738	5000	11.0	8.6	2026-10-04 10:06:13
inner	1	0	s003	1475	738	5000	30.0	8.7	2026-10-04 10:06:51
inner	1	0	s001	1475	738	10000	10.6	12.8	2026-10-04 10:07:15
inner	1	0	s004	1475	738	10000	29.2	12.8	2026-10-04 10:07:57
inner	1	0	s002	1475	738	20000	10.7	19.2	2026-10-04 10:08:27
inner	1	0	s005	1475	738	20000	28.9	19.9	2026-10-04 10:09:15
inner	1	1	s000	1475	738	5000	11.5	8.7	2026-10-04 10:09:36
inner	1	1	s003	1475	738	5000	29.9	9.1	2026-10-04 10:10:15
inner	1	1	s001	1475	738	10000	11.4	12.7	2026-10-04 10:10:40
inner	1	1	s004	1475	738	10000	29.9	13.0	2026-10-04 10:11:23
inner	1	1	s002	1475	738	20000	11.2	19.3	2026-10-04 10:11:53
inner	1	1	s005	1475	738	20000	29.9	20.2	2026-10-04 10:12:43
inner	1	2	s000	1476	737	5000	10.5	8.5	2026-10-04 10:13:03
inner	1	2	s003	1476	737	5000	29.8	8.6	2026-10-04 10:13:41
inner	1	2	s001	1476	737	10000	11.5	13.1	2026-10-04 10:14:06
inner	1	2	s004	1476	737	10000	29.5	13.1	2026-10-04 10:14:49
inner	1	2	s002	1476	737	20000	10.7	19.0	2026-10-04 10:15:18
inner	1	2	s005	1476	737	20000	29.4	19.9	2026-10-04 10:16:08
inner	2	0	s000	1476	738	5000	10.9	8.9	2026-10-04 10:16:41
inner	2	0	s003	1476	738	5000	30.7	8.9	2026-10-04 10:17:20
inner	2	0	s001	1476	738	10000	11.0	13.1	2026-10-04 10:17:44
inner	2	0	s004	1476	738	10000	30.3	13.2	2026-10-04 10:18:28
inner	2	0	s002	1476	738	20000	11.0	19.7	2026-10-04 10:18:59
inner	2	0	s005	1476	738	20000	30.1	20.3	2026-10-04 10:19:49
inner	2	1	s000	1476	738	5000	10.4	8.9	2026-10-04 10:20:09
inner	2	1	s003	1476	738	5000	29.2	9.0	2026-10-04 10:20:47
inner	2	1	s001	1476	738	10000	10.6	13.4	2026-10-04 10:21:11
inner	2	1	s004	1476	738	10000	29.7	13.2	2026-10-04 10:21:54
inner	2	1	s002	1476	738	20000	10.7	20.1	2026-10-04 10:22:25
inner	2	1	s005	1476	738	20000	29.1	20.6	2026-10-04 10:23:15
inner	2	2	s000	1476	738	5000	10.6	8.6	2026-10-04 10:23:35
inner	2	2	s003	1476	738	5000	29.6	8.8	2026-10-04 10:24:13
inner	2	2	s001	1476	738	10000	10.7	12.8	2026-10-04 10:24:37
inner	2	2	s004	1476	738	10000	29.2	13.4	2026-10-04 10:25:19
inner	2	2	s002	1476	738	20000	10.7	19.8	2026-10-04 10:25:50
inner	2	2	s005	1476	738	20000	29.8	19.8	2026-10-04 10:26:39
inner	3	0	s000	1476	738	5000	11.3	8.4	2026-10-04 10:27:12
inner	3	0	s003	1476	738	5000	32.0	8.7	2026-10-04 10:27:52
inner	3	0	s001	1476	738	10000	10.9	12.8	2026-10-04 10:28:16
inner	3	0	s004	1476	738	10000	29.7	13.1	2026-10-04 10:28:59
inner	3	0	s002	1476	738	20000	10.6	19.5	2026-10-04 10:29:29
inner	3	0	s005	1476	738	20000	29.3	19.7	2026-10-04 10:30:18
inner	3	1	s000	1476	738	5000	10.6	8.6	2026-10-04 10:30:38
inner	3	1	s003	1476	738	5000	30.0	8.7	2026-10-04 10:31:17
inner	3	1	s001	1476	738	10000	11.1	12.6	2026-10-04 10:31:40
inner	3	1	s004	1476	738	10000	29.7	13.0	2026-10-04 10:32:23
inner	3	1	s002	1476	738	20000	10.8	19.2	2026-10-04 10:32:53
inner	3	1	s005	1476	738	20000	29.6	19.4	2026-10-04 10:33:42
inner	3	2	s000	1476	738	5000	10.5	8.6	2026-10-04 10:34:02
inner	3	2	s003	1476	738	5000	30.1	8.4	2026-10-04 10:34:40
inner	3	2	s001	1476	738	10000	10.8	12.5	2026-10-04 10:35:04
inner	3	2	s004	1476	738	10000	29.7	12.6	2026-10-04 10:35:46
inner	3	2	s002	1476	738	20000	11.2	18.9	2026-10-04 10:36:16
inner	3	2	s005	1476	738	20000	29.6	19.4	2026-10-04 10:37:05
inner	4	0	s000	1476	738	5000	11.0	8.4	2026-10-04 10:37:38
inner	4	0	s003	1476	738	5000	29.5	8.7	2026-10-04 10:38:17
inner	4	0	s001	1476	738	10000	11.5	12.4	2026-10-04 10:38:41
inner	4	0	s004	1476	738	10000	30.2	12.7	2026-10-04 10:39:24
inner	4	0	s002	1476	738	20000	11.1	18.9	2026-10-04 10:39:54
inner	4	0	s005	1476	738	20000	29.9	19.5	2026-10-04 10:40:43
inner	4	1	s000	1476	738	5000	10.6	8.7	2026-10-04 10:41:03
inner	4	1	s003	1476	738	5000	29.4	8.8	2026-10-04 10:41:41
inner	4	1	s001	1476	738	10000	10.6	13.0	2026-10-04 10:42:05
inner	4	1	s004	1476	738	10000	29.7	12.6	2026-10-04 10:42:47
inner	4	1	s002	1476	738	20000	10.2	19.0	2026-10-04 10:43:16
inner	4	1	s005	1476	738	20000	28.0	19.8	2026-10-04 10:44:04
inner	4	2	s000	1476	738	5000	10.7	8.4	2026-10-04 10:44:24
inner	4	2	s003	1476	738	5000	29.6	8.3	2026-10-04 10:45:02
inner	4	2	s001	1476	738	10000	11.5	12.3	2026-10-04 10:45:26
inner	4	2	s004	1476	738	10000	29.6	12.5	2026-10-04 10:46:08
inner	4	2	s002	1476	738	20000	11.2	18.8	2026-10-04 10:46:38
inner	4	2	s005	1476	738	20000	30.0	19.6	2026-10-04 10:47:27
