mc_class	n_ffpe	n_frozen	weight	weight_share	median_diff	median_abs_diff	n_probes_abs_diff_gt_0.3	corr_with_other_classes
GBM, RTK II	54	60	28.421	0.085372	0.0050731	0.017736	75	0.67787
MB, G4	68	42	25.964	0.077991	0.011349	0.021991	186	0.76787
MNG	34	38	17.944	0.053902	0.017513	0.026444	602	0.64423
EPN, PF A	45	28	17.26	0.051847	0.010637	0.02228	332	0.80866
LGG, PA PF	19	72	15.033	0.045157	0.007935	0.014713	77	0.71356
DMG, K27	41	22	14.317	0.043007	0.011866	0.023307	253	0.74089
MB, SHH CHL AD	20	47	14.03	0.042143	0.011868	0.024985	450	0.75165
EPN, RELA	29	25	13.426	0.040329	0.02	0.036175	1844	0.79542
MB, G3	43	19	13.177	0.039583	0.0028598	0.028206	236	0.52124
GBM, RTK I	24	26	12.48	0.037488	0.017368	0.023935	136	0.66151
A IDH	45	16	11.803	0.035455	0.0079546	0.018084	186	0.72994
GBM, MES	24	20	10.909	0.032769	0.01305	0.020739	102	0.65863
MB, SHH INF	21	21	10.5	0.03154	0.014403	0.022235	154	0.69833
EPN, PF B	18	22	9.9	0.029738	0.0073612	0.026783	833	0.72313
ATRT, SHH	17	20	9.1892	0.027603	0.0078731	0.018412	137	0.46455
ETMR	22	13	8.1714	0.024546	0.011229	0.0198	252	0.53379
GBM, G34	17	15	7.9688	0.023937	0.007546	0.023246	244	0.48235
MB, WNT	15	16	7.7419	0.023256	0.020282	0.029974	645	0.50769
CNS NB, FOXR2	17	14	7.6774	0.023062	0.013492	0.022155	247	0.59769
ATRT, TYR	14	16	7.4667	0.022429	-0.00095109	0.01705	153	0.6177
LGG, PA MID	11	20	7.0968	0.021318	0.0065751	0.014575	60	0.60059
SUBEPN, PF	19	10	6.5517	0.01968	0.013079	0.026957	516	0.74404
ATRT, MYC	13	10	5.6522	0.016978	0.0062448	0.019655	154	0.45224
O IDH	58	6	5.4375	0.016333	0.0086093	0.022555	368	0.63128
HGNET, BCOR	10	9	4.7368	0.014229	0.009834	0.020649	217	0.47963
EPN, SPINE	15	6	4.2857	0.012874	0.0109	0.020304	378	0.50327
CPH, ADM	14	6	4.2	0.012616	0.0067816	0.016554	269	0.55439
CONTR, REACT	12	6	4	0.012015	0.0034508	0.016351	63	0.60065
EPN, MPE	17	5	3.8636	0.011606	0.0076797	0.022005	723	0.28995
SUBEPN, ST	7	8	3.7333	0.011214	0.0092404	0.023799	757	0.57463
HGNET, MN1	12	4	3	0.0090115	0.020973	0.029949	1454	0.27144
EWS	7	4	2.5455	0.0076461	-0.00052946	0.026752	4857	0.19344
EFT, CIC	5	5	2.5	0.0075096	0.011922	0.031354	3734	0.37122
EPN, YAP	3	5	1.875	0.0056322	0.0076578	0.025106	955	0.54684
IHG	5	3	1.875	0.0056322	0.0084662	0.016866	1116	0.23539
PTPR, B	16	2	1.7778	0.0053402	0.010984	0.026755	2797	0.47136
CPH, PAP	13	2	1.7333	0.0052067	0.007879	0.026018	610	0.54289
GBM, MYCN	11	2	1.6923	0.0050834	0.0072632	0.023517	1940	0.35981
GBM, MID	9	2	1.6364	0.0049154	0.0098868	0.03162	2328	0.4085
LGG, DIG/DIA	4	2	1.3333	0.0040051	0.0030021	0.014445	126	0.19746
