fold	mc_class	n_ffpe	n_frozen	weight	auc_off	auc_on
0	A IDH	45	16	11.8033	0.9944	0.5000
0	EPN, MPE	17	5	3.8636	0.9882	0.2000
0	EPN, PF B	18	22	9.9000	1.0000	0.6010
0	GBM, MYCN	11	2	1.6923	1.0000	0.4545
0	GBM, RTK II	54	60	28.4211	1.0000	0.5120
0	LGG, DIG/DIA	4	2	1.3333	1.0000	0.0000
0	LGG, PA MID	11	20	7.0968	1.0000	0.3682
0	PTPR, B	16	2	1.7778	1.0000	0.7188
1	ATRT, MYC	13	10	5.6522	1.0000	0.1385
1	CONTR, REACT	12	6	4.0000	1.0000	0.2361
1	EPN, YAP	3	5	1.8750	1.0000	0.3333
1	GBM, MID	9	2	1.6364	1.0000	0.6667
1	MB, G3	43	19	13.1774	0.9988	0.3060
1	MB, G4	68	42	25.9636	0.9968	0.1635
1	MB, SHH INF	21	21	10.5000	1.0000	0.2313
1	MB, WNT	15	16	7.7419	1.0000	0.0625
2	CPH, PAP	13	2	1.7333	1.0000	0.5769
2	DMG, K27	41	22	14.3175	0.9911	0.5266
2	EFT, CIC	5	5	2.5000	1.0000	0.5200
2	GBM, G34	17	15	7.9688	1.0000	0.4510
2	GBM, MES	24	20	10.9091	1.0000	0.5458
2	HGNET, BCOR	10	9	4.7368	1.0000	0.3667
2	LGG, PA PF	19	72	15.0330	1.0000	0.2749
2	SUBEPN, PF	19	10	6.5517	1.0000	0.8158
3	CNS NB, FOXR2	17	14	7.6774	1.0000	0.3361
3	CPH, ADM	14	6	4.2000	1.0000	0.2381
3	EPN, PF A	45	28	17.2603	1.0000	0.7119
3	EPN, RELA	29	25	13.4259	1.0000	0.8869
3	ETMR	22	13	8.1714	1.0000	0.2273
3	HGNET, MN1	12	4	3.0000	1.0000	0.1042
3	IHG	5	3	1.8750	0.9333	0.0667
3	O IDH	58	6	5.4375	1.0000	0.5718
4	ATRT, SHH	17	20	9.1892	1.0000	0.3588
4	ATRT, TYR	14	16	7.4667	1.0000	0.3170
4	EPN, SPINE	15	6	4.2857	1.0000	0.5333
4	EWS	7	4	2.5455	1.0000	0.1429
4	GBM, RTK I	24	26	12.4800	1.0000	0.5625
4	MB, SHH CHL AD	20	47	14.0299	1.0000	0.4340
4	MNG	34	38	17.9444	1.0000	0.6943
4	SUBEPN, ST	7	8	3.7333	1.0000	0.8036
