item	value
n_samples	2213
n_probes	3.0243e+05
n_classes_used	40
n_ffpe_in_used_classes	848
n_frozen_in_used_classes	669
max_abs_diff_vs_MaterialCorrector	2.1357e-08
shift_median	0.011022
shift_abs_median	0.017003
shift_abs_max	0.60521
n_probes_abs_shift_gt_0.05	18738
n_probes_abs_shift_gt_0.10	3507
median_of_classes_abs_max	0.6024
n_probes_abs_median_of_classes_gt_0.05	16042
n_probes_abs_median_of_classes_gt_0.10	3060
corr_shift_vs_median_of_classes	0.97548
top_n	300
top_min_abs_shift	0.25377
top_n_same_sign_min	30
top_n_same_sign_median	40
top_n_same_sign_max	40
top_n_one_class_gives_over_half	0
top_n_shift_halves_without_top_class	0
model_classes_scored	40
model_auc_off_weighted	0.99862
model_auc_on_weighted	0.44196
model_n_classes_under_corrected_auc_on_gt_0.8	3
model_n_classes_over_corrected_auc_on_lt_0.2	7
model_n_classes_auc_on_0.35_to_0.65	16
