rank	Probe_ID	shift	n_classes	n_same_sign	n_same_sign_gt_0.05	median_class_diff	top_class	top_class_diff	top_class_n_ffpe	top_class_n_frozen	top_class_share	shift_without_top_class
1	cg25808892	0.60521	40	40	39	0.58645	MB, G4	0.73121	68	42	0.094228	0.59455
2	cg13125506	-0.60486	40	40	40	-0.6024	GBM, RTK II	-0.56577	54	60	0.079855	-0.60851
3	cg06215939	0.55426	40	40	40	0.56158	GBM, RTK II	0.51455	54	60	0.079257	0.55796
4	cg06003267	-0.55014	40	36	36	-0.56494	MB, G4	-0.62554	68	42	0.088679	-0.54377
5	cg25021893	-0.52665	40	40	39	-0.51494	MB, G4	-0.54435	68	42	0.080611	-0.52515
6	cg00704626	-0.52097	40	40	40	-0.54051	MNG	-0.66797	34	38	0.069111	-0.5126
7	cg22748470	-0.51532	40	40	40	-0.52184	GBM, RTK II	-0.52274	54	60	0.086601	-0.51463
8	cg01899581	-0.49527	40	40	40	-0.48	MB, G4	-0.52215	68	42	0.082222	-0.493
9	cg07287949	-0.4856	40	39	39	-0.49779	MNG	-0.69542	34	38	0.077194	-0.47364
10	cg04665204	-0.47234	40	40	39	-0.53704	GBM, RTK II	-0.55663	54	60	0.10061	-0.46448
11	cg08035151	-0.46458	40	40	40	-0.4564	GBM, RTK II	-0.48973	54	60	0.089994	-0.46223
12	cg08712572	-0.45884	40	40	40	-0.44609	GBM, RTK II	-0.42528	54	60	0.079129	-0.46197
13	cg04733624	0.45852	40	40	40	0.4734	GBM, RTK II	0.47054	54	60	0.087609	0.4574
14	cg09415720	-0.45717	40	40	40	-0.45016	MB, G4	-0.50191	68	42	0.085623	-0.45338
15	cg00904580	-0.44447	40	40	40	-0.43567	MB, G4	-0.4689	68	42	0.082277	-0.44241
16	cg01978669	0.44087	40	40	39	0.43919	MNG	0.66443	34	38	0.081235	0.42814
17	cg18629132	-0.43424	40	38	38	-0.41306	MB, G4	-0.49545	68	42	0.088984	-0.42906
18	cg19033444	-0.43216	40	40	40	-0.41808	MNG	-0.66502	34	38	0.082947	-0.41889
19	cg22912818	-0.42664	40	40	40	-0.4193	GBM, RTK II	-0.39768	54	60	0.079577	-0.42935
20	cg24002522	-0.4251	40	36	36	-0.43797	MB, G4	-0.55712	68	42	0.10221	-0.41394
21	cg19333114	0.42492	40	40	40	0.41688	MB, G4	0.5042	68	42	0.092543	0.41821
22	cg00299070	-0.42199	40	40	39	-0.40311	MB, G4	-0.48443	68	42	0.089531	-0.41671
23	cg16828576	-0.42173	40	40	40	-0.39412	MB, G4	-0.44275	68	42	0.081877	-0.41996
24	cg23060747	-0.42172	40	40	39	-0.38448	MNG	-0.6123	34	38	0.078261	-0.41086
25	cg24706124	-0.42138	40	40	40	-0.40209	MB, G4	-0.43347	68	42	0.080229	-0.42036
26	cg24755053	-0.42137	40	36	35	-0.40642	MB, G4	-0.52563	68	42	0.097287	-0.41255
27	cg00395929	-0.42116	40	40	40	-0.41016	MB, G4	-0.42863	68	42	0.079374	-0.42053
28	cg24890884	-0.41839	40	40	40	-0.40381	MB, G4	-0.44692	68	42	0.083309	-0.41598
29	cg24140860	-0.41753	40	39	39	-0.38594	GBM, RTK II	-0.38395	54	60	0.078507	-0.42066
30	cg05765440	-0.41723	40	40	40	-0.40834	MB, G4	-0.42279	68	42	0.07903	-0.41676
31	cg09813341	-0.40582	40	40	40	-0.39369	MB, G4	-0.42911	68	42	0.082465	-0.40386
32	cg08342332	-0.40297	40	38	38	-0.38436	MB, G4	-0.43839	68	42	0.084844	-0.39998
33	cg06183295	-0.40145	40	40	39	-0.39424	MB, G4	-0.48126	68	42	0.093495	-0.3947
34	cg23641315	-0.39876	40	39	39	-0.40911	MNG	-0.53668	34	38	0.072545	-0.3909
35	cg22275321	0.39858	40	40	40	0.39333	GBM, RTK II	0.39806	54	60	0.08526	0.39863
36	cg27408262	-0.39757	40	40	40	-0.38664	GBM, RTK II	-0.38582	54	60	0.08285	-0.39867
37	cg16499677	-0.39677	40	40	39	-0.39431	MB, G4	-0.42722	68	42	0.083976	-0.39419
38	cg04446455	0.39624	40	35	34	0.37909	MB, G4	0.54112	68	42	0.10651	0.38399
39	cg01091261	-0.39394	40	40	40	-0.41155	MB, G4	-0.38525	68	42	0.07627	-0.39467
40	cg09085501	-0.39369	40	40	39	-0.38407	MNG	-0.59258	34	38	0.081134	-0.38235
41	cg19525602	0.39198	40	38	38	0.36067	MB, G4	0.50611	68	42	0.1007	0.38233
42	cg02402209	-0.39095	40	40	40	-0.38234	GBM, RTK II	-0.37488	54	60	0.081864	-0.39245
43	cg05555396	-0.38682	40	36	34	-0.38903	GBM, RTK II	-0.46949	54	60	0.10362	-0.3791
44	cg01709096	-0.38609	40	40	40	-0.36288	MB, G4	-0.40413	68	42	0.081634	-0.38457
45	cg07210187	-0.38561	40	40	40	-0.38441	MB, G4	-0.4345	68	42	0.087878	-0.38148
46	cg22034855	-0.38411	40	40	40	-0.36128	MB, G4	-0.40712	68	42	0.082662	-0.38217
47	cg15630827	-0.38317	40	37	37	-0.36603	MB, G4	-0.51786	68	42	0.10541	-0.37178
48	cg03458099	-0.37718	40	40	40	-0.36943	MB, G4	-0.44575	68	42	0.092167	-0.37139
49	cg00807959	0.37576	40	39	38	0.405	MNG	0.62447	34	38	0.089578	0.36159
50	cg04169102	-0.37481	40	40	40	-0.36382	MB, G4	-0.37574	68	42	0.078184	-0.37474
51	cg12589456	-0.37413	40	40	40	-0.3767	MB, G4	-0.39763	68	42	0.082889	-0.37214
52	cg25116237	-0.3735	40	39	39	-0.38011	MB, G4	-0.33102	68	42	0.069122	-0.37709
53	cg04913934	0.37271	40	37	37	0.32269	MNG	0.74188	34	38	0.10729	0.35167
54	cg09463466	0.37236	40	40	39	0.37106	GBM, RTK II	0.38635	54	60	0.08858	0.37105
55	cg25172808	0.37182	40	40	40	0.38003	MB, G4	0.37391	68	42	0.078429	0.37164
56	cg14414865	-0.37148	40	38	38	-0.37251	MB, G4	-0.46263	68	42	0.097128	-0.36377
57	cg01168028	-0.36874	40	40	39	-0.35507	MB, G4	-0.39332	68	42	0.083188	-0.36667
58	cg27527593	0.3652	40	35	35	0.29555	MB, G4	0.53938	68	42	0.11519	0.35047
59	cg25631352	0.36358	40	36	36	0.31295	MB, G4	0.54267	68	42	0.1164	0.34844
60	cg03238709	-0.36355	40	40	40	-0.34444	MB, G4	-0.37867	68	42	0.081233	-0.36228
61	cg02896970	-0.35988	40	39	39	-0.35562	MB, G4	-0.44719	68	42	0.096913	-0.35249
62	cg16589180	-0.35949	40	39	39	-0.34909	EPN, PF A	-0.55004	45	28	0.079329	-0.34907
63	cg04931256	-0.35941	40	36	36	-0.33777	MB, G4	-0.52893	68	42	0.11478	-0.34507
64	cg27022602	-0.35911	40	40	40	-0.34025	MB, G4	-0.35148	68	42	0.076334	-0.35975
65	cg21577651	0.35814	40	30	29	0.2303	MB, G4	0.53572	68	42	0.11666	0.34311
66	cg13362546	-0.35794	40	39	38	-0.38377	GBM, RTK II	-0.33033	54	60	0.078787	-0.36051
67	cg13467964	-0.35793	40	40	40	-0.35321	GBM, RTK II	-0.35295	54	60	0.084184	-0.35839
68	cg03047400	-0.35786	40	40	40	-0.36023	MB, G4	-0.35873	68	42	0.07818	-0.35779
69	cg24523650	-0.35628	40	40	40	-0.35623	GBM, RTK II	-0.33353	54	60	0.079922	-0.3584
70	cg16003687	-0.35346	40	39	39	-0.33592	MNG	-0.51616	34	38	0.078715	-0.34419
71	cg21090033	-0.34967	40	39	39	-0.32761	EPN, RELA	-0.69023	29	25	0.079608	-0.33536
72	cg21158795	-0.34876	40	40	40	-0.33696	MB, G4	-0.36978	68	42	0.082691	-0.34698
73	cg23237765	-0.34786	40	40	40	-0.33071	MB, G4	-0.33008	68	42	0.074004	-0.34937
74	cg05343106	-0.34724	40	40	40	-0.34484	MB, G4	-0.35502	68	42	0.079738	-0.34658
75	cg10247061	-0.34516	40	40	40	-0.329	MB, G4	-0.35637	68	42	0.080523	-0.34421
76	cg05919975	-0.3447	40	40	40	-0.32729	MB, G4	-0.35817	68	42	0.081038	-0.34356
77	cg18175611	-0.34404	40	40	40	-0.32457	MB, G4	-0.38326	68	42	0.086881	-0.34072
78	cg08169026	-0.34273	40	39	39	-0.32489	MB, G4	-0.37892	68	42	0.086226	-0.33967
79	cg08941873	-0.34269	40	40	40	-0.3372	MB, G4	-0.36017	68	42	0.081968	-0.34122
80	cg23849483	-0.34232	40	38	38	-0.34623	MB, G4	-0.38413	68	42	0.087516	-0.33878
81	cg23375538	-0.34171	40	40	40	-0.33677	MB, G4	-0.36344	68	42	0.082951	-0.33987
82	cg26614346	-0.34145	40	40	40	-0.33388	GBM, RTK II	-0.32251	54	60	0.080638	-0.34321
83	cg03931865	-0.34096	40	38	37	-0.33774	MB, G4	-0.42143	68	42	0.096395	-0.33416
84	cg00047079	-0.34082	40	40	40	-0.31709	MB, G4	-0.36472	68	42	0.083459	-0.3388
85	cg22865640	-0.34037	40	40	40	-0.33213	MB, G4	-0.40392	68	42	0.092551	-0.335
86	cg10828900	-0.33939	40	40	40	-0.32231	MB, G4	-0.35633	68	42	0.081886	-0.33795
87	cg25947600	-0.33922	40	40	40	-0.32043	MB, G4	-0.35946	68	42	0.082644	-0.33751
88	cg15604046	-0.33739	40	40	40	-0.31995	MNG	-0.51092	34	38	0.081625	-0.32751
89	cg07310661	0.33736	40	37	36	0.36187	MB, G4	0.42201	68	42	0.09756	0.3302
90	cg27527798	-0.33701	40	39	39	-0.33111	EPN, RELA	-0.64968	29	25	0.077745	-0.32388
91	cg05917748	-0.33596	40	36	35	-0.30369	MB, G4	-0.43623	68	42	0.10127	-0.32748
92	cg21651356	-0.33584	40	40	40	-0.34456	MB, G4	-0.38254	68	42	0.088835	-0.33189
93	cg18294483	0.3355	40	40	39	0.297	MNG	0.58222	34	38	0.093541	0.32144
94	cg05850338	-0.33513	40	40	40	-0.31804	MNG	-0.46183	34	38	0.07428	-0.32791
95	cg26732754	-0.3347	40	39	38	-0.33401	MB, G4	-0.40729	68	42	0.094905	-0.32856
96	cg02552466	-0.33443	40	40	40	-0.32626	MB, G4	-0.35815	68	42	0.083524	-0.33242
97	cg23581489	-0.33442	40	40	40	-0.31259	EPN, RELA	-0.58243	29	25	0.070239	-0.32399
98	cg23517677	-0.33339	40	40	40	-0.32657	MNG	-0.43757	34	38	0.070747	-0.32745
99	cg08830139	-0.33295	40	40	40	-0.33031	GBM, RTK II	-0.28394	54	60	0.072805	-0.33753
100	cg11254426	-0.33161	40	40	39	-0.33092	EPN, RELA	-0.61415	29	25	0.074692	-0.31973
101	cg19150842	-0.32902	40	40	40	-0.32538	MB, G4	-0.35044	68	42	0.083067	-0.32721
102	cg11062168	-0.32859	40	40	40	-0.32282	MB, G4	-0.33877	68	42	0.080406	-0.32773
103	cg18529251	-0.32817	40	40	40	-0.32267	MB, G4	-0.3495	68	42	0.083059	-0.32637
104	cg05741611	-0.32797	40	38	37	-0.34886	GBM, RTK II	-0.40047	54	60	0.10424	-0.3212
105	cg15849550	-0.32781	40	40	40	-0.31986	GBM, RTK II	-0.32581	54	60	0.08485	-0.328
106	cg17181046	-0.32765	40	40	39	-0.32106	MB, G4	-0.36017	68	42	0.085732	-0.32489
107	cg27421105	0.32762	40	40	40	0.3034	MB, G4	0.43615	68	42	0.10383	0.31844
108	cg22751046	-0.327	40	40	40	-0.31682	MB, G4	-0.35693	68	42	0.08513	-0.32446
109	cg00456162	-0.32573	40	40	40	-0.31491	MB, G4	-0.33158	68	42	0.079392	-0.32523
110	cg12380054	-0.32501	40	40	40	-0.30215	MB, G4	-0.35112	68	42	0.084256	-0.3228
111	cg23303246	-0.32355	40	39	38	-0.31795	MNG	-0.52775	34	38	0.087923	-0.31191
112	cg23895096	-0.32273	40	40	40	-0.29562	MB, G4	-0.34493	68	42	0.083355	-0.32085
113	cg22592490	0.32262	40	39	39	0.32845	MNG	0.47593	34	38	0.079517	0.31388
114	cg26580045	-0.32127	40	40	40	-0.29921	GBM, RTK II	-0.30048	54	60	0.079847	-0.32321
115	cg21561281	-0.32077	40	40	40	-0.307	GBM, RTK II	-0.27085	54	60	0.072085	-0.32543
116	cg01679528	-0.32013	40	40	40	-0.31254	GBM, RTK II	-0.38251	54	60	0.10201	-0.3143
117	cg16269048	0.32005	40	37	37	0.30446	MB, G4	0.39185	68	42	0.095488	0.31397
118	cg20932762	-0.31999	40	40	40	-0.31015	MB, G4	-0.34602	68	42	0.084335	-0.31779
119	cg19074437	-0.31995	40	40	40	-0.3062	MB, G4	-0.37264	68	42	0.090835	-0.31549
120	cg14496314	-0.31929	40	40	40	-0.3033	MB, G4	-0.3657	68	42	0.089326	-0.31537
121	cg21400344	0.31886	40	39	38	0.28333	MB, G4	0.32174	68	42	0.078695	0.31861
122	cg13139631	-0.31697	40	40	40	-0.30595	GBM, RTK II	-0.26096	54	60	0.070285	-0.3222
123	cg12995372	-0.3165	40	40	40	-0.30542	MB, G4	-0.35596	68	42	0.087714	-0.31316
124	cg01283843	-0.31622	40	40	40	-0.30481	GBM, RTK II	-0.28421	54	60	0.07673	-0.31921
125	cg04104489	-0.31611	40	40	40	-0.28948	GBM, RTK II	-0.30163	54	60	0.081462	-0.31746
126	cg13228934	-0.31604	40	40	40	-0.3018	GBM, RTK II	-0.32205	54	60	0.086996	-0.31548
127	cg03235603	-0.31601	40	40	40	-0.29175	MB, G4	-0.30115	68	42	0.074323	-0.31726
128	cg13657095	-0.31577	40	40	40	-0.31639	GBM, RTK II	-0.27646	54	60	0.074745	-0.31944
129	cg26011210	0.31483	40	39	39	0.30736	GBM, RTK II	0.29057	54	60	0.078792	0.3171
130	cg14206576	-0.31476	40	40	40	-0.31368	MB, G4	-0.34577	68	42	0.085676	-0.31213
131	cg26053872	-0.31403	40	40	40	-0.31128	MB, G4	-0.315	68	42	0.078232	-0.31394
132	cg05591447	-0.31343	40	40	40	-0.29839	EPN, PF A	-0.4815	45	28	0.07965	-0.30424
133	cg08529019	0.31303	40	37	35	0.24968	MNG	0.57645	34	38	0.099262	0.29802
134	cg10204325	-0.31167	40	40	40	-0.28595	GBM, RTK II	-0.28238	54	60	0.077348	-0.31441
135	cg10311417	-0.31159	40	40	40	-0.30174	GBM, RTK II	-0.31939	54	60	0.087512	-0.31086
136	cg19130860	-0.31102	40	39	38	-0.31025	EPN, RELA	-0.56482	29	25	0.073239	-0.30036
137	cg25605771	-0.3108	40	40	40	-0.29585	GBM, RTK II	-0.26431	54	60	0.072601	-0.31514
138	cg13278115	-0.31079	40	40	40	-0.28284	MNG	-0.44631	34	38	0.077406	-0.30307
139	cg06013872	-0.31063	40	40	40	-0.28614	MB, G4	-0.36874	68	42	0.09258	-0.30571
140	cg10775350	-0.31052	40	40	40	-0.29781	MB, G4	-0.29296	68	42	0.073579	-0.31201
141	cg01071802	-0.31048	40	40	40	-0.28482	GBM, RTK II	-0.28997	54	60	0.079732	-0.3124
142	cg22385669	-0.309	40	40	40	-0.30457	GBM, RTK II	-0.30565	54	60	0.084446	-0.30931
143	cg15709375	-0.30797	40	40	40	-0.29607	MB, G4	-0.32736	68	42	0.082901	-0.30633
144	cg03845435	-0.30765	40	40	40	-0.29393	MB, G4	-0.29768	68	42	0.075462	-0.30849
145	cg24391331	-0.30673	40	40	39	-0.28175	MB, G4	-0.34254	68	42	0.087093	-0.30371
146	cg27127091	-0.3062	40	40	40	-0.28525	MB, G4	-0.32089	68	42	0.081734	-0.30495
147	cg15341575	-0.30534	40	40	38	-0.29954	GBM, RTK II	-0.30799	54	60	0.086115	-0.30509
148	cg14864994	-0.30498	40	40	40	-0.29704	MNG	-0.41161	34	38	0.072748	-0.2989
149	cg25203036	-0.30452	40	40	40	-0.30194	MB, G4	-0.3262	68	42	0.083541	-0.30269
150	cg17125141	-0.30416	40	38	38	-0.30259	EPN, RELA	-0.6224	29	25	0.082525	-0.29079
151	cg16528891	-0.3022	40	40	40	-0.29718	GBM, RTK II	-0.26861	54	60	0.075884	-0.30534
152	cg17653203	-0.30195	40	40	40	-0.31615	MB, SHH CHL AD	-0.5334	20	47	0.074447	-0.29177
153	cg05157272	-0.30146	40	40	38	-0.31666	GBM, RTK II	-0.32664	54	60	0.092505	-0.29911
154	cg05037488	0.30088	40	40	40	0.29192	GBM, RTK II	0.26705	54	60	0.075773	0.30404
155	cg22462000	-0.29993	40	40	40	-0.29922	MB, G4	-0.35746	68	42	0.092949	-0.29507
156	cg22802174	-0.29875	40	40	40	-0.28756	MB, G4	-0.29786	68	42	0.077758	-0.29883
157	cg07576098	-0.29869	40	40	40	-0.2817	MB, G4	-0.29944	68	42	0.078186	-0.29862
158	cg08077671	0.29809	40	34	34	0.32961	MNG	0.5041	34	38	0.091154	0.28635
159	cg00177237	-0.29807	40	40	40	-0.29324	MB, G4	-0.30552	68	42	0.07994	-0.29744
160	cg22821931	-0.29805	40	40	40	-0.27492	MB, G4	-0.27142	68	42	0.071024	-0.3003
161	cg02577078	-0.29744	40	40	40	-0.2794	GBM, RTK II	-0.25014	54	60	0.071796	-0.30186
162	cg01378456	-0.297	40	40	40	-0.28378	GBM, RTK II	-0.28546	54	60	0.082055	-0.29808
163	cg07276831	-0.29683	40	40	40	-0.28297	MB, G4	-0.2833	68	42	0.074437	-0.29797
164	cg13582500	-0.29655	40	40	40	-0.28092	MNG	-0.43753	34	38	0.079528	-0.28851
165	cg06351029	-0.29594	40	40	40	-0.28608	GBM, RTK II	-0.28427	54	60	0.082006	-0.29703
166	cg13573611	-0.29549	40	40	40	-0.2894	GBM, RTK II	-0.29859	54	60	0.086267	-0.2952
167	cg17267260	-0.29535	40	40	40	-0.29488	GBM, RTK II	-0.28428	54	60	0.082175	-0.29638
168	cg01333532	-0.29511	40	40	40	-0.28461	MB, G4	-0.3129	68	42	0.082691	-0.29361
169	cg25224543	0.29502	40	33	31	0.28874	MNG	0.55461	34	38	0.10133	0.28023
170	cg26673151	-0.29464	40	40	40	-0.28471	MB, G4	-0.27758	68	42	0.073474	-0.29608
171	cg17177528	-0.29326	40	40	38	-0.28856	EPN, RELA	-0.59417	29	25	0.081711	-0.28062
172	cg13853046	-0.29277	40	34	33	-0.26963	MB, G4	-0.40299	68	42	0.10735	-0.28344
173	cg21871205	-0.29232	40	40	40	-0.28062	MB, G4	-0.31701	68	42	0.084577	-0.29023
174	cg23528297	-0.29159	40	40	40	-0.28084	MB, G4	-0.28653	68	42	0.076637	-0.29202
175	cg07414199	-0.29027	40	40	40	-0.27695	MB, G4	-0.28598	68	42	0.076837	-0.29064
176	cg04220636	-0.29005	40	39	37	-0.27729	EPN, RELA	-0.54494	29	25	0.07577	-0.27934
177	cg24686153	-0.2897	40	40	40	-0.27147	GBM, RTK II	-0.27189	54	60	0.080124	-0.29136
178	cg07590922	-0.28969	40	40	40	-0.282	MB, G4	-0.3051	68	42	0.082139	-0.28839
179	cg03331924	-0.28947	40	40	40	-0.28145	MB, G4	-0.27892	68	42	0.075148	-0.29036
180	cg15003833	-0.28935	40	40	40	-0.28666	MB, G4	-0.31873	68	42	0.08591	-0.28687
181	cg11849302	-0.28893	40	40	40	-0.2751	MB, G4	-0.30642	68	42	0.082714	-0.28745
182	cg06615659	0.2882	40	40	36	0.27532	MNG	0.58114	34	38	0.10869	0.27151
183	cg09753762	-0.28805	40	40	40	-0.28762	GBM, RTK II	-0.28562	54	60	0.084651	-0.28828
184	cg25143247	-0.28805	40	38	36	-0.29094	MNG	-0.4109	34	38	0.076891	-0.28105
185	cg00519320	-0.28672	40	40	39	-0.26899	GBM, RTK II	-0.26339	54	60	0.078425	-0.2889
186	cg11149658	-0.28668	40	39	39	-0.30014	MB, G4	-0.30003	68	42	0.081622	-0.28555
187	cg26664107	-0.28617	40	39	36	-0.29751	EPN, RELA	-0.71381	29	25	0.10059	-0.2682
188	cg10508111	-0.28596	40	40	39	-0.27306	MB, G4	-0.32871	68	42	0.08965	-0.28234
189	cg03432338	0.28493	40	39	39	0.27533	MNG	0.44047	34	38	0.083326	0.27607
190	cg11060199	-0.28439	40	40	40	-0.27007	MB, G4	-0.28099	68	42	0.077059	-0.28468
191	cg12872357	-0.28435	40	40	40	-0.2814	MB, G4	-0.29461	68	42	0.080807	-0.28348
192	cg24436207	-0.28433	40	40	40	-0.27599	MB, G4	-0.27173	68	42	0.074534	-0.2854
193	cg21812670	0.2842	40	40	40	0.25892	MNG	0.43472	34	38	0.082451	0.27562
194	cg00266647	-0.28388	40	40	40	-0.27527	MB, G4	-0.31828	68	42	0.08744	-0.28097
195	cg04112704	-0.28388	40	40	39	-0.26301	MB, G4	-0.29664	68	42	0.081494	-0.2828
196	cg25990920	-0.28372	40	40	40	-0.2881	GBM, RTK II	-0.27013	54	60	0.081283	-0.28499
197	cg27215475	-0.2836	40	36	35	-0.28065	EPN, RELA	-0.59683	29	25	0.084871	-0.27044
198	cg02301978	0.28354	40	38	38	0.26937	MNG	0.56249	34	38	0.10693	0.26765
199	cg12216772	-0.28349	40	40	40	-0.26182	GBM, RTK II	-0.28717	54	60	0.08648	-0.28315
200	cg19166242	-0.28338	40	40	40	-0.27331	GBM, RTK II	-0.25168	54	60	0.075822	-0.28634
201	cg23950767	-0.28298	40	40	39	-0.26837	EPN, RELA	-0.55328	29	25	0.078852	-0.27162
202	cg23101564	-0.28259	40	40	40	-0.28168	MB, G4	-0.28493	68	42	0.078637	-0.28239
203	cg15556863	-0.28251	40	40	40	-0.27671	MB, G4	-0.29638	68	42	0.08182	-0.28134
204	cg19129747	-0.28215	40	40	40	-0.27921	MB, G4	-0.29206	68	42	0.080731	-0.28131
205	cg03462581	-0.28213	40	40	40	-0.26575	GBM, RTK II	-0.24966	54	60	0.075546	-0.28516
206	cg21628854	-0.28035	40	40	40	-0.27272	MB, G4	-0.29678	68	42	0.082561	-0.27896
207	cg10951117	-0.27986	40	34	34	-0.26046	EPN, RELA	-0.51796	29	25	0.074642	-0.26985
208	cg10017641	-0.27967	40	40	40	-0.27345	GBM, RTK II	-0.25542	54	60	0.07797	-0.28193
209	cg06293195	-0.27949	40	40	40	-0.26446	GBM, RTK II	-0.25328	54	60	0.077366	-0.28194
210	cg06986537	-0.2789	40	40	39	-0.26557	MB, G4	-0.30251	68	42	0.084593	-0.2769
211	cg26950475	-0.27841	40	40	39	-0.26897	GBM, RTK II	-0.29866	54	60	0.091583	-0.27652
212	cg25586305	-0.27777	40	37	33	-0.24194	MB, G4	-0.38158	68	42	0.10714	-0.26899
213	cg07406704	-0.27751	40	40	40	-0.26166	MB, G4	-0.32464	68	42	0.091235	-0.27352
214	cg11725182	-0.27739	40	39	37	-0.27758	MNG	-0.4448	34	38	0.086431	-0.26786
215	cg03665229	-0.27661	40	40	40	-0.27777	MB, G4	-0.2883	68	42	0.081284	-0.27563
216	cg24078554	-0.27653	40	40	40	-0.27426	GBM, RTK II	-0.31078	54	60	0.095946	-0.27333
217	cg23533926	-0.27618	40	37	36	-0.25124	EPN, RELA	-0.59853	29	25	0.0874	-0.26263
218	cg26214765	-0.27605	40	40	40	-0.26133	MB, G4	-0.30002	68	42	0.084763	-0.27402
219	cg07263570	-0.27597	40	40	39	-0.26179	MB, G4	-0.30495	68	42	0.086181	-0.27352
220	cg15334572	-0.27575	40	40	40	-0.27835	GBM, RTK II	-0.2865	54	60	0.088701	-0.27474
221	cg22179905	-0.27575	40	40	40	-0.25625	MB, G4	-0.30952	68	42	0.087544	-0.27289
222	cg18145683	-0.27421	40	40	40	-0.25262	MB, G4	-0.28921	68	42	0.082257	-0.27294
223	cg20357807	-0.27389	40	40	40	-0.26733	MB, G4	-0.30252	68	42	0.086141	-0.27147
224	cg23660064	-0.27357	40	40	40	-0.25081	GBM, RTK II	-0.26935	54	60	0.084055	-0.27396
225	cg17206150	-0.27352	40	40	39	-0.24497	MB, G4	-0.32355	68	42	0.092255	-0.26929
226	cg00027570	-0.27193	40	40	39	-0.23817	EPN, RELA	-0.56574	29	25	0.083904	-0.25958
227	cg13557301	-0.27107	40	40	40	-0.25233	MB, G4	-0.25656	68	42	0.073815	-0.2723
228	cg05391643	-0.27061	40	40	40	-0.25995	MB, G4	-0.2409	68	42	0.069428	-0.27312
229	cg21053474	-0.26966	40	39	37	-0.24685	MB, G4	-0.36564	68	42	0.10575	-0.26154
230	cg20559736	-0.26963	40	40	40	-0.26365	GBM, RTK II	-0.23368	54	60	0.07399	-0.27298
231	cg24237657	-0.2695	40	40	40	-0.25281	MB, G4	-0.25177	68	42	0.072861	-0.271
232	cg11361049	-0.26945	40	40	40	-0.24668	MB, G4	-0.256	68	42	0.074098	-0.27058
233	cg24509398	-0.26939	40	40	39	-0.26006	MB, G4	-0.2906	68	42	0.084132	-0.26759
234	cg04971161	-0.2692	40	40	40	-0.26535	MB, G4	-0.27214	68	42	0.078842	-0.26896
235	cg00214780	-0.26901	40	40	40	-0.25234	MB, G4	-0.25345	68	42	0.073479	-0.27033
236	cg23860436	-0.26872	40	38	37	-0.24343	MNG	-0.50196	34	38	0.10069	-0.25543
237	cg20883195	-0.26869	40	39	37	-0.26858	MB, G4	-0.30509	68	42	0.088556	-0.26561
238	cg05127995	-0.26828	40	40	38	-0.24533	EPN, RELA	-0.58075	29	25	0.087301	-0.25515
239	cg17907628	-0.26783	40	40	39	-0.27924	EPN, RELA	-0.47326	29	25	0.071263	-0.25919
240	cg22842085	-0.26721	40	40	40	-0.25211	MB, G4	-0.28495	68	42	0.08317	-0.26571
241	cg26332016	-0.26696	40	40	39	-0.27282	GBM, RTK II	-0.25889	54	60	0.082791	-0.26771
242	cg19086488	-0.26635	40	40	40	-0.24351	MNG	-0.36673	34	38	0.074216	-0.26063
243	cg02869163	-0.26625	40	40	39	-0.25078	MNG	-0.44087	34	38	0.089255	-0.2563
244	cg10589745	-0.26624	40	38	37	-0.2618	EPN, RELA	-0.632	29	25	0.095734	-0.25087
245	cg04154653	-0.26588	40	40	39	-0.26775	EPN, RELA	-0.62873	29	25	0.095367	-0.25063
246	cg23457258	-0.26585	40	40	40	-0.24922	MB, G4	-0.30335	68	42	0.088989	-0.26268
247	cg22103003	-0.26545	40	37	33	-0.25321	MB, G4	-0.24736	68	42	0.072674	-0.26698
248	cg00953309	-0.26544	40	40	40	-0.25135	MB, G4	-0.24855	68	42	0.073029	-0.26687
249	cg00524899	-0.26524	40	40	40	-0.24728	GBM, RTK II	-0.23521	54	60	0.075707	-0.26804
250	cg11044290	-0.26466	40	40	40	-0.26248	MB, G4	-0.27254	68	42	0.080311	-0.26399
251	cg03155271	-0.26456	40	40	39	-0.25134	EPN, RELA	-0.56981	29	25	0.086861	-0.25173
252	cg06112727	0.26449	40	32	31	0.20784	MNG	0.60767	34	38	0.12384	0.24494
253	cg00250391	-0.26432	40	40	39	-0.2527	GBM, RTK II	-0.28157	54	60	0.090945	-0.26271
254	cg01675512	-0.26392	40	40	40	-0.25564	MB, G4	-0.27567	68	42	0.081465	-0.26292
255	cg26867282	-0.26364	40	40	40	-0.25125	MB, G4	-0.30663	68	42	0.090707	-0.26001
256	cg13714895	-0.26335	40	40	40	-0.26466	MB, G4	-0.27602	68	42	0.081742	-0.26228
257	cg17638730	0.26313	40	40	40	0.23954	MB, G4	0.28974	68	42	0.085877	0.26088
258	cg10589034	-0.26267	40	40	39	-0.24412	EPN, RELA	-0.50714	29	25	0.077863	-0.2524
259	cg20851790	-0.26263	40	40	40	-0.25428	MB, G4	-0.25484	68	42	0.075675	-0.26329
260	cg14892538	0.26256	40	33	33	0.26232	MNG	0.60226	34	38	0.12364	0.2432
261	cg11784214	-0.26251	40	40	40	-0.25885	MB, G4	-0.26731	68	42	0.079418	-0.2621
262	cg05052501	-0.26197	40	40	39	-0.23956	MB, G4	-0.28624	68	42	0.085216	-0.25992
263	cg19956062	0.26191	40	39	38	0.23512	EPN, RELA	0.60826	29	25	0.093661	0.24736
264	cg04875614	-0.26176	40	40	40	-0.25753	GBM, RTK II	-0.28021	54	60	0.091387	-0.26004
265	cg06819704	-0.26164	40	40	40	-0.24268	EPN, RELA	-0.43893	29	25	0.067658	-0.25419
266	cg24470929	-0.26156	40	40	40	-0.25212	GBM, RTK II	-0.22609	54	60	0.073796	-0.26487
267	cg19311253	-0.2615	40	40	40	-0.28924	GBM, RTK II	-0.22912	54	60	0.0748	-0.26452
268	cg18038361	-0.26118	40	40	40	-0.24536	MB, G4	-0.30149	68	42	0.090029	-0.25777
269	cg07043044	-0.26117	40	39	39	-0.23934	MNG	-0.415	34	38	0.08565	-0.25241
270	cg25030018	-0.26083	40	37	35	-0.29473	MB, G4	-0.3987	68	42	0.11921	-0.24917
271	cg21005459	-0.26079	40	40	40	-0.25315	MB, G4	-0.28623	68	42	0.0856	-0.25864
272	cg23857488	-0.26079	40	40	40	-0.24409	MB, G4	-0.25375	68	42	0.075886	-0.26138
273	cg10805645	-0.2607	40	40	40	-0.25669	GBM, RTK II	-0.25322	54	60	0.082923	-0.2614
274	cg24619785	-0.26043	40	40	40	-0.24467	MB, G4	-0.25725	68	42	0.077037	-0.2607
275	cg20840778	-0.25983	40	40	40	-0.25628	GBM, RTK II	-0.21805	54	60	0.071643	-0.26373
276	cg11113759	0.25926	40	39	37	0.25002	EPN, RELA	0.52886	29	25	0.082265	0.24794
277	cg14819618	-0.25876	40	40	40	-0.238	MNG	-0.36355	34	38	0.075731	-0.25279
278	cg07236367	-0.2583	40	40	39	-0.25787	MB, G4	-0.27792	68	42	0.083916	-0.25664
279	cg23957912	-0.25825	40	40	40	-0.24987	MB, G4	-0.30102	68	42	0.090907	-0.25463
280	cg05013825	-0.25805	40	40	40	-0.25256	MB, G4	-0.26276	68	42	0.079415	-0.25765
281	cg08971592	-0.25798	40	38	38	-0.23555	MB, G4	-0.30599	68	42	0.092503	-0.25392
282	cg12653788	-0.25792	40	40	40	-0.23821	MB, G4	-0.25487	68	42	0.07707	-0.25818
283	cg08485899	-0.25738	40	40	40	-0.23346	EPN, RELA	-0.47625	29	25	0.074625	-0.24818
284	cg08463173	-0.25719	40	40	40	-0.25436	MB, G4	-0.29524	68	42	0.08953	-0.25397
285	cg10992925	0.2567	40	39	38	0.22863	MB, G4	0.36098	68	42	0.10967	0.24788
286	cg15685762	-0.25623	40	40	40	-0.25549	MB, G4	-0.30241	68	42	0.092049	-0.25232
287	cg08213398	-0.2557	40	40	40	-0.24856	MB, G4	-0.27272	68	42	0.083182	-0.25426
288	cg06457824	-0.2554	40	40	39	-0.24053	MB, G4	-0.28545	68	42	0.087165	-0.25286
289	cg17944001	-0.25513	40	40	40	-0.24416	GBM, RTK II	-0.22077	54	60	0.073875	-0.25833
290	cg04634493	0.25499	40	40	40	0.23859	MB, G4	0.26292	68	42	0.080418	0.25432
291	cg03241046	-0.25496	40	40	40	-0.23879	MB, G4	-0.31724	68	42	0.097041	-0.2497
292	cg06307212	-0.25459	40	38	36	-0.24399	EPN, RELA	-0.65628	29	25	0.10396	-0.23771
293	cg22732549	-0.25454	40	40	37	-0.26218	MNG	-0.41515	34	38	0.087912	-0.24539
294	cg06040894	-0.25421	40	40	40	-0.25274	MB, G4	-0.27643	68	42	0.084809	-0.25233
295	cg00549972	-0.25409	40	40	40	-0.24257	MB, G4	-0.24113	68	42	0.074013	-0.25519
296	cg00027081	-0.25391	40	40	40	-0.25503	EPN, RELA	-0.53389	29	25	0.084799	-0.24215
297	cg12492289	-0.25386	40	40	40	-0.24348	MB, G4	-0.26818	68	42	0.082389	-0.25265
298	cg01810763	-0.25382	40	40	40	-0.23744	GBM, RTK II	-0.25137	54	60	0.084549	-0.25405
299	cg01820954	-0.25378	40	40	38	-0.24862	GBM, RTK II	-0.30519	54	60	0.10267	-0.24898
300	cg06053850	-0.25377	40	40	40	-0.24286	MNG	-0.36625	34	38	0.077794	-0.24736
