mc_class	context	n_top	share_top	n_model	share_model
GBM, RTK II	island	34	0.34	3705	0.3705
GBM, RTK II	shore	14	0.14	2324	0.2324
GBM, RTK II	shelf	7	0.07	536	0.0536
GBM, RTK II	open sea	45	0.45	3435	0.3435
MB, G4	island	10	0.1	3705	0.3705
MB, G4	shore	17	0.17	2324	0.2324
MB, G4	shelf	12	0.12	536	0.0536
MB, G4	open sea	61	0.61	3435	0.3435
LGG, PA PF	island	34	0.34	3705	0.3705
LGG, PA PF	shore	20	0.2	2324	0.2324
LGG, PA PF	shelf	8	0.08	536	0.0536
LGG, PA PF	open sea	38	0.38	3435	0.3435
EPN, PF A	island	16	0.16	3705	0.3705
EPN, PF A	shore	20	0.2	2324	0.2324
EPN, PF A	shelf	9	0.09	536	0.0536
EPN, PF A	open sea	55	0.55	3435	0.3435
MNG	island	11	0.11	3705	0.3705
MNG	shore	11	0.11	2324	0.2324
MNG	shelf	11	0.11	536	0.0536
MNG	open sea	67	0.67	3435	0.3435
ETMR	island	29	0.29	3705	0.3705
ETMR	shore	21	0.21	2324	0.2324
ETMR	shelf	5	0.05	536	0.0536
ETMR	open sea	45	0.45	3435	0.3435
HGNET, MN1	island	16	0.16	3705	0.3705
HGNET, MN1	shore	19	0.19	2324	0.2324
HGNET, MN1	shelf	10	0.1	536	0.0536
HGNET, MN1	open sea	55	0.55	3435	0.3435
PITAD, ACTH	island	8	0.08	3705	0.3705
PITAD, ACTH	shore	13	0.13	2324	0.2324
PITAD, ACTH	shelf	14	0.14	536	0.0536
PITAD, ACTH	open sea	65	0.65	3435	0.3435
HGNET, BCOR	island	30	0.3	3705	0.3705
HGNET, BCOR	shore	27	0.27	2324	0.2324
HGNET, BCOR	shelf	4	0.04	536	0.0536
HGNET, BCOR	open sea	39	0.39	3435	0.3435
