mc_class	in_largest	n_samples	additivity_error	share_of_total_shap_in_top	top_hyper	top_hypo	top_with_gene	stability_shared_mean
GBM, RTK II	True	143	1.52421e-11	0.168158	50	50	68	96.85
MB, G4	True	138	2.90963e-13	0.280962	30	70	68	96.85
LGG, PA PF	True	114	6.35777e-12	0.199472	35	65	56	96.65
EPN, PF A	True	91	1.37812e-12	0.223335	32	68	70	96.7
MNG	True	90	4.49528e-13	0.225755	77	23	73	96.25
ETMR	False	43	3.56493e-13	0.248988	67	33	74	93.85
HGNET, MN1	False	21	2.39318e-12	0.194143	41	59	71	88.6
PITAD, ACTH	False	18	2.65917e-13	0.245169	76	24	74	91.95
HGNET, BCOR	False	23	1.26857e-12	0.233076	50	50	73	89.7
