mc_class	rank	Probe_ID	mean_abs_shap	mean_shap	delta_beta	chr	pos	genes	gene_groups	context
GBM, RTK II	1	cg06798642	0.00410234	0.00406009	0.507405	chr4	48272082	TEC	TSS1500	island
GBM, RTK II	2	cg26558485	0.00371037	0.00371037	0.61971	chr1	47489282	CYP4X1;CYP4X1	1stExon;5'UTR	island
GBM, RTK II	3	cg12894883	0.00357639	0.00356765	-0.240415	chr22	22288473	PPM1F	Body	island
GBM, RTK II	4	cg13545212	0.0032107	0.0032107	0.5082	chr17	6617192	SLC13A5;SLC13A5	TSS1500;TSS1500	island
GBM, RTK II	5	cg03614193	0.00317964	0.00312975	0.524018	chr18	55021542	ST8SIA3	Body	island
GBM, RTK II	6	cg02286091	0.00276933	0.00275108	0.229121	chr5	78407678	BHMT;BHMT	5'UTR;1stExon	open sea
GBM, RTK II	7	cg05835105	0.00274293	0.0026984	0.647773	chr4	111543401	PITX2;PITX2;PITX2	Body;Body;Body	island
GBM, RTK II	8	cg16170708	0.00267119	0.00263755	-0.181018	chr1	6390830	ACOT7;ACOT7;ACOT7;ACOT7	Body;Body;Body;Body	open sea
GBM, RTK II	9	cg05347108	0.00246629	0.00246629	-0.141723	chr16	72460114			open sea
GBM, RTK II	10	cg26269703	0.00242608	0.00240284	0.484802	chr7	149119681			island
GBM, RTK II	11	cg00084432	0.00236932	0.00236932	-0.148835	chr13	36944471	SPG20	TSS200	open sea
GBM, RTK II	12	cg26368049	0.00232935	0.00232935	-0.231252	chr3	49572730	DAG1;DAG1	3'UTR;3'UTR	open sea
GBM, RTK II	13	cg20253855	0.00230281	0.00229606	-0.458575	chr7	101762511	CUX1;CUX1;CUX1	Body;Body;Body	open sea
GBM, RTK II	14	cg07664029	0.00223088	0.00223088	-0.278932	chr4	58050932			open sea
GBM, RTK II	15	cg25887619	0.00203854	0.00203854	-0.141031	chr7	101558435	CUX1;CUX1;CUX1	Body;Body;Body	shore
GBM, RTK II	16	cg16339238	0.00202522	0.00200167	0.529808	chr20	23029298	THBD	1stExon	island
GBM, RTK II	17	cg23064601	0.00201559	0.00200798	0.294574	chr5	134367394	PITX1	Body	island
GBM, RTK II	18	cg10864145	0.00199006	0.00196839	0.483655	chr5	43397232	CCL28	Body	island
GBM, RTK II	19	cg11254700	0.00196356	0.00196356	0.635106	chr19	53561386			island
GBM, RTK II	20	cg24292761	0.00195497	0.00192945	0.402402	chr6	117584665			island
GBM, RTK II	21	cg03587907	0.00183095	0.00180412	0.312804	chr9	138986185	NACC2	5'UTR	island
GBM, RTK II	22	cg18866599	0.00182072	0.00181027	0.205898	chr2	208635723			shore
GBM, RTK II	23	cg07864976	0.0018165	0.0018165	-0.207289	chr16	72459595			open sea
GBM, RTK II	24	cg10142436	0.00180774	0.00178829	-0.344262	chr15	42209178	EHD4	Body	shelf
GBM, RTK II	25	cg06962177	0.00180537	0.00179588	0.606657	chr1	63785946			island
GBM, RTK II	26	cg15602037	0.00179669	0.00179669	-0.134653	chr10	79937002			open sea
GBM, RTK II	27	cg18132964	0.00174538	0.00170426	-0.233904	chr6	155541562	TIAM2;TIAM2	Body;5'UTR	shore
GBM, RTK II	28	cg00664697	0.00172126	0.00171353	-0.459882	chr16	80061290			open sea
GBM, RTK II	29	cg18279094	0.0016948	0.00166562	0.617628	chr1	63790044	FOXD3	1stExon	island
GBM, RTK II	30	cg15249926	0.00168461	0.00166004	-0.386729	chr11	133995787	JAM3	Body	shore
GBM, RTK II	31	cg00489795	0.0016562	0.00162863	-0.278715	chr22	24041104	LOC91316;RGL4	Body;3'UTR	open sea
GBM, RTK II	32	cg00898447	0.00163669	0.00160756	-0.176053	chr16	75300795	BCAR1;BCAR1;BCAR1;BCAR1;BCAR1	TSS1500;TSS200;Body;TSS1500;TSS1500	shore
GBM, RTK II	33	cg17555825	0.00162282	0.00162282	0.329888	chr5	76924190			island
GBM, RTK II	34	cg23336143	0.00158995	0.00157646	-0.275916	chr2	36635519	CRIM1	Body	open sea
GBM, RTK II	35	cg08093097	0.00158209	0.00158209	-0.265777	chr2	209054740	C2orf80;C2orf80	1stExon;5'UTR	open sea
GBM, RTK II	36	cg11857142	0.00151905	0.00150704	-0.296262	chr7	127682579	SND1	Body	open sea
GBM, RTK II	37	cg18458509	0.0015186	0.00149704	-0.327625	chr11	2920189	SLC22A18AS;SLC22A18	Body;TSS1500	shelf
GBM, RTK II	38	cg02091185	0.0014795	0.00147512	0.509876	chr5	170288766	RANBP17	TSS1500	shore
GBM, RTK II	39	cg13655615	0.00144855	0.00139197	-0.134103	chr9	92291210	LOC100129066	Body	shore
GBM, RTK II	40	cg22894896	0.00143186	0.00143186	0.359123	chr17	29886890	MIR193A	TSS200	island
GBM, RTK II	41	cg19788741	0.00142933	0.00140979	0.52827	chr5	101632310	SLCO4C1	TSS200	island
GBM, RTK II	42	cg07121856	0.00142104	0.00141505	0.218819	chr7	95025736	PON3	TSS200	island
GBM, RTK II	43	cg13552373	0.00141439	0.00135433	-0.0935664	chr9	92291269	LOC100129066	Body	island
GBM, RTK II	44	cg12922751	0.00140043	0.00135241	-0.198862	chr14	26674046			shore
GBM, RTK II	45	cg10945079	0.00139922	0.00138578	0.314074	chr2	162283856			island
GBM, RTK II	46	cg19253831	0.00138858	0.00137201	-0.16036	chr1	10795020	CASZ1;CASZ1	5'UTR;5'UTR	open sea
GBM, RTK II	47	cg06204948	0.0013761	0.00133049	0.136643	chr11	63656090	MARK2;MARK2;MARK2;MARK2;MARK2;MARK2	Body;1stExon;Body;5'UTR;Body;Body	open sea
GBM, RTK II	48	cg13476950	0.0013498	0.0013498	0.253699	chr3	52351680	DNAH1	5'UTR	open sea
GBM, RTK II	49	cg03991106	0.00134934	0.00132839	0.204378	chr15	101661445			open sea
GBM, RTK II	50	cg02577896	0.00133918	0.00133918	0.26296	chr3	133174687	BFSP2	Body	open sea
GBM, RTK II	51	cg03061518	0.00133673	0.00131614	-0.105052	chr12	123738291	C12orf65;C12orf65	Body;Body	open sea
GBM, RTK II	52	cg04680436	0.00133559	0.00133559	-0.208556	chr2	242842668			shore
GBM, RTK II	53	cg01207684	0.00132522	0.00130928	-0.355751	chr16	4103167	ADCY9	Body	open sea
GBM, RTK II	54	cg18459806	0.00130601	0.00129792	-0.249626	chr14	51293793	NIN;NIN;NIN	5'UTR;5'UTR;5'UTR	shelf
GBM, RTK II	55	cg11599887	0.00129819	0.00122047	-0.132685	chr5	1552064			shore
GBM, RTK II	56	cg10660256	0.00128208	0.00127627	0.221459	chr5	78407683	BHMT;BHMT	5'UTR;1stExon	open sea
GBM, RTK II	57	cg11671688	0.00127857	0.00125395	0.47544	chr6	110301075	GPR6	1stExon	island
GBM, RTK II	58	cg05422096	0.00127134	0.00127134	-0.278265	chr17	54230560	ANKFN1	TSS1500	open sea
GBM, RTK II	59	cg14737571	0.00125913	0.00125913	-0.228691	chr13	113436568	ATP11A;ATP11A	Body;Body	shelf
GBM, RTK II	60	cg24892966	0.00124617	0.0012348	0.591654	chr6	27526023			open sea
GBM, RTK II	61	cg04465078	0.00124299	0.00124299	-0.300152	chr16	15766942	NDE1;NDE1	Body;Body	open sea
GBM, RTK II	62	cg18561589	0.00123752	0.00123752	0.333309	chr10	119295770	EMX2OS	Body	island
GBM, RTK II	63	cg13911697	0.00123536	0.00123536	0.198973	chr11	15911614			open sea
GBM, RTK II	64	cg21056788	0.00123528	0.00123267	-0.199848	chr13	36944443	SPG20	TSS200	open sea
GBM, RTK II	65	cg16679302	0.0012115	0.00113336	0.265392	chr16	85622276			open sea
GBM, RTK II	66	cg08806779	0.00119858	0.00118765	0.355211	chr16	86965605			shore
GBM, RTK II	67	cg08190858	0.00119499	0.00119499	0.517886	chr12	54321346			island
GBM, RTK II	68	cg14494733	0.00119339	0.00119339	-0.191964	chr9	139410910	NOTCH1	Body	shore
GBM, RTK II	69	cg13703737	0.00118634	0.00117922	-0.206293	chr6	3386584	SLC22A23;SLC22A23	Body;Body	open sea
GBM, RTK II	70	cg00610577	0.00117249	0.00116144	-0.330778	chr12	12008666	ETV6	Body	open sea
GBM, RTK II	71	cg19132462	0.00116242	0.00114743	0.120696	chr11	10476608	AMPD3;AMPD3;AMPD3	TSS200;TSS1500;Body	shelf
GBM, RTK II	72	cg05501996	0.0011523	0.00114897	0.43978	chr5	50673730			open sea
GBM, RTK II	73	cg11084334	0.00113531	0.00111742	0.43324	chr3	9594264	LHFPL4	Body	island
GBM, RTK II	74	cg16966315	0.00109434	0.00109434	0.371641	chr7	149112318			island
GBM, RTK II	75	cg03215895	0.00108607	0.00106712	-0.207352	chr13	100497610	CLYBL	Body	open sea
GBM, RTK II	76	cg12389490	0.00108023	0.00105058	-0.244405	chr17	68100915	KCNJ16;KCNJ16;KCNJ16	5'UTR;TSS200;5'UTR	open sea
GBM, RTK II	77	cg11970252	0.00106783	0.00100699	-0.266315	chr13	42188629	KIAA0564	Body	open sea
GBM, RTK II	78	cg23871994	0.00105924	0.00105543	-0.215446	chr11	113577434	TMPRSS5	TSS1500	open sea
GBM, RTK II	79	cg04678315	0.00105701	0.00103505	-0.390276	chr12	125212010			open sea
GBM, RTK II	80	cg17157894	0.00105147	0.00100508	0.0458063	chr22	47187343	TBC1D22A	Body	shelf
GBM, RTK II	81	cg24945701	0.00105007	0.00105007	0.206119	chr3	62362783			island
GBM, RTK II	82	cg15264162	0.00104885	0.00104885	-0.350511	chr7	154035993	DPP6;DPP6;DPP6	Body;Body;Body	open sea
GBM, RTK II	83	cg18803104	0.00104855	0.00104855	0.42436	chr6	28956324			island
GBM, RTK II	84	cg04020590	0.00104811	0.00104811	0.0897134	chr13	113978800	GRTP1	3'UTR	shelf
GBM, RTK II	85	cg17177213	0.00104752	0.00104752	0.4552	chr7	126987682			island
GBM, RTK II	86	cg16175703	0.00104409	0.00104409	-0.240654	chr2	173106129			open sea
GBM, RTK II	87	cg13656878	0.00104274	0.00091635	-0.235636	chr9	119048807	PAPPA	Body	open sea
GBM, RTK II	88	cg04589062	0.00104139	0.00104056	-0.2814	chr7	90799247	CDK14	3'UTR	open sea
GBM, RTK II	89	cg05777919	0.00103987	0.00103181	-0.303438	chr2	3480658	TTC15	Body	open sea
GBM, RTK II	90	cg12610832	0.00103843	0.00100847	0.343588	chr1	27894955	AHDC1	5'UTR	island
GBM, RTK II	91	cg02600394	0.00103627	0.00103413	-0.353173	chr4	48136234	TXK;TXK	5'UTR;1stExon	open sea
GBM, RTK II	92	cg02671880	0.00103329	0.00098615	0.335712	chr13	95355117			island
GBM, RTK II	93	cg04651603	0.0010306	0.00101022	0.373821	chr12	54321302			island
GBM, RTK II	94	cg03075156	0.00102703	0.00102703	0.194393	chr2	45986586	PRKCE	Body	open sea
GBM, RTK II	95	cg26110834	0.00102621	0.00102621	-0.269662	chr1	213500126			open sea
GBM, RTK II	96	cg26329692	0.00102585	0.00102585	0.171052	chr17	73126757	NT5C	Body	shore
GBM, RTK II	97	cg10824503	0.0010222	0.00100192	-0.0484218	chr12	3381070	TSPAN9;TSPAN9	Body;Body	open sea
GBM, RTK II	98	cg01405040	0.00101858	0.00100486	0.539925	chr2	176964137	HOXD12	TSS1500	island
GBM, RTK II	99	cg00238818	0.00101593	0.00101224	-0.247713	chr5	176880261	PRR7	5'UTR	shore
GBM, RTK II	100	cg13176012	0.00100891	0.00100628	0.30225	chr2	157176971			island
MB, G4	1	cg26329692	0.00952532	0.00952532	-0.640614	chr17	73126757	NT5C	Body	shore
MB, G4	2	cg13911697	0.00926282	0.00926282	-0.564779	chr11	15911614			open sea
MB, G4	3	cg19327049	0.00918691	0.00918691	-0.793329	chr12	133306772	ANKLE2	Body	shore
MB, G4	4	cg04687515	0.00857639	0.00857639	-0.729412	chr8	93655006			open sea
MB, G4	5	cg03467825	0.00770684	0.00770684	0.641937	chr2	171551893			open sea
MB, G4	6	cg11792186	0.0065099	0.0065099	-0.668735	chr7	2083105	MAD1L1;MAD1L1;MAD1L1	Body;Body;Body	open sea
MB, G4	7	cg26030804	0.00588931	0.00588931	-0.613935	chr11	794764	SLC25A22	Body	shelf
MB, G4	8	cg04244849	0.00577002	0.00577002	-0.653637	chr1	46929878			shelf
MB, G4	9	cg07746960	0.00546627	0.00546627	-0.790226	chr19	42546662	GRIK5	Body	island
MB, G4	10	cg08333858	0.00540036	0.00539514	-0.825036	chr6	6058413			island
MB, G4	11	cg22244768	0.00517801	0.00517801	-0.665435	chr17	55634551	MSI2;MSI2	Body;Body	open sea
MB, G4	12	cg14533992	0.00488419	0.00488419	-0.675586	chr4	25097558			shore
MB, G4	13	cg05347108	0.00427869	0.00427869	-0.335413	chr16	72460114			open sea
MB, G4	14	cg16710124	0.00376632	0.00376632	-0.639576	chr1	44716058	ERI3	Body	open sea
MB, G4	15	cg25211622	0.00368256	0.00368256	-0.643997	chr11	794443	SLC25A22	Body	shelf
MB, G4	16	cg18449003	0.00364872	0.00364872	-0.706811	chr2	25171492	DNAJC27	Body	open sea
MB, G4	17	cg15711246	0.00361961	0.00357685	-0.568936	chr8	62702873			open sea
MB, G4	18	cg06390077	0.00343608	0.00343608	-0.655007	chr7	141385142	KIAA1147	Body	open sea
MB, G4	19	cg23714773	0.00340862	0.00339659	-0.742123	chr7	808081	HEATR2	Body	island
MB, G4	20	cg26603050	0.0033856	0.0033856	0.583228	chr1	22938172			open sea
MB, G4	21	cg05461140	0.00336755	0.00335566	0.322556	chr1	54764633	SSBP3;SSBP3;SSBP3	Body;Body;Body	open sea
MB, G4	22	cg08897188	0.00333295	0.00333295	-0.678953	chr7	151506385	PRKAG2;PRKAG2	5'UTR;Body	open sea
MB, G4	23	cg22572454	0.00326128	0.00324252	-0.546448	chr17	74463767	AANAT;AANAT;AANAT	Body;1stExon;5'UTR	open sea
MB, G4	24	cg12813754	0.0031426	0.0031426	-0.576441	chr8	49310713			shore
MB, G4	25	cg14010305	0.00310471	0.00310471	-0.7355	chr7	2082961	MAD1L1;MAD1L1;MAD1L1	Body;Body;Body	open sea
MB, G4	26	cg15488570	0.00299662	0.00299662	-0.571715	chr11	888316	CHID1;CHID1;CHID1;CHID1;CHID1	Body;Body;Body;Body;Body	shore
MB, G4	27	cg23731089	0.00297544	0.0029689	0.560013	chr8	141599208	EIF2C2;EIF2C2	Body;Body	open sea
MB, G4	28	cg04465078	0.0028891	0.0028891	0.526379	chr16	15766942	NDE1;NDE1	Body;Body	open sea
MB, G4	29	cg03075156	0.00284919	0.00284919	-0.519664	chr2	45986586	PRKCE	Body	open sea
MB, G4	30	cg07864976	0.0028103	0.0028103	-0.33706	chr16	72459595			open sea
MB, G4	31	cg11287077	0.00267672	0.00265371	-0.48408	chr5	158590712	RNF145	Body	open sea
MB, G4	32	cg03577157	0.00259575	0.00259575	0.534084	chr5	80716263	RNU5E;SSBP2;RNU5D	Body;3'UTR;Body	open sea
MB, G4	33	cg17522727	0.00256585	0.00252991	-0.547225	chr11	794867	SLC25A22	Body	shelf
MB, G4	34	cg18238908	0.00254076	0.00254076	-0.505898	chr1	33893978			shelf
MB, G4	35	cg15465878	0.00252792	0.00252792	-0.580079	chr1	45183988	C1orf228	Body	open sea
MB, G4	36	cg19185339	0.00252149	0.00251216	-0.673174	chr13	44971649	SERP2	3'UTR	open sea
MB, G4	37	cg02577896	0.00251794	0.00251794	-0.63247	chr3	133174687	BFSP2	Body	open sea
MB, G4	38	cg11802583	0.00238927	0.00233815	-0.517702	chr18	29178454	TTR	Body	open sea
MB, G4	39	cg07091346	0.00238097	0.00238097	-0.69105	chr11	888685	CHID1;CHID1;CHID1;CHID1;CHID1	Body;Body;Body;Body;Body	island
MB, G4	40	cg07196992	0.00238087	0.0023536	0.451069	chr4	78098654			open sea
MB, G4	41	cg21366688	0.0023691	0.00235553	-0.600316	chr6	134491421	SGK1;SGK1;SGK1;SGK1	Body;Body;Body;Body	open sea
MB, G4	42	cg14879418	0.00225398	0.00225398	0.381664	chr5	72571312			open sea
MB, G4	43	cg10708739	0.00223603	0.00222541	-0.575627	chr17	57465550	YPEL2	Body	open sea
MB, G4	44	cg01207684	0.00222361	0.00222361	0.379295	chr16	4103167	ADCY9	Body	open sea
MB, G4	45	cg13390388	0.00219984	0.00219984	-0.47618	chr8	25792193	EBF2	Body	open sea
MB, G4	46	cg15944684	0.00210619	0.00210413	0.682153	chr17	77093406	HRNBP3	Body	island
MB, G4	47	cg13962347	0.00210111	0.00210111	0.465503	chr6	5174647	LYRM4;LYRM4	Body;Body	open sea
MB, G4	48	cg03991106	0.00209869	0.00206734	-0.402134	chr15	101661445			open sea
MB, G4	49	cg10142436	0.00209175	0.00209175	0.433232	chr15	42209178	EHD4	Body	shelf
MB, G4	50	cg18338984	0.00209131	0.00209131	-0.245783	chr7	2646955	IQCE;IQCE	Body;Body	shore
MB, G4	51	cg04039799	0.0020853	0.0020853	0.524835	chr11	19745484	NAV2;NAV2;NAV2	Body;Body;Body	open sea
MB, G4	52	cg09684429	0.00203429	0.00203429	-0.54582	chr11	124768015	ROBO4	TSS200	open sea
MB, G4	53	cg16676292	0.00199912	0.00199912	0.43257	chr11	46718049	ARHGAP1	5'UTR	shelf
MB, G4	54	cg23082387	0.00197286	0.00197286	0.612942	chr1	7135565	CAMTA1	Body	open sea
MB, G4	55	cg08856033	0.00195869	0.00195127	-0.642195	chr2	121280078			island
MB, G4	56	cg09667289	0.00192788	0.00192164	-0.686453	chr15	33165563	FMN1	Body	open sea
MB, G4	57	cg11857142	0.00192256	0.00192256	0.344755	chr7	127682579	SND1	Body	open sea
MB, G4	58	cg06401414	0.00191895	0.00190726	0.502593	chr8	141599436	EIF2C2;EIF2C2	Body;Body	open sea
MB, G4	59	cg07737063	0.00191782	0.00191782	-0.495642	chr11	1486341			shelf
MB, G4	60	cg11230112	0.00191233	0.00191233	-0.458397	chr6	158460979	SYNJ2	Body	open sea
MB, G4	61	cg13928485	0.00186185	0.00183624	-0.52185	chr9	136726359	VAV2;VAV2	Body;Body	shelf
MB, G4	62	cg00643814	0.00184303	0.00184303	-0.505146	chr12	106573195			open sea
MB, G4	63	cg26952362	0.00183894	0.00183894	-0.6234	chr10	72820053			open sea
MB, G4	64	cg26824216	0.00182494	0.00182494	0.575643	chr3	187086147	RTP4	TSS200	open sea
MB, G4	65	cg27570256	0.0018203	0.0018203	0.500987	chr10	99477984	LOC100270710	TSS200	shelf
MB, G4	66	cg00703120	0.00181991	0.00181991	-0.576161	chr13	101178936	PCCA;PCCA	Body;Body	open sea
MB, G4	67	cg24062526	0.00181048	0.00181048	-0.838209	chr2	86255804	POLR1A	Body	open sea
MB, G4	68	cg06153925	0.00180323	0.00173052	-0.615981	chr17	78755379	RPTOR;RPTOR	Body;Body	open sea
MB, G4	69	cg15143788	0.00179739	0.00179739	-0.581911	chr5	92909434	FLJ42709;FLJ42709	Body;Body	shore
MB, G4	70	cg12389490	0.00178553	0.00178553	0.305994	chr17	68100915	KCNJ16;KCNJ16;KCNJ16	5'UTR;TSS200;5'UTR	open sea
MB, G4	71	cg15602037	0.00176486	0.0017598	0.292793	chr10	79937002			open sea
MB, G4	72	cg11599887	0.00174103	0.00171223	-0.392692	chr5	1552064			shore
MB, G4	73	cg16170614	0.00172891	0.00172891	-0.310744	chr4	24802387	SOD3	3'UTR	shore
MB, G4	74	cg08093097	0.00171887	0.00171887	0.461095	chr2	209054740	C2orf80;C2orf80	1stExon;5'UTR	open sea
MB, G4	75	cg25343388	0.00170869	0.00169594	-0.262481	chr7	5535641	MIR589;FBXL18	TSS200;Body	shore
MB, G4	76	cg00084432	0.00167869	0.0016417	-0.159423	chr13	36944471	SPG20	TSS200	open sea
MB, G4	77	cg27100471	0.00167794	0.00163482	-0.506427	chr11	794834	SLC25A22	Body	shelf
MB, G4	78	cg07599881	0.00167693	0.00167088	0.503414	chr1	5907508			open sea
MB, G4	79	cg18280830	0.00166635	0.00166635	-0.548	chr14	57265875			shore
MB, G4	80	cg27175093	0.00166607	0.00166607	-0.436978	chr14	57265910			shore
MB, G4	81	cg27300494	0.00165534	0.00165015	0.549122	chr17	77093531	HRNBP3	Body	island
MB, G4	82	cg18124764	0.00165022	0.00165022	-0.627005	chr7	101558698	CUX1;CUX1;CUX1	Body;Body;Body	shore
MB, G4	83	cg24473500	0.00164584	0.00164584	0.589964	chr7	871436	UNC84A;UNC84A	5'UTR;5'UTR	open sea
MB, G4	84	cg08041408	0.00164044	0.00164044	-0.465219	chr7	157690609	PTPRN2;PTPRN2;PTPRN2	Body;Body;Body	island
MB, G4	85	cg07911905	0.00163443	0.00160391	-0.563619	chr12	105096644	CHST11	Body	open sea
MB, G4	86	cg17359076	0.00162236	0.00161994	0.760084	chr12	49658802	TUBA1C	TSS200	island
MB, G4	87	cg19378416	0.00161716	0.00161716	0.552596	chr17	80372775	C17orf101;C17orf101	Body;Body	shore
MB, G4	88	cg04811540	0.0015854	0.0015854	-0.460813	chr7	1351903			island
MB, G4	89	cg09450352	0.00157546	0.00157546	-0.637059	chr7	157495481	PTPRN2;PTPRN2;PTPRN2	Body;Body;Body	shore
MB, G4	90	cg07209034	0.00156908	0.00156908	-0.328006	chr16	72459825			open sea
MB, G4	91	cg19427338	0.001568	0.00155035	-0.676603	chr2	42566455			open sea
MB, G4	92	cg27088725	0.00156101	0.00155635	-0.328956	chr16	72459796			open sea
MB, G4	93	cg02640104	0.00155449	0.0015433	0.365216	chr13	30476615			open sea
MB, G4	94	cg15690475	0.00154629	0.00147677	-0.700423	chr17	44101453	MAPT;MAPT;MAPT;MAPT;MAPT;MAPT	Body;Body;Body;Body;Body;Body	open sea
MB, G4	95	cg14446712	0.00152077	0.00152077	0.481925	chr2	192712158	SDPR	TSS200	open sea
MB, G4	96	cg20402747	0.00150517	0.00149017	-0.546743	chr17	77954963	TBC1D16	Body	shore
MB, G4	97	cg09610558	0.0015033	0.00143674	-0.381462	chr16	87102113			open sea
MB, G4	98	cg04045327	0.00150241	0.00141153	-0.693311	chr4	905805	GAK	Body	shore
MB, G4	99	cg02260430	0.00150208	0.00150208	-0.426528	chr5	149673232			shelf
MB, G4	100	cg16918578	0.00149765	0.00149765	0.399005	chr7	67711231			open sea
LGG, PA PF	1	cg12894883	0.00368929	0.00368929	-0.175399	chr22	22288473	PPM1F	Body	island
LGG, PA PF	2	cg20406460	0.00325746	0.00323056	0.289541	chr5	3606489			island
LGG, PA PF	3	cg17157894	0.00307964	0.00307964	-0.449097	chr22	47187343	TBC1D22A	Body	shelf
LGG, PA PF	4	cg16170708	0.00307728	0.00307728	-0.0883724	chr1	6390830	ACOT7;ACOT7;ACOT7;ACOT7	Body;Body;Body;Body	open sea
LGG, PA PF	5	cg19253831	0.00301868	0.00296753	0.309463	chr1	10795020	CASZ1;CASZ1	5'UTR;5'UTR	open sea
LGG, PA PF	6	cg24945701	0.00294176	0.00294176	-0.387552	chr3	62362783			island
LGG, PA PF	7	cg10142436	0.00279943	0.00279943	-0.344087	chr15	42209178	EHD4	Body	shelf
LGG, PA PF	8	cg00084432	0.00279467	0.00279467	-0.154765	chr13	36944471	SPG20	TSS200	open sea
LGG, PA PF	9	cg05347108	0.00278952	0.00278952	-0.0200933	chr16	72460114			open sea
LGG, PA PF	10	cg21762523	0.00277864	0.002745	-0.466015	chr6	108497717	NR2E1	Body	island
LGG, PA PF	11	cg15054725	0.00275131	0.00259931	0.305042	chr2	223176606			island
LGG, PA PF	12	cg26368049	0.00271684	0.00271684	-0.0384802	chr3	49572730	DAG1;DAG1	3'UTR;3'UTR	open sea
LGG, PA PF	13	cg18132964	0.00268547	0.00268547	-0.207069	chr6	155541562	TIAM2;TIAM2	Body;5'UTR	shore
LGG, PA PF	14	cg02596153	0.00265984	0.00262142	-0.354396	chr6	108497141	NR2E1	Body	island
LGG, PA PF	15	cg03673965	0.00265213	0.00260558	-0.425939	chr6	108497734	NR2E1	Body	island
LGG, PA PF	16	cg09382127	0.00262094	0.00262094	0.193775	chr5	3592466			island
LGG, PA PF	17	cg13552373	0.00261387	0.00258919	0.342221	chr9	92291269	LOC100129066	Body	island
LGG, PA PF	18	cg03587907	0.00257397	0.00251993	0.170069	chr9	138986185	NACC2	5'UTR	island
LGG, PA PF	19	cg08831348	0.00239489	0.00239489	0.230768	chr19	46142212	EML2	Body	shelf
LGG, PA PF	20	cg15416279	0.00229247	0.00227331	0.261254	chr5	3606795			island
LGG, PA PF	21	cg20253855	0.00228355	0.00228355	-0.304695	chr7	101762511	CUX1;CUX1;CUX1	Body;Body;Body	open sea
LGG, PA PF	22	cg18835582	0.00226004	0.00215926	0.153939	chr7	155258315			shore
LGG, PA PF	23	cg15602037	0.00224477	0.00224477	-0.101049	chr10	79937002			open sea
LGG, PA PF	24	cg09264231	0.00224135	0.00222701	-0.431228	chr1	178056133			open sea
LGG, PA PF	25	cg25308508	0.00217929	0.00217929	0.152561	chr5	3592638			island
LGG, PA PF	26	cg18866599	0.00217281	0.00217281	-0.321554	chr2	208635723			shore
LGG, PA PF	27	cg02577896	0.00216446	0.00216446	-0.307196	chr3	133174687	BFSP2	Body	open sea
LGG, PA PF	28	cg13656878	0.00216198	0.00213403	0.176131	chr9	119048807	PAPPA	Body	open sea
LGG, PA PF	29	cg18561589	0.00213838	0.00212241	-0.301214	chr10	119295770	EMX2OS	Body	island
LGG, PA PF	30	cg07664029	0.00212086	0.00211964	-0.135762	chr4	58050932			open sea
LGG, PA PF	31	cg02286091	0.00209949	0.00209949	-0.468792	chr5	78407678	BHMT;BHMT	5'UTR;1stExon	open sea
LGG, PA PF	32	cg00489795	0.00208273	0.00208273	-0.19842	chr22	24041104	LOC91316;RGL4	Body;3'UTR	open sea
LGG, PA PF	33	cg12605662	0.00208266	0.00206056	-0.314561	chr18	56935199	RAX	3'UTR	island
LGG, PA PF	34	cg08994384	0.00207963	0.00205356	-0.302037	chr3	62363642			shore
LGG, PA PF	35	cg03744332	0.00203891	0.00191228	0.111432	chr2	223173061			shore
LGG, PA PF	36	cg01427458	0.00203	0.00200581	0.297652	chr11	133098457	OPCML	Body	open sea
LGG, PA PF	37	cg00238818	0.00202788	0.00200737	0.254164	chr5	176880261	PRR7	5'UTR	shore
LGG, PA PF	38	cg08093097	0.00198158	0.00197487	-0.108365	chr2	209054740	C2orf80;C2orf80	1stExon;5'UTR	open sea
LGG, PA PF	39	cg06204948	0.00197095	0.00192813	0.0759402	chr11	63656090	MARK2;MARK2;MARK2;MARK2;MARK2;MARK2	Body;1stExon;Body;5'UTR;Body;Body	open sea
LGG, PA PF	40	cg23336143	0.00196647	0.00194682	0.332154	chr2	36635519	CRIM1	Body	open sea
LGG, PA PF	41	cg13655615	0.00193362	0.00186739	0.314518	chr9	92291210	LOC100129066	Body	shore
LGG, PA PF	42	cg07864976	0.0019273	0.00191719	-0.0659233	chr16	72459595			open sea
LGG, PA PF	43	cg00664697	0.00189992	0.00189992	-0.457133	chr16	80061290			open sea
LGG, PA PF	44	cg25887619	0.00189461	0.00187809	0.0578968	chr7	101558435	CUX1;CUX1;CUX1	Body;Body;Body	shore
LGG, PA PF	45	cg23097402	0.00188435	0.00188435	-0.403402	chr1	50883394	DMRTA2	3'UTR	island
LGG, PA PF	46	cg12173661	0.00185587	0.00185465	0.197855	chr14	94392932	FAM181A;C14orf86	Body;TSS1500	open sea
LGG, PA PF	47	cg08683938	0.00185101	0.00184142	0.313218	chr11	133098424	OPCML	Body	open sea
LGG, PA PF	48	cg11599887	0.00183639	0.00183639	-0.0939775	chr5	1552064			shore
LGG, PA PF	49	cg00898447	0.00183441	0.00183441	-0.115571	chr16	75300795	BCAR1;BCAR1;BCAR1;BCAR1;BCAR1	TSS1500;TSS200;Body;TSS1500;TSS1500	shore
LGG, PA PF	50	cg00610577	0.00182248	0.00182248	-0.358944	chr12	12008666	ETV6	Body	open sea
LGG, PA PF	51	cg01207684	0.00181936	0.00181936	-0.264705	chr16	4103167	ADCY9	Body	open sea
LGG, PA PF	52	cg03714619	0.00179768	0.00178805	-0.508481	chr2	45160445			shore
LGG, PA PF	53	cg15249926	0.00176984	0.00176232	-0.287419	chr11	133995787	JAM3	Body	shore
LGG, PA PF	54	cg14712531	0.00173838	0.00169008	-0.348134	chr6	108485043			shore
LGG, PA PF	55	cg00982919	0.00172444	0.00165267	0.0832066	chr9	126775263	LHX2	Body	island
LGG, PA PF	56	cg07336350	0.00171843	0.00171017	0.154481	chr16	54322127			island
LGG, PA PF	57	cg25741215	0.00171757	0.00171549	-0.310642	chr2	63287082			island
LGG, PA PF	58	cg24472375	0.00170356	0.00169192	-0.396864	chr6	108485102			shore
LGG, PA PF	59	cg27663123	0.0016901	0.00167226	0.246418	chr14	91853682	CCDC88C	Body	open sea
LGG, PA PF	60	cg14504259	0.00168202	0.00167447	-0.238212	chr9	970882			island
LGG, PA PF	61	cg03061518	0.00164796	0.0016355	-0.0481404	chr12	123738291	C12orf65;C12orf65	Body;Body	open sea
LGG, PA PF	62	cg12610832	0.001647	0.001647	0.235119	chr1	27894955	AHDC1	5'UTR	island
LGG, PA PF	63	cg06936290	0.00161183	0.00160515	-0.367191	chr7	13889871			open sea
LGG, PA PF	64	cg26662049	0.00159739	0.0015672	0.219061	chr15	89903672			island
LGG, PA PF	65	cg00221382	0.00157818	0.00156053	0.159495	chr16	54322308			island
LGG, PA PF	66	cg24364535	0.00157163	0.00154979	0.418923	chr11	133098499	OPCML	Body	open sea
LGG, PA PF	67	cg06103642	0.00155818	0.00149969	-0.434169	chr6	108496716	NR2E1	Body	island
LGG, PA PF	68	cg19132462	0.00155385	0.00155385	0.156355	chr11	10476608	AMPD3;AMPD3;AMPD3	TSS200;TSS1500;Body	shelf
LGG, PA PF	69	cg23325963	0.00155376	0.00155376	-0.524895	chr2	45160093			island
LGG, PA PF	70	cg18569734	0.00155358	0.00151119	-0.320277	chr6	108496460	NR2E1	Body	shore
LGG, PA PF	71	cg20402747	0.00154038	0.00154038	0.234715	chr17	77954963	TBC1D16	Body	shore
LGG, PA PF	72	cg11857142	0.00152066	0.00152066	-0.143118	chr7	127682579	SND1	Body	open sea
LGG, PA PF	73	cg16668359	0.00150148	0.00148643	-0.472366	chr2	45159434			shore
LGG, PA PF	74	cg17981058	0.00149104	0.00140504	0.255576	chr2	223176398			shore
LGG, PA PF	75	cg04678315	0.00146902	0.00143671	-0.389716	chr12	125212010			open sea
LGG, PA PF	76	cg18942579	0.00145635	0.00143661	-0.388979	chr17	57915773	TMEM49	Body	open sea
LGG, PA PF	77	cg13620051	0.00145592	0.0014139	-0.315464	chr9	126759535			shelf
LGG, PA PF	78	cg18459806	0.00144446	0.00144196	-0.11237	chr14	51293793	NIN;NIN;NIN	5'UTR;5'UTR;5'UTR	shelf
LGG, PA PF	79	cg16134191	0.00144089	0.00141317	-0.279342	chr11	31847509			island
LGG, PA PF	80	cg04166294	0.00143848	0.00137267	0.141533	chr16	54322984			island
LGG, PA PF	81	cg26110834	0.00141843	0.00140331	-0.146264	chr1	213500126			open sea
LGG, PA PF	82	cg04680436	0.00139229	0.00138142	-0.0927175	chr2	242842668			shore
LGG, PA PF	83	cg18458509	0.00137628	0.00137628	-0.362648	chr11	2920189	SLC22A18AS;SLC22A18	Body;TSS1500	shelf
LGG, PA PF	84	cg12389490	0.0013696	0.0013696	-0.194339	chr17	68100915	KCNJ16;KCNJ16;KCNJ16	5'UTR;TSS200;5'UTR	open sea
LGG, PA PF	85	cg06925984	0.00136617	0.00136617	0.405417	chr17	77767242			island
LGG, PA PF	86	cg13911697	0.00136371	0.00136371	0.200381	chr11	15911614			open sea
LGG, PA PF	87	cg13783653	0.00135673	0.00135673	0.202968	chr9	135039836	NTNG2	5'UTR	island
LGG, PA PF	88	cg16391955	0.00134386	0.00133485	-0.377207	chr1	50881185			island
LGG, PA PF	89	cg26343183	0.0013438	0.00134099	-0.259901	chr5	153008721	GRIA1;GRIA1	Body;Body	open sea
LGG, PA PF	90	cg13703737	0.00133155	0.00133155	-0.174729	chr6	3386584	SLC22A23;SLC22A23	Body;Body	open sea
LGG, PA PF	91	cg14494733	0.00133083	0.00132012	-0.0669363	chr9	139410910	NOTCH1	Body	shore
LGG, PA PF	92	cg02272993	0.00131977	0.00131132	-0.43346	chr2	45159972			island
LGG, PA PF	93	cg08239858	0.00131501	0.00131501	0.117069	chr5	2739131			island
LGG, PA PF	94	cg05777919	0.00131321	0.00131321	-0.2334	chr2	3480658	TTC15	Body	open sea
LGG, PA PF	95	cg18969232	0.00130404	0.00128657	-0.376555	chr2	45156937			island
LGG, PA PF	96	cg14737571	0.00130345	0.00130345	-0.0946226	chr13	113436568	ATP11A;ATP11A	Body;Body	shelf
LGG, PA PF	97	cg02518245	0.0013001	0.0013001	-0.273139	chr16	51573168			open sea
LGG, PA PF	98	cg11086764	0.0012928	0.0012642	-0.358449	chr6	108496811	NR2E1	Body	island
LGG, PA PF	99	cg24673771	0.00128894	0.00128894	-0.384838	chr2	45180267			island
LGG, PA PF	100	cg02849507	0.00128576	0.00128576	-0.353108	chr16	14051717			open sea
EPN, PF A	1	cg26525457	0.00802476	0.00802476	-0.684942	chr17	76672843	CYTH1;CYTH1	Body;Body	open sea
EPN, PF A	2	cg00367962	0.00737078	0.00737078	-0.595045	chr2	240508665			open sea
EPN, PF A	3	cg07922843	0.00452785	0.00452785	-0.431921	chr1	92083173			open sea
EPN, PF A	4	cg03991106	0.00440912	0.00440912	-0.400406	chr15	101661445			open sea
EPN, PF A	5	cg23703963	0.00438949	0.00438949	0.475503	chr14	105953300	CRIP1;CRIP1	1stExon;5'UTR	island
EPN, PF A	6	cg04020590	0.00437523	0.00427677	-0.618832	chr13	113978800	GRTP1	3'UTR	shelf
EPN, PF A	7	cg12894883	0.00419292	0.00418822	-0.309141	chr22	22288473	PPM1F	Body	island
EPN, PF A	8	cg20402747	0.00410699	0.0040863	-0.440613	chr17	77954963	TBC1D16	Body	shore
EPN, PF A	9	cg15550572	0.00405771	0.00405771	0.676861	chr1	2064441	PRKCZ;PRKCZ;PRKCZ	5'UTR;Body;5'UTR	shore
EPN, PF A	10	cg20253855	0.00380254	0.00380254	0.254419	chr7	101762511	CUX1;CUX1;CUX1	Body;Body;Body	open sea
EPN, PF A	11	cg15396367	0.00343761	0.00342838	0.440229	chr9	139972779	UAP1L1	Body	island
EPN, PF A	12	cg16170708	0.00340808	0.00340808	-0.325503	chr1	6390830	ACOT7;ACOT7;ACOT7;ACOT7	Body;Body;Body;Body	open sea
EPN, PF A	13	cg18132964	0.00335104	0.00335104	-0.354478	chr6	155541562	TIAM2;TIAM2	Body;5'UTR	shore
EPN, PF A	14	cg25887619	0.00334042	0.00334042	-0.279192	chr7	101558435	CUX1;CUX1;CUX1	Body;Body;Body	shore
EPN, PF A	15	cg06204948	0.00320846	0.00314203	-0.379477	chr11	63656090	MARK2;MARK2;MARK2;MARK2;MARK2;MARK2	Body;1stExon;Body;5'UTR;Body;Body	open sea
EPN, PF A	16	cg26368049	0.00286125	0.00286125	-0.285455	chr3	49572730	DAG1;DAG1	3'UTR;3'UTR	open sea
EPN, PF A	17	cg14455592	0.00270464	0.00270464	-0.339563	chr11	134216220	GLB1L2	Body	shelf
EPN, PF A	18	cg15711246	0.00270449	0.00266127	-0.338557	chr8	62702873			open sea
EPN, PF A	19	cg00898447	0.00267627	0.00267627	-0.296944	chr16	75300795	BCAR1;BCAR1;BCAR1;BCAR1;BCAR1	TSS1500;TSS200;Body;TSS1500;TSS1500	shore
EPN, PF A	20	cg15602037	0.00262807	0.00262807	-0.284838	chr10	79937002			open sea
EPN, PF A	21	cg18131646	0.0025943	0.0025943	-0.33906	chr11	134216214	GLB1L2	Body	shelf
EPN, PF A	22	cg05347108	0.00250754	0.00250754	-0.212844	chr16	72460114			open sea
EPN, PF A	23	cg07864976	0.00249653	0.00249653	-0.258649	chr16	72459595			open sea
EPN, PF A	24	cg16918905	0.00248945	0.00248945	0.306905	chr2	220361609			island
EPN, PF A	25	cg01207684	0.00243162	0.00227679	0.309822	chr16	4103167	ADCY9	Body	open sea
EPN, PF A	26	cg09310092	0.0022928	0.0022828	-0.272906	chr19	35529201	SCN1B	Body	shelf
EPN, PF A	27	cg24945701	0.00228671	0.00226222	-0.510454	chr3	62362783			island
EPN, PF A	28	cg04680436	0.00227972	0.00227972	-0.276722	chr2	242842668			shore
EPN, PF A	29	cg13911697	0.00224616	0.00224616	0.190034	chr11	15911614			open sea
EPN, PF A	30	cg18124764	0.00223699	0.00221669	-0.373976	chr7	101558698	CUX1;CUX1;CUX1	Body;Body;Body	shore
EPN, PF A	31	cg07006935	0.00223125	0.00217878	-0.519835	chr7	55620641	VOPP1	Body	open sea
EPN, PF A	32	cg10142436	0.00216703	0.00205218	-0.257049	chr15	42209178	EHD4	Body	shelf
EPN, PF A	33	cg15292765	0.00212931	0.00212108	-0.54205	chr10	34405759	PARD3	Body	open sea
EPN, PF A	34	cg11970252	0.00208421	0.00202744	0.254191	chr13	42188629	KIAA0564	Body	open sea
EPN, PF A	35	cg27197651	0.00206136	0.00205806	-0.294502	chr1	2980038	FLJ42875	Body	island
EPN, PF A	36	cg20366284	0.00205579	0.0020424	0.496558	chr2	136876766	CXCR4	TSS1500	island
EPN, PF A	37	cg18082788	0.00203802	0.00203143	-0.590697	chr6	149806339	ZC3H12D	TSS200	open sea
EPN, PF A	38	cg22551145	0.00203641	0.00203641	-0.407675	chr15	101661580			open sea
EPN, PF A	39	cg17157894	0.00203418	0.00203418	0.211508	chr22	47187343	TBC1D22A	Body	shelf
EPN, PF A	40	cg13947088	0.00202246	0.00201559	-0.551272	chr11	61309985	SYT7	Body	open sea
EPN, PF A	41	cg01734062	0.00199552	0.0019942	0.350753	chr17	48351821	TMEM92;TMEM92;TMEM92	1stExon;5'UTR;5'UTR	shore
EPN, PF A	42	cg02531277	0.00199141	0.00199141	-0.335807	chr7	101558597	CUX1;CUX1;CUX1	Body;Body;Body	shore
EPN, PF A	43	cg02081198	0.00198425	0.00198425	-0.481171	chr11	2922845	SLC22A18AS;SLC22A18;SLC22A18	5'UTR;5'UTR;TSS1500	shore
EPN, PF A	44	cg08093097	0.00197805	0.00197262	-0.213857	chr2	209054740	C2orf80;C2orf80	1stExon;5'UTR	open sea
EPN, PF A	45	cg22286764	0.0019075	0.0019075	-0.441539	chr3	37428639			open sea
EPN, PF A	46	cg16343401	0.00190206	0.00189409	-0.446055	chr17	42989147	GFAP;GFAP	Body;Body	island
EPN, PF A	47	cg12813394	0.00187383	0.00185893	0.309404	chr14	69095057			island
EPN, PF A	48	cg02274366	0.00183211	0.00180636	0.420836	chr6	123154275			open sea
EPN, PF A	49	cg13962347	0.00181002	0.00180009	0.385667	chr6	5174647	LYRM4;LYRM4	Body;Body	open sea
EPN, PF A	50	cg21646955	0.00180757	0.00180757	0.233961	chr6	35108921	TCP11;TCP11	Body;5'UTR	island
EPN, PF A	51	cg17209188	0.00178261	0.00178261	0.333421	chr7	23387396	IGF2BP3	Body	open sea
EPN, PF A	52	cg03061518	0.00177256	0.00177256	-0.227263	chr12	123738291	C12orf65;C12orf65	Body;Body	open sea
EPN, PF A	53	cg17128947	0.00176601	0.00175741	0.473539	chr4	779480	CPLX1	3'UTR	island
EPN, PF A	54	cg11599887	0.00175322	0.00175322	-0.18121	chr5	1552064			shore
EPN, PF A	55	cg01894366	0.00174919	0.00174919	-0.425871	chr3	107700616			open sea
EPN, PF A	56	cg18926409	0.00173535	0.00173535	-0.378272	chr15	65174571			open sea
EPN, PF A	57	cg22442557	0.00171378	0.00171378	-0.37907	chr17	79011352	BAIAP2;BAIAP2;BAIAP2;BAIAP2	Body;Body;Body;Body	shore
EPN, PF A	58	cg00489795	0.0016706	0.00163506	-0.145691	chr22	24041104	LOC91316;RGL4	Body;3'UTR	open sea
EPN, PF A	59	cg18458509	0.00165109	0.00165109	0.232324	chr11	2920189	SLC22A18AS;SLC22A18	Body;TSS1500	shelf
EPN, PF A	60	cg24593552	0.0016492	0.00162614	-0.44274	chr5	3225856			open sea
EPN, PF A	61	cg06721601	0.00164637	0.00164499	0.30934	chr7	101762633	CUX1;CUX1;CUX1	Body;Body;Body	open sea
EPN, PF A	62	cg15249926	0.00161534	0.00161534	0.24225	chr11	133995787	JAM3	Body	shore
EPN, PF A	63	cg13476950	0.00161139	0.00157454	0.277516	chr3	52351680	DNAH1	5'UTR	open sea
EPN, PF A	64	cg10406526	0.00160557	0.00157866	-0.396877	chr19	1051079	ABCA7	Body	island
EPN, PF A	65	cg13783653	0.00159191	0.00158208	-0.250039	chr9	135039836	NTNG2	5'UTR	island
EPN, PF A	66	cg15165927	0.00157976	0.00157976	-0.498037	chr5	1033518	NKD2	Body	open sea
EPN, PF A	67	cg07621758	0.0015556	0.00153984	-0.492875	chr22	38300601			shore
EPN, PF A	68	cg14737571	0.00151197	0.00151197	-0.306565	chr13	113436568	ATP11A;ATP11A	Body;Body	shelf
EPN, PF A	69	cg11857142	0.00149113	0.00149113	-0.273023	chr7	127682579	SND1	Body	open sea
EPN, PF A	70	cg26489368	0.00149081	0.00149081	-0.472607	chr5	1033593	NKD2	Body	open sea
EPN, PF A	71	cg18967587	0.00146508	0.00146288	-0.516232	chr1	48229020			open sea
EPN, PF A	72	cg00011616	0.00145879	0.00145879	-0.398929	chr17	75672423			open sea
EPN, PF A	73	cg01039355	0.0014582	0.0014582	-0.462027	chr19	2867410	ZNF556;ZNF556	1stExon;5'UTR	open sea
EPN, PF A	74	cg22632947	0.00144504	0.00144504	-0.417154	chr17	64787784	PRKCA	Body	open sea
EPN, PF A	75	cg07404106	0.00141691	0.00140384	-0.470297	chr13	114047697			shore
EPN, PF A	76	cg27663123	0.00139501	0.00139501	-0.347818	chr14	91853682	CCDC88C	Body	open sea
EPN, PF A	77	cg00803453	0.001389	0.00137929	0.468456	chr2	220349615	SPEG	Body	island
EPN, PF A	78	cg12173661	0.00138872	0.00138872	-0.449134	chr14	94392932	FAM181A;C14orf86	Body;TSS1500	open sea
EPN, PF A	79	cg16498913	0.00138199	0.00133069	0.444833	chr5	1851563			island
EPN, PF A	80	cg17344321	0.00137243	0.00137243	-0.54624	chr7	22617382			open sea
EPN, PF A	81	cg08844365	0.00136075	0.00135239	0.238258	chr6	112576393	LAMA4;LAMA4;LAMA4;LAMA4;LAMA4	TSS1500;TSS1500;TSS1500;TSS1500;TSS1500	shore
EPN, PF A	82	cg00777315	0.00135226	0.00135226	-0.30493	chr13	95133339	DCT;DCT	TSS1500;TSS1500	open sea
EPN, PF A	83	cg03699074	0.00135137	0.00135137	0.352537	chr16	88849875	FAM38A	Body	shore
EPN, PF A	84	cg13703737	0.00134256	0.00134256	-0.343458	chr6	3386584	SLC22A23;SLC22A23	Body;Body	open sea
EPN, PF A	85	cg15613991	0.00132472	0.00130736	0.360349	chr7	5277080			open sea
EPN, PF A	86	cg03447880	0.0013185	0.00131366	-0.436505	chr7	31121827	ADCYAP1R1	Body	open sea
EPN, PF A	87	cg18625627	0.00131787	0.00131564	0.342986	chr14	81426015	TSHR;TSHR;TSHR	Body;Body;Body	open sea
EPN, PF A	88	cg27159719	0.00131786	0.00131632	0.266835	chr8	133772742	TMEM71;TMEM71;TMEM71;TMEM71	1stExon;5'UTR;1stExon;5'UTR	open sea
EPN, PF A	89	cg22084642	0.00131566	0.0013004	0.337587	chr3	52351963	DNAH1	5'UTR	open sea
EPN, PF A	90	cg03577157	0.0012971	0.0012971	-0.243801	chr5	80716263	RNU5E;SSBP2;RNU5D	Body;3'UTR;Body	open sea
EPN, PF A	91	cg05461140	0.00129695	0.00129185	-0.359579	chr1	54764633	SSBP3;SSBP3;SSBP3	Body;Body;Body	open sea
EPN, PF A	92	cg07121856	0.00129502	0.00127024	0.236558	chr7	95025736	PON3	TSS200	island
EPN, PF A	93	cg12922751	0.00129436	0.00129436	-0.224825	chr14	26674046			shore
EPN, PF A	94	cg19636861	0.00128221	0.00128221	-0.409575	chr19	2867753	ZNF556	Body	open sea
EPN, PF A	95	cg07664029	0.00126123	0.00111911	0.267033	chr4	58050932			open sea
EPN, PF A	96	cg06270993	0.00126045	0.00126045	-0.379332	chr7	23338250	C7orf30	TSS1500	shore
EPN, PF A	97	cg00664697	0.00125676	0.00125676	0.324397	chr16	80061290			open sea
EPN, PF A	98	cg19581790	0.00125338	0.0012457	-0.594986	chr2	222644621			open sea
EPN, PF A	99	cg25296938	0.00125114	0.00125114	-0.101479	chr7	98976900	ARPC1B	5'UTR	shelf
EPN, PF A	100	cg18372607	0.00124027	0.00124027	-0.499238	chr11	31827084	PAX6;PAX6;PAX6	Body;Body;Body	shore
MNG	1	cg13911697	0.00758206	0.00753233	-0.347967	chr11	15911614			open sea
MNG	2	cg26368049	0.0062821	0.0062821	0.448181	chr3	49572730	DAG1;DAG1	3'UTR;3'UTR	open sea
MNG	3	cg10142436	0.00465463	0.00465463	0.305332	chr15	42209178	EHD4	Body	shelf
MNG	4	cg03923640	0.00456854	0.00456854	-0.391116	chr16	87174624			open sea
MNG	5	cg08093097	0.00425861	0.00425861	0.436121	chr2	209054740	C2orf80;C2orf80	1stExon;5'UTR	open sea
MNG	6	cg05347108	0.00413988	0.00413988	0.450816	chr16	72460114			open sea
MNG	7	cg23714773	0.00382726	0.00381519	-0.30478	chr7	808081	HEATR2	Body	island
MNG	8	cg15602037	0.00372303	0.00372303	0.434302	chr10	79937002			open sea
MNG	9	cg16170708	0.00351439	0.00351439	0.403286	chr1	6390830	ACOT7;ACOT7;ACOT7;ACOT7	Body;Body;Body;Body	open sea
MNG	10	cg01207684	0.00344658	0.00344658	0.351777	chr16	4103167	ADCY9	Body	open sea
MNG	11	cg03577157	0.00343269	0.00343269	0.347656	chr5	80716263	RNU5E;SSBP2;RNU5D	Body;3'UTR;Body	open sea
MNG	12	cg25296938	0.00326596	0.0032644	-0.595417	chr7	98976900	ARPC1B	5'UTR	shelf
MNG	13	cg26795333	0.0032635	0.0032536	-0.251393	chr15	67228722			open sea
MNG	14	cg22990967	0.00325946	0.00325946	0.258701	chr6	167567203			open sea
MNG	15	cg04039799	0.00311759	0.00311759	0.49661	chr11	19745484	NAV2;NAV2;NAV2	Body;Body;Body	open sea
MNG	16	cg12894883	0.00293597	0.00293597	0.344997	chr22	22288473	PPM1F	Body	island
MNG	17	cg23871994	0.00285966	0.00285966	0.46036	chr11	113577434	TMPRSS5	TSS1500	open sea
MNG	18	cg04465078	0.00280676	0.00280601	-0.289123	chr16	15766942	NDE1;NDE1	Body;Body	open sea
MNG	19	cg25887619	0.00275564	0.00275564	0.431233	chr7	101558435	CUX1;CUX1;CUX1	Body;Body;Body	shore
MNG	20	cg00898447	0.00273399	0.00273399	0.361833	chr16	75300795	BCAR1;BCAR1;BCAR1;BCAR1;BCAR1	TSS1500;TSS200;Body;TSS1500;TSS1500	shore
MNG	21	cg03061518	0.002703	0.002703	0.482221	chr12	123738291	C12orf65;C12orf65	Body;Body	open sea
MNG	22	cg26440261	0.00262753	0.00262753	0.66271	chr7	229594	FAM20C	Body	shore
MNG	23	cg14737571	0.00256519	0.0025553	0.433407	chr13	113436568	ATP11A;ATP11A	Body;Body	shelf
MNG	24	cg05777919	0.00248583	0.00248583	0.316078	chr2	3480658	TTC15	Body	open sea
MNG	25	cg12813239	0.00244381	0.00244381	-0.495896	chr7	1336600			shore
MNG	26	cg05183271	0.00243592	0.00243592	0.492805	chr11	113577386	TMPRSS5	TSS1500	open sea
MNG	27	cg13098379	0.00243565	0.00243033	0.427939	chr1	204839819	NFASC;NFASC;NFASC;NFASC;NFASC	5'UTR;5'UTR;5'UTR;5'UTR;5'UTR	open sea
MNG	28	cg18458509	0.00242071	0.00242071	0.192046	chr11	2920189	SLC22A18AS;SLC22A18	Body;TSS1500	shelf
MNG	29	cg19132462	0.00236686	0.00231203	-0.302403	chr11	10476608	AMPD3;AMPD3;AMPD3	TSS200;TSS1500;Body	shelf
MNG	30	cg21306949	0.00233817	0.00231457	0.437598	chr6	164506692			open sea
MNG	31	cg19333963	0.00229033	0.00228552	-0.717267	chr19	1467979	APC2	Body	island
MNG	32	cg12389490	0.00225816	0.00225816	0.320652	chr17	68100915	KCNJ16;KCNJ16;KCNJ16	5'UTR;TSS200;5'UTR	open sea
MNG	33	cg21324456	0.00224878	0.00223099	-0.405042	chr20	50248076	ATP9A	Body	open sea
MNG	34	cg17157894	0.00224773	0.00224773	0.0981534	chr22	47187343	TBC1D22A	Body	shelf
MNG	35	cg23082387	0.00218325	0.00218325	-0.27153	chr1	7135565	CAMTA1	Body	open sea
MNG	36	cg17312277	0.00215941	0.00215941	0.46186	chr13	31306018			open sea
MNG	37	cg11599887	0.00213689	0.00213689	0.357739	chr5	1552064			shore
MNG	38	cg09533868	0.00213564	0.00213564	-0.339625	chr7	807608	HEATR2	Body	island
MNG	39	cg07864976	0.0021133	0.0021133	0.562485	chr16	72459595			open sea
MNG	40	cg11420192	0.00201032	0.00201032	0.464219	chr2	239495208			open sea
MNG	41	cg21660861	0.00199429	0.00199429	0.189514	chr7	16700959	BZW2;BZW2;BZW2	Body;5'UTR;5'UTR	open sea
MNG	42	cg26329692	0.00196119	0.00196119	0.1944	chr17	73126757	NT5C	Body	shore
MNG	43	cg12967164	0.00194646	0.0019365	0.533602	chr7	1753637	ELFN1	5'UTR	island
MNG	44	cg13703737	0.00193705	0.00193705	0.382613	chr6	3386584	SLC22A23;SLC22A23	Body;Body	open sea
MNG	45	cg26275858	0.00192265	0.00192265	0.456154	chr10	131694689	EBF3	Body	island
MNG	46	cg05422096	0.00190608	0.00190608	0.377174	chr17	54230560	ANKFN1	TSS1500	open sea
MNG	47	cg04890607	0.00187582	0.00187293	-0.588552	chr12	66262214	HMGA2;HMGA2	Body;Body	open sea
MNG	48	cg20253855	0.00184883	0.00184883	0.28644	chr7	101762511	CUX1;CUX1;CUX1	Body;Body;Body	open sea
MNG	49	cg11857142	0.00183471	0.00183471	0.437861	chr7	127682579	SND1	Body	open sea
MNG	50	cg10953436	0.00180947	0.00180947	0.473063	chr14	95923976	C14orf49	Body	open sea
MNG	51	cg18926409	0.00178511	0.00178511	-0.389246	chr15	65174571			open sea
MNG	52	cg08093568	0.00177543	0.00177543	0.363594	chr7	27626595	HIBADH	Body	open sea
MNG	53	cg20116800	0.00175445	0.00175445	0.377247	chr17	74258224			shelf
MNG	54	cg26603050	0.00173083	0.00173083	-0.292036	chr1	22938172			open sea
MNG	55	cg08473660	0.00172786	0.00172786	0.506353	chr8	61777765	CHD7	Body	open sea
MNG	56	cg02523640	0.00170902	0.00168559	0.522439	chr10	129534613	FOXI2	TSS1500	island
MNG	57	cg05765011	0.00170744	0.00170744	0.302828	chr16	4103225	ADCY9	Body	open sea
MNG	58	cg25356006	0.0016962	0.00169195	0.496779	chr15	72472792	GRAMD2	Body	shelf
MNG	59	cg04680436	0.0016926	0.0016926	0.548163	chr2	242842668			shore
MNG	60	cg16175703	0.00167949	0.00167949	0.412201	chr2	173106129			open sea
MNG	61	cg10624395	0.0016771	0.00167664	0.356445	chr11	110350574			open sea
MNG	62	cg07543830	0.00165046	0.00165046	0.490461	chr20	56247611	PMEPA1;PMEPA1;PMEPA1;PMEPA1	5'UTR;5'UTR;Body;Body	island
MNG	63	cg27570256	0.00162634	0.00162634	0.33206	chr10	99477984	LOC100270710	TSS200	shelf
MNG	64	cg07178278	0.00162017	0.00160163	0.455264	chr16	73266047			open sea
MNG	65	cg11785425	0.00161191	0.00160639	-0.569093	chr8	81478222			open sea
MNG	66	cg01807313	0.00160801	0.00160801	0.535852	chr12	117407970	FBXW8;FBXW8	Body;Body	open sea
MNG	67	cg26152017	0.00160676	0.00160251	-0.425067	chr10	73004558	UNC5B	Body	open sea
MNG	68	cg13928485	0.00158674	0.00158674	0.159043	chr9	136726359	VAV2;VAV2	Body;Body	shelf
MNG	69	cg10024484	0.00158023	0.00158023	0.176269	chr20	20435885	RALGAPA2	Body	shelf
MNG	70	cg21944455	0.00157619	0.00157619	0.547177	chr17	42994269	GFAP;GFAP	TSS1500;TSS1500	open sea
MNG	71	cg11792186	0.00156581	0.00156581	0.163583	chr7	2083105	MAD1L1;MAD1L1;MAD1L1	Body;Body;Body	open sea
MNG	72	cg09372692	0.00156367	0.00155488	-0.200424	chr4	148785459	ARHGAP10	Body	open sea
MNG	73	cg16286735	0.00152868	0.00152868	-0.231593	chr17	45371778	ITGB3	Body	open sea
MNG	74	cg06489037	0.00151104	0.00151104	-0.227662	chr3	107706245			open sea
MNG	75	cg21475076	0.00150781	0.00150781	0.135999	chr1	1100493			island
MNG	76	cg00610577	0.00150342	0.00149492	0.353454	chr12	12008666	ETV6	Body	open sea
MNG	77	cg05951576	0.00149009	0.00147977	0.497748	chr17	42083264	PYY;NAGS	TSS1500;Body	island
MNG	78	cg20923498	0.00147499	0.00147499	0.324808	chr2	99096920	INPP4A;INPP4A;INPP4A;INPP4A	5'UTR;5'UTR;5'UTR;5'UTR	open sea
MNG	79	cg20589096	0.00146882	0.00145776	0.345321	chr4	71824669	MOBKL1A	Body	open sea
MNG	80	cg15511928	0.00146405	0.0014536	-0.309234	chr1	201895256	LMOD1	Body	open sea
MNG	81	cg18505593	0.00146252	0.00145508	0.335733	chr14	100059479	CCDC85C	Body	open sea
MNG	82	cg16417374	0.00146223	0.00146223	0.311594	chr1	26098310	MAN1C1	Body	shore
MNG	83	cg08781365	0.00145017	0.0014466	0.520048	chr16	85320072			shore
MNG	84	cg16015593	0.00144144	0.00143661	0.472925	chr14	51794932			open sea
MNG	85	cg00084432	0.00143373	0.00134054	0.309036	chr13	36944471	SPG20	TSS200	open sea
MNG	86	cg12464638	0.00143133	0.00143133	-0.276986	chr11	844400	TSPAN4;TSPAN4;TSPAN4;TSPAN4;TSPAN4;TSPAN4;TSPAN4	TSS200;5'UTR;5'UTR;5'UTR;5'UTR;5'UTR;5'UTR	shore
MNG	87	cg22796355	0.00143013	0.00142793	0.48103	chr17	60783200	MARCH10;MARCH10	Body;Body	shore
MNG	88	cg16781880	0.00142292	0.00142292	0.427633	chr16	58329007	KLKBL4	TSS200	open sea
MNG	89	cg18719665	0.00142036	0.00142036	0.379034	chr18	21572656	TTC39C	TSS200	open sea
MNG	90	cg22356324	0.00141937	0.00140148	0.283984	chr10	71077947	HK1;HK1;HK1;HK1;HK1	Body;TSS1500;Body;Body;Body	island
MNG	91	cg16562288	0.00141073	0.00141073	0.481375	chr3	120179862			open sea
MNG	92	cg16210324	0.00140351	0.00140351	0.404031	chr6	161860561	PARK2;PARK2;PARK2	Body;Body;Body	open sea
MNG	93	cg12173661	0.00139448	0.00139448	0.310447	chr14	94392932	FAM181A;C14orf86	Body;TSS1500	open sea
MNG	94	cg03075156	0.00138691	0.00138691	0.21852	chr2	45986586	PRKCE	Body	open sea
MNG	95	cg05401069	0.00137544	0.00137544	0.365597	chr18	21572634	TTC39C	TSS200	open sea
MNG	96	cg07664029	0.00137302	0.00133422	0.38254	chr4	58050932			open sea
MNG	97	cg10708739	0.00134899	0.00134899	0.219688	chr17	57465550	YPEL2	Body	open sea
MNG	98	cg11287077	0.0013437	0.0013437	0.178011	chr5	158590712	RNF145	Body	open sea
MNG	99	cg16433737	0.00134304	0.00132414	0.203324	chr12	6950123	GNB3	5'UTR	open sea
MNG	100	cg06997226	0.00134232	0.00131785	-0.35051	chr13	111452040			open sea
ETMR	1	cg17359076	0.00603586	0.00602111	0.707353	chr12	49658802	TUBA1C	TSS200	island
ETMR	2	cg18699242	0.00545707	0.00545707	0.678068	chr22	18632429	USP18	TSS1500	shore
ETMR	3	cg16170708	0.00491708	0.00491237	0.377666	chr1	6390830	ACOT7;ACOT7;ACOT7;ACOT7	Body;Body;Body;Body	open sea
ETMR	4	cg12894883	0.00454852	0.00454852	0.316911	chr22	22288473	PPM1F	Body	island
ETMR	5	cg19383430	0.00453158	0.00451117	0.531834	chr3	187086187	RTP4;RTP4	5'UTR;1stExon	open sea
ETMR	6	cg21485303	0.0041132	0.0041132	0.702589	chr12	22094699			island
ETMR	7	cg26368049	0.00409236	0.00409236	-0.366999	chr3	49572730	DAG1;DAG1	3'UTR;3'UTR	open sea
ETMR	8	cg01963623	0.00408859	0.00408859	0.627045	chr22	18632433	USP18	TSS1500	shore
ETMR	9	cg26824216	0.00393112	0.00393112	0.508148	chr3	187086147	RTP4	TSS200	open sea
ETMR	10	cg03061518	0.0037474	0.0037474	0.383805	chr12	123738291	C12orf65;C12orf65	Body;Body	open sea
ETMR	11	cg06489037	0.00360923	0.00360923	0.427723	chr3	107706245			open sea
ETMR	12	cg07864976	0.00358593	0.00354242	0.446658	chr16	72459595			open sea
ETMR	13	cg10142436	0.00344481	0.00331859	0.198428	chr15	42209178	EHD4	Body	shelf
ETMR	14	cg11599887	0.00343047	0.00336791	0.33735	chr5	1552064			shore
ETMR	15	cg02926868	0.00342425	0.00342425	0.604015	chr11	66374763			open sea
ETMR	16	cg18357696	0.00341585	0.00341585	0.562093	chr2	219157111	PNKD;TMBIM1	Body;5'UTR	island
ETMR	17	cg26093711	0.00336782	0.00336782	0.640671	chr2	58273654	VRK2;VRK2;VRK2;VRK2;VRK2;VRK2	TSS200;TSS200;TSS200;TSS200;TSS200;TSS200	island
ETMR	18	cg05347108	0.00333779	0.00292036	0.312212	chr16	72460114			open sea
ETMR	19	cg08093097	0.00322966	0.00322966	-0.394498	chr2	209054740	C2orf80;C2orf80	1stExon;5'UTR	open sea
ETMR	20	cg19483465	0.00302026	0.00302026	-0.733544	chr12	132896939	GALNT9	Body	shore
ETMR	21	cg24473500	0.00299703	0.00299703	0.375335	chr7	871436	UNC84A;UNC84A	5'UTR;5'UTR	open sea
ETMR	22	cg21944455	0.00291163	0.00291163	0.513412	chr17	42994269	GFAP;GFAP	TSS1500;TSS1500	open sea
ETMR	23	cg24008544	0.00288092	0.00287434	0.664556	chr17	41363899	TMEM106A;TMEM106A	5'UTR;1stExon	island
ETMR	24	cg00084432	0.002834	0.002834	0.327719	chr13	36944471	SPG20	TSS200	open sea
ETMR	25	cg26962618	0.00274037	0.00274037	0.574476	chr15	70767183			open sea
ETMR	26	cg18259504	0.00271158	0.00271158	0.528625	chr14	51000058	ATL1;MAP4K5;ATL1;MAP4K5	1stExon;TSS1500;5'UTR;TSS1500	shore
ETMR	27	cg13525013	0.00268354	0.00268354	-0.298091	chr10	98908962	SLIT1	Body	open sea
ETMR	28	cg04566512	0.00262859	0.00261733	-0.493003	chr22	46457588			island
ETMR	29	cg26881307	0.00261492	0.00260644	-0.573114	chr2	6122798	LOC400940	Body	open sea
ETMR	30	cg00898447	0.00255959	0.00255959	0.337687	chr16	75300795	BCAR1;BCAR1;BCAR1;BCAR1;BCAR1	TSS1500;TSS200;Body;TSS1500;TSS1500	shore
ETMR	31	cg13911697	0.00253476	0.00253476	0.167972	chr11	15911614			open sea
ETMR	32	cg24217704	0.00251059	0.00251059	0.654392	chr2	166650930	GALNT3	TSS200	island
ETMR	33	cg19913563	0.00248209	0.00248209	0.539524	chr6	30720261			open sea
ETMR	34	cg08189615	0.00247684	0.00247684	0.733777	chr2	219157119	PNKD;TMBIM1	Body;5'UTR	island
ETMR	35	cg07616879	0.0024261	0.00240165	-0.695573	chr10	134631386			open sea
ETMR	36	cg25887619	0.00239585	0.00239585	0.406112	chr7	101558435	CUX1;CUX1;CUX1	Body;Body;Body	shore
ETMR	37	cg13957558	0.00236629	0.00236508	0.62873	chr19	11435095	TSPAN16;RAB3D	Body;3'UTR	open sea
ETMR	38	cg04465078	0.00235286	0.00235286	-0.166407	chr16	15766942	NDE1;NDE1	Body;Body	open sea
ETMR	39	cg08939850	0.00231584	0.00230901	0.629222	chr17	78800806	RPTOR;RPTOR	Body;Body	shore
ETMR	40	cg05777919	0.00230858	0.00230858	-0.334629	chr2	3480658	TTC15	Body	open sea
ETMR	41	cg18724521	0.00230675	0.00230675	-0.374632	chr7	1351560			island
ETMR	42	cg25751371	0.00226944	0.0022631	0.493436	chr12	49659053	TUBA1C	Body	island
ETMR	43	cg03075156	0.00225678	0.00210965	-0.233864	chr2	45986586	PRKCE	Body	open sea
ETMR	44	cg14530382	0.00224661	0.00223748	0.638554	chr19	6753525	SH2D3A	Body	island
ETMR	45	cg21211480	0.00216497	0.00215475	0.668626	chr17	41363774	TMEM106A	TSS200	island
ETMR	46	cg13509195	0.00211663	0.00209955	0.604112	chr12	39299716	CPNE8	TSS1500	shore
ETMR	47	cg15602037	0.00211491	0.00211491	-0.344808	chr10	79937002			open sea
ETMR	48	cg10024484	0.00208493	0.00198723	-0.269491	chr20	20435885	RALGAPA2	Body	shelf
ETMR	49	cg07126783	0.0020631	0.0020631	0.54907	chr17	78800767	RPTOR;RPTOR	Body;Body	shore
ETMR	50	cg18132964	0.00206217	0.00206217	0.308101	chr6	155541562	TIAM2;TIAM2	Body;5'UTR	shore
ETMR	51	cg11267955	0.00205367	0.00205367	0.666236	chr5	101632327	SLCO4C1	TSS200	island
ETMR	52	cg24940138	0.00202768	0.00200197	0.659517	chr17	41363741	TMEM106A	TSS200	island
ETMR	53	cg16286735	0.00202644	0.00202644	0.484932	chr17	45371778	ITGB3	Body	open sea
ETMR	54	cg24726121	0.00201013	0.00201013	-0.425155	chr2	236539528	AGAP1;AGAP1	Body;Body	open sea
ETMR	55	cg01207684	0.0019905	0.00193685	-0.421088	chr16	4103167	ADCY9	Body	open sea
ETMR	56	cg08816590	0.00195871	0.0019571	0.679914	chr12	54954337	PDE1B;PDE1B	TSS1500;Body	open sea
ETMR	57	cg18530645	0.00190462	0.00188297	0.565606	chr19	12759156	MAN2B1	Body	island
ETMR	58	cg13703737	0.00190242	0.00187633	0.336226	chr6	3386584	SLC22A23;SLC22A23	Body;Body	open sea
ETMR	59	cg03989125	0.00190053	0.00190053	0.637337	chr22	38214979			island
ETMR	60	cg23503775	0.00188069	0.00188069	-0.388618	chr6	108145601	SCML4	TSS200	open sea
ETMR	61	cg27324541	0.00187474	0.00187277	-0.528948	chr19	2650826	GNG7	5'UTR	island
ETMR	62	cg12173661	0.00186303	0.00186303	-0.327626	chr14	94392932	FAM181A;C14orf86	Body;TSS1500	open sea
ETMR	63	cg17157894	0.00185815	0.00185815	0.298768	chr22	47187343	TBC1D22A	Body	shelf
ETMR	64	cg15209566	0.00185017	0.00184677	0.653797	chr19	11784774	ZNF833	TSS200	shore
ETMR	65	cg25326998	0.00184512	0.00184078	0.680448	chr17	73286282	SLC25A19;SLC25A19;SLC25A19	TSS1500;TSS1500;TSS1500	shore
ETMR	66	cg16329658	0.00182299	0.00182299	-0.726158	chr7	157258677			shelf
ETMR	67	cg11384744	0.00181292	0.00181292	-0.540095	chr7	16794623	TSPAN13	Body	shore
ETMR	68	cg11970252	0.00177612	0.00177612	0.364555	chr13	42188629	KIAA0564	Body	open sea
ETMR	69	cg12389490	0.00176874	0.0017216	-0.0565041	chr17	68100915	KCNJ16;KCNJ16;KCNJ16	5'UTR;TSS200;5'UTR	open sea
ETMR	70	cg17312277	0.00175476	0.00175476	-0.393804	chr13	31306018			open sea
ETMR	71	cg21488876	0.00173267	0.00173206	0.536135	chr19	5250376	PTPRS;PTPRS;PTPRS;PTPRS	Body;Body;Body;Body	shore
ETMR	72	cg19089073	0.00171727	0.00171727	0.7269	chr7	74020924			island
ETMR	73	cg02976309	0.00171071	0.00170464	0.704784	chr6	52441305	TRAM2	Body	island
ETMR	74	cg27125645	0.00169826	0.00168763	0.569538	chr12	124246434	DNAH10	TSS1500	shore
ETMR	75	cg27275023	0.00169666	0.00168	0.532349	chr3	107676222			open sea
ETMR	76	cg05488168	0.00168616	0.00168381	-0.536379	chr19	13400637	CACNA1A;CACNA1A	Body;Body	shelf
ETMR	77	cg11757417	0.00167646	0.00167198	0.577639	chr7	98424289			open sea
ETMR	78	cg02274869	0.00165096	0.00164764	0.524534	chr19	11784955	ZNF833	Body	shore
ETMR	79	cg00054971	0.00163255	0.00162482	-0.623047	chr10	129796937	PTPRE	5'UTR	open sea
ETMR	80	cg16175703	0.00163208	0.00163208	-0.314	chr2	173106129			open sea
ETMR	81	cg25499397	0.00163174	0.00162906	0.712105	chr3	51990575	GPR62	1stExon	island
ETMR	82	cg02671880	0.00162741	0.00162741	0.60856	chr13	95355117			island
ETMR	83	cg00489795	0.001627	0.001627	0.309396	chr22	24041104	LOC91316;RGL4	Body;3'UTR	open sea
ETMR	84	cg18904891	0.00162435	0.00162435	0.694774	chr8	8559673	CLDN23;CLDN23	1stExon;5'UTR	island
ETMR	85	cg04811540	0.0016085	0.0016085	-0.395258	chr7	1351903			island
ETMR	86	cg10648670	0.00158156	0.00157049	0.724029	chr2	25439375			shore
ETMR	87	cg25903497	0.00157468	0.00157468	0.673573	chr2	219157103	PNKD;TMBIM1	Body;5'UTR	island
ETMR	88	cg13098379	0.00157083	0.00157083	-0.404808	chr1	204839819	NFASC;NFASC;NFASC;NFASC;NFASC	5'UTR;5'UTR;5'UTR;5'UTR;5'UTR	open sea
ETMR	89	cg02531277	0.00152596	0.00152596	0.322792	chr7	101558597	CUX1;CUX1;CUX1	Body;Body;Body	shore
ETMR	90	cg04680436	0.00151872	0.00151872	0.496705	chr2	242842668			shore
ETMR	91	cg23365739	0.00151733	0.00151733	-0.413718	chr14	57277178	OTX2;OTX2	1stExon;5'UTR	shore
ETMR	92	cg15309264	0.00150456	0.00150456	0.632113	chr2	58274034	VRK2;VRK2;VRK2;VRK2;VRK2;VRK2	5'UTR;5'UTR;5'UTR;5'UTR;5'UTR;5'UTR	island
ETMR	93	cg19951244	0.00150085	0.00150085	-0.41	chr5	172672766			island
ETMR	94	cg11857142	0.0014983	0.00139172	-0.170013	chr7	127682579	SND1	Body	open sea
ETMR	95	cg26603050	0.00149772	0.00149772	-0.148007	chr1	22938172			open sea
ETMR	96	cg05706898	0.00149233	0.00149233	-0.563967	chr1	1115920	TTLL10;TTLL10	Body;Body	island
ETMR	97	cg10953436	0.00149178	0.00135928	0.306597	chr14	95923976	C14orf49	Body	open sea
ETMR	98	cg25980637	0.00148899	0.00145702	-0.54637	chr1	16163967	FLJ37453	Body	island
ETMR	99	cg04039799	0.00146165	0.00139934	0.286013	chr11	19745484	NAV2;NAV2;NAV2	Body;Body;Body	open sea
ETMR	100	cg11387340	0.00145787	0.00145787	0.583038	chr6	166970727	RPS6KA2;RPS6KA2	Body;Body	open sea
HGNET, MN1	1	cg12894883	0.00498089	0.00486089	0.299315	chr22	22288473	PPM1F	Body	island
HGNET, MN1	2	cg25887619	0.00338569	0.00329743	0.371075	chr7	101558435	CUX1;CUX1;CUX1	Body;Body;Body	shore
HGNET, MN1	3	cg00084432	0.00310751	0.00310751	0.335357	chr13	36944471	SPG20	TSS200	open sea
HGNET, MN1	4	cg04020590	0.00291989	0.00279982	-0.513305	chr13	113978800	GRTP1	3'UTR	shelf
HGNET, MN1	5	cg19148281	0.00283798	0.00277323	-0.318561	chr3	111577973	PHLDB2;PHLDB2;PHLDB2;PHLDB2	TSS200;TSS200;Body;TSS1500	shore
HGNET, MN1	6	cg26368049	0.00275599	0.00275599	-0.316602	chr3	49572730	DAG1;DAG1	3'UTR;3'UTR	open sea
HGNET, MN1	7	cg03991106	0.002647	0.00261163	-0.339405	chr15	101661445			open sea
HGNET, MN1	8	cg23730027	0.00252949	0.00252949	-0.541386	chr3	57995180	FLNB;FLNB;FLNB;FLNB	Body;Body;Body;Body	island
HGNET, MN1	9	cg11970252	0.00249909	0.00249909	0.396937	chr13	42188629	KIAA0564	Body	open sea
HGNET, MN1	10	cg05347108	0.00249147	0.00249147	-0.198805	chr16	72460114			open sea
HGNET, MN1	11	cg00317879	0.00222798	0.00222798	-0.465331	chr11	68920611			open sea
HGNET, MN1	12	cg25157999	0.00219944	0.00219944	-0.365767	chr12	657046	B4GALNT3	Body	open sea
HGNET, MN1	13	cg18459806	0.00216611	0.00216611	0.322854	chr14	51293793	NIN;NIN;NIN	5'UTR;5'UTR;5'UTR	shelf
HGNET, MN1	14	cg04465078	0.00214211	0.00214211	-0.287865	chr16	15766942	NDE1;NDE1	Body;Body	open sea
HGNET, MN1	15	cg12173661	0.00213827	0.00213827	-0.458531	chr14	94392932	FAM181A;C14orf86	Body;TSS1500	open sea
HGNET, MN1	16	cg10142436	0.00208651	0.00189024	-0.272299	chr15	42209178	EHD4	Body	shelf
HGNET, MN1	17	cg25296938	0.00207516	0.00201159	-0.410134	chr7	98976900	ARPC1B	5'UTR	shelf
HGNET, MN1	18	cg15602037	0.00207483	0.00207483	-0.262267	chr10	79937002			open sea
HGNET, MN1	19	cg16170708	0.0020022	0.00191851	-0.188595	chr1	6390830	ACOT7;ACOT7;ACOT7;ACOT7	Body;Body;Body;Body	open sea
HGNET, MN1	20	cg06204948	0.0019666	0.00181022	-0.32707	chr11	63656090	MARK2;MARK2;MARK2;MARK2;MARK2;MARK2	Body;1stExon;Body;5'UTR;Body;Body	open sea
HGNET, MN1	21	cg17157894	0.00195754	0.00195754	0.239227	chr22	47187343	TBC1D22A	Body	shelf
HGNET, MN1	22	cg03061518	0.0019519	0.0019519	-0.206688	chr12	123738291	C12orf65;C12orf65	Body;Body	open sea
HGNET, MN1	23	cg07864976	0.00186589	0.00186589	-0.253819	chr16	72459595			open sea
HGNET, MN1	24	cg13783653	0.00186299	0.00186299	-0.292421	chr9	135039836	NTNG2	5'UTR	island
HGNET, MN1	25	cg16258337	0.00185227	0.00185227	0.532304	chr4	41881829			shore
HGNET, MN1	26	cg21056788	0.00184508	0.00179809	0.351023	chr13	36944443	SPG20	TSS200	open sea
HGNET, MN1	27	cg08093097	0.00183753	0.00181314	-0.249644	chr2	209054740	C2orf80;C2orf80	1stExon;5'UTR	open sea
HGNET, MN1	28	cg11857142	0.0018349	0.00170008	0.208506	chr7	127682579	SND1	Body	open sea
HGNET, MN1	29	cg00898447	0.00182584	0.00155982	0.221795	chr16	75300795	BCAR1;BCAR1;BCAR1;BCAR1;BCAR1	TSS1500;TSS200;Body;TSS1500;TSS1500	shore
HGNET, MN1	30	cg00610577	0.00181046	0.00179234	0.465439	chr12	12008666	ETV6	Body	open sea
HGNET, MN1	31	cg05423712	0.00177915	0.00177915	-0.461744	chr8	605100			open sea
HGNET, MN1	32	cg12280317	0.00175065	0.00174884	-0.495312	chr1	152008083	S100A11	Body	shore
HGNET, MN1	33	cg18132964	0.00170276	0.00165808	0.20709	chr6	155541562	TIAM2;TIAM2	Body;5'UTR	shore
HGNET, MN1	34	cg13911697	0.00169791	0.00169791	0.132173	chr11	15911614			open sea
HGNET, MN1	35	cg01207684	0.00168743	0.00155032	-0.387384	chr16	4103167	ADCY9	Body	open sea
HGNET, MN1	36	cg18877271	0.00166066	0.00166066	-0.645969	chr11	1952638	TNNT3;TNNT3;TNNT3;TNNT3	Body;Body;Body;Body	shore
HGNET, MN1	37	cg24947764	0.00163964	0.00160061	0.479541	chr4	41881359			island
HGNET, MN1	38	cg05183271	0.00160423	0.00160423	-0.261113	chr11	113577386	TMPRSS5	TSS1500	open sea
HGNET, MN1	39	cg12166476	0.00159968	0.00159968	-0.440887	chr13	76334866	LMO7;LMO7;LMO7	5'UTR;1stExon;Body	open sea
HGNET, MN1	40	cg02531277	0.0015992	0.00156028	0.30474	chr7	101558597	CUX1;CUX1;CUX1	Body;Body;Body	shore
HGNET, MN1	41	cg13428086	0.00158273	0.00158273	-0.31621	chr1	10743216	CASZ1;CASZ1	Body;Body	open sea
HGNET, MN1	42	cg09237846	0.00157357	0.00157357	-0.357063	chr12	105114399	CHST11	Body	open sea
HGNET, MN1	43	cg07306253	0.00154227	0.00152336	-0.382304	chr15	41062224	DNAJC17;C15orf62;C15orf62	Body;1stExon;5'UTR	open sea
HGNET, MN1	44	cg08604785	0.00150988	0.00150988	-0.467397	chr4	899970	GAK	Body	island
HGNET, MN1	45	cg14227486	0.00150288	0.00150288	0.43498	chr4	41867415			island
HGNET, MN1	46	cg05959932	0.0014829	0.00146598	-0.428094	chr6	2382734			open sea
HGNET, MN1	47	cg26578682	0.0014499	0.00142169	-0.432252	chr5	2750163	IRX2;IRX2	Body;Body	island
HGNET, MN1	48	cg12922751	0.00144145	0.00128141	0.273859	chr14	26674046			shore
HGNET, MN1	49	cg05461140	0.00143838	0.0013742	-0.292831	chr1	54764633	SSBP3;SSBP3;SSBP3	Body;Body;Body	open sea
HGNET, MN1	50	cg11599887	0.00142204	0.00139357	-0.189628	chr5	1552064			shore
HGNET, MN1	51	cg19089701	0.00141518	0.00141005	-0.470161	chr8	126398731			open sea
HGNET, MN1	52	cg15249926	0.0013841	0.0013841	0.249827	chr11	133995787	JAM3	Body	shore
HGNET, MN1	53	cg08791347	0.00137902	0.00137902	0.43698	chr10	13831250	FRMD4A	Body	open sea
HGNET, MN1	54	cg15754752	0.00136526	0.00136369	0.33358	chr13	36944433	SPG20	TSS200	open sea
HGNET, MN1	55	cg09172244	0.00134972	0.00134033	0.34328	chr5	158251744	EBF1	Body	open sea
HGNET, MN1	56	cg00489795	0.00134303	0.00133848	0.240513	chr22	24041104	LOC91316;RGL4	Body;3'UTR	open sea
HGNET, MN1	57	cg10024484	0.0012993	0.0012993	0.168078	chr20	20435885	RALGAPA2	Body	shelf
HGNET, MN1	58	cg13711457	0.00129513	0.00125726	0.479247	chr5	5494990			shore
HGNET, MN1	59	cg13581527	0.00129416	0.00129416	-0.623583	chr7	1708566			island
HGNET, MN1	60	cg01302436	0.00128341	0.001263	-0.270167	chr12	132865713	GALNT9	Body	shore
HGNET, MN1	61	cg17348479	0.00127277	0.00127039	-0.474168	chr14	97081655			open sea
HGNET, MN1	62	cg14418633	0.00126856	0.00126856	0.547721	chr1	2005489	PRKCZ;PRKCZ	Body;5'UTR	island
HGNET, MN1	63	cg18558767	0.00126848	0.00119756	0.320949	chr3	71592056	FOXP1;MIR1284;FOXP1	5'UTR;TSS1500;5'UTR	open sea
HGNET, MN1	64	cg13655615	0.00126795	0.00126795	-0.220706	chr9	92291210	LOC100129066	Body	shore
HGNET, MN1	65	cg21484515	0.00125043	0.00125043	0.313574	chr13	36944469	SPG20	TSS200	open sea
HGNET, MN1	66	cg13476950	0.00124177	0.00124177	0.267946	chr3	52351680	DNAH1	5'UTR	open sea
HGNET, MN1	67	cg14494733	0.00123737	0.00123737	-0.250275	chr9	139410910	NOTCH1	Body	shore
HGNET, MN1	68	cg22572362	0.00121902	0.00120148	-0.543272	chr5	501938	SLC9A3	Body	island
HGNET, MN1	69	cg21708130	0.00121589	0.00116811	-0.520834	chr2	238596537	LRRFIP1	Body	shelf
HGNET, MN1	70	cg26110834	0.00121567	0.00119248	0.278831	chr1	213500126			open sea
HGNET, MN1	71	cg26603050	0.00120924	0.00120924	-0.2618	chr1	22938172			open sea
HGNET, MN1	72	cg18973247	0.00120358	0.00120358	0.281737	chr1	27070873	ARID1A;ARID1A	Body;Body	open sea
HGNET, MN1	73	cg04839131	0.00119829	0.00117457	-0.504355	chr7	150644715	KCNH2;KCNH2	Body;Body	island
HGNET, MN1	74	cg03587907	0.00118972	0.00110031	-0.293445	chr9	138986185	NACC2	5'UTR	island
HGNET, MN1	75	cg21614723	0.00118969	0.00118969	-0.441968	chr17	55213563			open sea
HGNET, MN1	76	cg18458509	0.0011886	0.0011886	0.138665	chr11	2920189	SLC22A18AS;SLC22A18	Body;TSS1500	shelf
HGNET, MN1	77	cg14737571	0.00118432	0.00118432	-0.295331	chr13	113436568	ATP11A;ATP11A	Body;Body	shelf
HGNET, MN1	78	cg06592167	0.00118348	0.00118348	-0.3984	chr11	110045869			open sea
HGNET, MN1	79	cg00327947	0.00118198	0.00118198	-0.412514	chr16	85482849			open sea
HGNET, MN1	80	cg26328335	0.00116269	0.00106613	-0.528352	chr12	50354840	AQP5	TSS1500	island
HGNET, MN1	81	cg07006935	0.00114977	0.00114404	-0.498512	chr7	55620641	VOPP1	Body	open sea
HGNET, MN1	82	cg27663123	0.00113691	0.00113691	-0.369763	chr14	91853682	CCDC88C	Body	open sea
HGNET, MN1	83	cg24945701	0.00113094	0.00113094	0.24427	chr3	62362783			island
HGNET, MN1	84	cg19132462	0.00112663	0.00104525	0.253033	chr11	10476608	AMPD3;AMPD3;AMPD3	TSS200;TSS1500;Body	shelf
HGNET, MN1	85	cg04608582	0.00108128	0.00107582	-0.479071	chr1	113798121			open sea
HGNET, MN1	86	cg11792186	0.00107704	0.00107704	0.144947	chr7	2083105	MAD1L1;MAD1L1;MAD1L1	Body;Body;Body	open sea
HGNET, MN1	87	cg21239227	0.00107105	0.00103248	-0.480919	chr2	2111623	MYT1L	5'UTR	open sea
HGNET, MN1	88	cg20562678	0.00105626	0.00105626	0.425208	chr13	28369080			shore
HGNET, MN1	89	cg12934258	0.00104442	0.00103055	-0.519803	chr6	159084599	SYTL3	Body	open sea
HGNET, MN1	90	cg21660861	0.00103637	0.00103637	0.169502	chr7	16700959	BZW2;BZW2;BZW2	Body;5'UTR;5'UTR	open sea
HGNET, MN1	91	cg00664697	0.00103618	0.000784999	0.156043	chr16	80061290			open sea
HGNET, MN1	92	cg27587033	0.00103536	0.00103436	0.387814	chr1	2006032	PRKCZ;PRKCZ	Body;5'UTR	shore
HGNET, MN1	93	cg22442557	0.0010339	0.0010339	-0.350832	chr17	79011352	BAIAP2;BAIAP2;BAIAP2;BAIAP2	Body;Body;Body;Body	shore
HGNET, MN1	94	cg08093568	0.00103102	0.000876436	0.296268	chr7	27626595	HIBADH	Body	open sea
HGNET, MN1	95	cg27624162	0.00102965	0.00102965	-0.367383	chr2	111876008			island
HGNET, MN1	96	cg01456368	0.00101945	0.000936829	0.241788	chr3	52351859	DNAH1	5'UTR	open sea
HGNET, MN1	97	cg16175703	0.00101609	0.00101609	-0.224479	chr2	173106129			open sea
HGNET, MN1	98	cg05624954	0.00100806	0.00100806	-0.288655	chr5	179340170			open sea
HGNET, MN1	99	cg20402747	0.0010075	0.000946355	0.207705	chr17	77954963	TBC1D16	Body	shore
HGNET, MN1	100	cg05977462	0.000994347	0.000994347	-0.388986	chr12	111475136	CUX2	Body	island
PITAD, ACTH	1	cg21475076	0.0053732	0.00532309	-0.732797	chr1	1100493			island
PITAD, ACTH	2	cg23082387	0.00504553	0.00504553	0.551039	chr1	7135565	CAMTA1	Body	open sea
PITAD, ACTH	3	cg00957641	0.00485002	0.00485002	0.647584	chr12	103406953			open sea
PITAD, ACTH	4	cg26368049	0.00466349	0.00466349	-0.365617	chr3	49572730	DAG1;DAG1	3'UTR;3'UTR	open sea
PITAD, ACTH	5	cg18238908	0.00404491	0.00404491	-0.5779	chr1	33893978			shelf
PITAD, ACTH	6	cg26603050	0.00389961	0.00389961	0.541018	chr1	22938172			open sea
PITAD, ACTH	7	cg21660861	0.0037799	0.0037799	-0.632682	chr7	16700959	BZW2;BZW2;BZW2	Body;5'UTR;5'UTR	open sea
PITAD, ACTH	8	cg16170708	0.0034607	0.0034607	0.383772	chr1	6390830	ACOT7;ACOT7;ACOT7;ACOT7	Body;Body;Body;Body	open sea
PITAD, ACTH	9	cg15602037	0.0033507	0.0033507	0.411636	chr10	79937002			open sea
PITAD, ACTH	10	cg13098379	0.00332592	0.00332592	0.363014	chr1	204839819	NFASC;NFASC;NFASC;NFASC;NFASC	5'UTR;5'UTR;5'UTR;5'UTR;5'UTR	open sea
PITAD, ACTH	11	cg02564259	0.00326744	0.00326744	0.486941	chr16	67978429	SLC12A4;SLC12A4;SLC12A4;SLC12A4;SLC12A4;LCAT	3'UTR;3'UTR;3'UTR;3'UTR;3'UTR;TSS1500	open sea
PITAD, ACTH	12	cg12464638	0.00319405	0.00319405	0.471154	chr11	844400	TSPAN4;TSPAN4;TSPAN4;TSPAN4;TSPAN4;TSPAN4;TSPAN4	TSS200;5'UTR;5'UTR;5'UTR;5'UTR;5'UTR;5'UTR	shore
PITAD, ACTH	13	cg03920522	0.00316413	0.00316413	0.19893	chr7	94047477	COL1A2	Body	open sea
PITAD, ACTH	14	cg13487666	0.00303015	0.00303015	0.642556	chr9	127021157	NEK6;NEK6;NEK6;NEK6	5'UTR;5'UTR;Body;5'UTR	shore
PITAD, ACTH	15	cg13928485	0.00296874	0.00296874	-0.527935	chr9	136726359	VAV2;VAV2	Body;Body	shelf
PITAD, ACTH	16	cg10024484	0.00293184	0.00286565	-0.355066	chr20	20435885	RALGAPA2	Body	shelf
PITAD, ACTH	17	cg17342132	0.00290763	0.00290763	-0.459915	chr5	142780254	NR3C1;NR3C1;NR3C1;NR3C1;NR3C1;NR3C1;NR3C1	Body;Body;Body;Body;Body;Body;Body	shore
PITAD, ACTH	18	cg23503775	0.00280336	0.00273061	-0.34874	chr6	108145601	SCML4	TSS200	open sea
PITAD, ACTH	19	cg14737571	0.00279158	0.00279158	0.382954	chr13	113436568	ATP11A;ATP11A	Body;Body	shelf
PITAD, ACTH	20	cg05347108	0.0027717	0.0027717	0.4119	chr16	72460114			open sea
PITAD, ACTH	21	cg27553162	0.00271962	0.0026849	0.443646	chr20	30582980	XKR7	Body	island
PITAD, ACTH	22	cg12894883	0.00270574	0.00264188	0.293102	chr22	22288473	PPM1F	Body	island
PITAD, ACTH	23	cg10142436	0.00268133	0.00268133	0.308582	chr15	42209178	EHD4	Body	shelf
PITAD, ACTH	24	cg25887619	0.0026425	0.0026425	0.370127	chr7	101558435	CUX1;CUX1;CUX1	Body;Body;Body	shore
PITAD, ACTH	25	cg02037475	0.00258673	0.00258673	0.469197	chr5	141133848			shore
PITAD, ACTH	26	cg27325255	0.00254947	0.00253208	0.628601	chr19	42501463			island
PITAD, ACTH	27	cg04465078	0.00245591	0.00245591	0.520911	chr16	15766942	NDE1;NDE1	Body;Body	open sea
PITAD, ACTH	28	cg13911697	0.00244965	0.00244965	0.150219	chr11	15911614			open sea
PITAD, ACTH	29	cg00084432	0.00242932	0.00218826	0.322312	chr13	36944471	SPG20	TSS200	open sea
PITAD, ACTH	30	cg05777919	0.00234504	0.0023158	-0.25644	chr2	3480658	TTC15	Body	open sea
PITAD, ACTH	31	cg19132462	0.00232847	0.00232847	-0.426086	chr11	10476608	AMPD3;AMPD3;AMPD3	TSS200;TSS1500;Body	shelf
PITAD, ACTH	32	cg26962618	0.00229237	0.00229237	0.573938	chr15	70767183			open sea
PITAD, ACTH	33	cg07249730	0.00227276	0.00225794	0.459302	chr17	55362836	MSI2;MSI2	Body;Body	open sea
PITAD, ACTH	34	cg03061518	0.00223274	0.00223274	0.428463	chr12	123738291	C12orf65;C12orf65	Body;Body	open sea
PITAD, ACTH	35	cg07864976	0.00211088	0.00211088	0.494813	chr16	72459595			open sea
PITAD, ACTH	36	cg27579609	0.00210759	0.00210259	0.507948	chr1	20003062	HTR6	Body	shelf
PITAD, ACTH	37	cg03075156	0.00206536	0.00206065	-0.354421	chr2	45986586	PRKCE	Body	open sea
PITAD, ACTH	38	cg15817130	0.00206142	0.00198088	0.390442	chr5	16742179	MYO10	Body	open sea
PITAD, ACTH	39	cg11857142	0.00203917	0.00203917	0.420277	chr7	127682579	SND1	Body	open sea
PITAD, ACTH	40	cg01207684	0.00197758	0.00197758	0.317749	chr16	4103167	ADCY9	Body	open sea
PITAD, ACTH	41	cg21306949	0.00194595	0.00187084	0.438772	chr6	164506692			open sea
PITAD, ACTH	42	cg21249371	0.00194534	0.00194534	0.691835	chr12	122019117	KDM2B;KDM2B	TSS200;TSS1500	shore
PITAD, ACTH	43	cg18259504	0.00190997	0.00190997	0.451307	chr14	51000058	ATL1;MAP4K5;ATL1;MAP4K5	1stExon;TSS1500;5'UTR;TSS1500	shore
PITAD, ACTH	44	cg23017915	0.00188876	0.00188087	0.347649	chr3	149374535	WWTR1;WWTR1;WWTR1	Body;Body;Body	shore
PITAD, ACTH	45	cg05603896	0.00186948	0.00186948	-0.376223	chr6	108145574	SCML4	TSS200	open sea
PITAD, ACTH	46	cg17312277	0.00186314	0.00186314	0.423813	chr13	31306018			open sea
PITAD, ACTH	47	cg22335692	0.00178842	0.00178842	0.378956	chr19	34258947	CHST8;CHST8;CHST8	Body;Body;Body	shelf
PITAD, ACTH	48	cg23401796	0.00178254	0.00178254	-0.561457	chr8	141248667	TRAPPC9;TRAPPC9	Body;Body	open sea
PITAD, ACTH	49	cg03577157	0.00177113	0.00168706	0.293093	chr5	80716263	RNU5E;SSBP2;RNU5D	Body;3'UTR;Body	open sea
PITAD, ACTH	50	cg07599881	0.00176507	0.00176222	0.36407	chr1	5907508			open sea
PITAD, ACTH	51	cg08093097	0.00175387	0.00172225	0.165828	chr2	209054740	C2orf80;C2orf80	1stExon;5'UTR	open sea
PITAD, ACTH	52	cg16286735	0.00172917	0.00172917	0.514305	chr17	45371778	ITGB3	Body	open sea
PITAD, ACTH	53	cg00898447	0.00172572	0.00172572	0.328647	chr16	75300795	BCAR1;BCAR1;BCAR1;BCAR1;BCAR1	TSS1500;TSS200;Body;TSS1500;TSS1500	shore
PITAD, ACTH	54	cg07153588	0.00171552	0.00171552	0.466967	chr17	77290851	HRNBP3	5'UTR	open sea
PITAD, ACTH	55	cg11599887	0.00171286	0.00171286	0.328079	chr5	1552064			shore
PITAD, ACTH	56	cg08854834	0.00167375	0.00167375	0.547804	chr21	30517941	C21orf7	Body	open sea
PITAD, ACTH	57	cg26329692	0.00165993	0.00165993	0.172066	chr17	73126757	NT5C	Body	shore
PITAD, ACTH	58	cg16433737	0.00165708	0.00161041	-0.500537	chr12	6950123	GNB3	5'UTR	open sea
PITAD, ACTH	59	cg06963109	0.00164443	0.00164443	0.593576	chr11	61334859	SYT7	Body	shore
PITAD, ACTH	60	cg22990967	0.00163482	0.00163482	0.413564	chr6	167567203			open sea
PITAD, ACTH	61	cg14219543	0.00163034	0.00138921	-0.342253	chr8	49442567			open sea
PITAD, ACTH	62	cg13703737	0.0016026	0.0016026	0.371566	chr6	3386584	SLC22A23;SLC22A23	Body;Body	open sea
PITAD, ACTH	63	cg22444720	0.00159209	0.00159209	-0.384023	chr6	126240414	NCOA7;NCOA7	Body;Body	open sea
PITAD, ACTH	64	cg23731089	0.001569	0.00153788	0.1456	chr8	141599208	EIF2C2;EIF2C2	Body;Body	open sea
PITAD, ACTH	65	cg00073794	0.00156499	0.00156499	0.390801	chr2	30041338	ALK	Body	open sea
PITAD, ACTH	66	cg23509641	0.00156426	0.00156426	0.416304	chr20	30583001	XKR7	Body	island
PITAD, ACTH	67	cg12551557	0.00155561	0.00155561	0.267434	chr12	32308125	BICD1;BICD1	Body;Body	open sea
PITAD, ACTH	68	cg23871994	0.00150151	0.00150151	0.445637	chr11	113577434	TMPRSS5	TSS1500	open sea
PITAD, ACTH	69	cg18458509	0.00150032	0.00150032	0.33286	chr11	2920189	SLC22A18AS;SLC22A18	Body;TSS1500	shelf
PITAD, ACTH	70	cg06206670	0.00150002	0.00150002	0.369839	chr13	113436564	ATP11A;ATP11A	Body;Body	shelf
PITAD, ACTH	71	cg09500171	0.00146115	0.00146115	0.295947	chr4	42460818	ATP8A1;ATP8A1	Body;Body	open sea
PITAD, ACTH	72	cg12389490	0.00145477	0.00133809	0.232706	chr17	68100915	KCNJ16;KCNJ16;KCNJ16	5'UTR;TSS200;5'UTR	open sea
PITAD, ACTH	73	cg18633600	0.00143859	0.00143859	0.45752	chr12	1940452	LRTM2;LRTM2;CACNA2D4;LRTM2	Body;Body;Body;Body	open sea
PITAD, ACTH	74	cg11358405	0.00143274	0.00143274	0.569768	chr15	91382972			open sea
PITAD, ACTH	75	cg13537353	0.00142526	0.00142526	0.325838	chr13	26586651	ATP8A2	Body	island
PITAD, ACTH	76	cg17611046	0.00141176	0.00141176	-0.387088	chr6	5672954	FARS2	Body	open sea
PITAD, ACTH	77	cg22308726	0.00140468	0.00140468	-0.481978	chr19	4566575			island
PITAD, ACTH	78	cg06132069	0.00139015	0.00139015	0.394342	chr20	44686038	SLC12A5;SLC12A5	Body;Body	island
PITAD, ACTH	79	cg11287077	0.00138724	0.00130704	-0.393773	chr5	158590712	RNF145	Body	open sea
PITAD, ACTH	80	cg14875327	0.00138532	0.00138532	0.51198	chr3	197081654			open sea
PITAD, ACTH	81	cg05183271	0.00137437	0.00137437	0.466893	chr11	113577386	TMPRSS5	TSS1500	open sea
PITAD, ACTH	82	cg05785155	0.00137248	0.00137248	0.352814	chr2	182547401			shore
PITAD, ACTH	83	cg00489795	0.00136457	0.00136457	0.299042	chr22	24041104	LOC91316;RGL4	Body;3'UTR	open sea
PITAD, ACTH	84	cg02577896	0.00136121	0.00136121	0.249757	chr3	133174687	BFSP2	Body	open sea
PITAD, ACTH	85	cg10624395	0.00134875	0.00134875	0.397018	chr11	110350574			open sea
PITAD, ACTH	86	cg22244768	0.00133552	0.00133552	0.155703	chr17	55634551	MSI2;MSI2	Body;Body	open sea
PITAD, ACTH	87	cg17388996	0.00132907	0.00132907	-0.51564	chr6	108145374	SCML4;SCML4	1stExon;5'UTR	open sea
PITAD, ACTH	88	cg18010131	0.00131602	0.00131602	-0.554048	chr11	10476620	AMPD3;AMPD3;AMPD3	TSS200;TSS1500;Body	shelf
PITAD, ACTH	89	cg21944455	0.00129555	0.00129555	0.500256	chr17	42994269	GFAP;GFAP	TSS1500;TSS1500	open sea
PITAD, ACTH	90	cg15384589	0.00128494	0.00123659	0.384502	chr5	54873393			open sea
PITAD, ACTH	91	cg05484458	0.00128095	0.00124029	-0.40343	chr12	6949260	GNB3	TSS200	open sea
PITAD, ACTH	92	cg14797899	0.00126473	0.00126473	0.303098	chr7	69882555	AUTS2;AUTS2	Body;Body	open sea
PITAD, ACTH	93	cg02351277	0.00125556	0.00125556	0.373948	chr3	177397780			open sea
PITAD, ACTH	94	cg17110586	0.00125511	0.00125511	0.582702	chr19	36454623			shelf
PITAD, ACTH	95	cg23896685	0.00125209	0.00125209	-0.517718	chr22	29451551	ZNRF3	3'UTR	open sea
PITAD, ACTH	96	cg25356006	0.00124984	0.00124984	0.482734	chr15	72472792	GRAMD2	Body	shelf
PITAD, ACTH	97	cg11792186	0.00124426	0.00124426	0.122232	chr7	2083105	MAD1L1;MAD1L1;MAD1L1	Body;Body;Body	open sea
PITAD, ACTH	98	cg18505593	0.0012441	0.0012441	0.321076	chr14	100059479	CCDC85C	Body	open sea
PITAD, ACTH	99	cg07737063	0.00122549	0.00122549	0.413626	chr11	1486341			shelf
PITAD, ACTH	100	cg23304023	0.00122217	0.00120407	-0.498324	chr10	123949949	TACC2;TACC2;TACC2;TACC2	Body;Body;Body;Body	open sea
HGNET, BCOR	1	cg27300494	0.00645615	0.00645615	0.495477	chr17	77093531	HRNBP3	Body	island
HGNET, BCOR	2	cg19465159	0.00578117	0.00578117	-0.663037	chr13	112631672			shore
HGNET, BCOR	3	cg13718729	0.00556857	0.00556857	0.559879	chr9	140056619	GRIN1;GRIN1;GRIN1	Body;Body;Body	island
HGNET, BCOR	4	cg22683038	0.00500024	0.00500024	0.791148	chr1	180203135	LHX4	Body	island
HGNET, BCOR	5	cg20402747	0.00453504	0.00453504	-0.465475	chr17	77954963	TBC1D16	Body	shore
HGNET, BCOR	6	cg25296938	0.00437316	0.00437316	-0.525241	chr7	98976900	ARPC1B	5'UTR	shelf
HGNET, BCOR	7	cg04113075	0.00410315	0.00410315	0.564686	chr6	146865487	RAB32	Body	shore
HGNET, BCOR	8	cg04489012	0.00373327	0.00373327	0.586024	chr1	151812710	LOC100132111;C2CD4D;C2CD4D	Body;1stExon;5'UTR	shore
HGNET, BCOR	9	cg23252902	0.00355432	0.00353836	0.444832	chr6	711405			shore
HGNET, BCOR	10	cg04728310	0.00355052	0.00355052	0.55764	chr19	45947905			island
HGNET, BCOR	11	cg03991106	0.00351163	0.00343489	-0.325398	chr15	101661445			open sea
HGNET, BCOR	12	cg10114877	0.00338721	0.00338721	-0.517123	chr2	204427199			open sea
HGNET, BCOR	13	cg12894883	0.00330233	0.00330233	0.293724	chr22	22288473	PPM1F	Body	island
HGNET, BCOR	14	cg14259556	0.00324996	0.00324996	-0.486945	chr13	100630170			shore
HGNET, BCOR	15	cg16170708	0.00322343	0.00322343	-0.213257	chr1	6390830	ACOT7;ACOT7;ACOT7;ACOT7	Body;Body;Body;Body	open sea
HGNET, BCOR	16	cg00898447	0.00318133	0.00318133	0.310239	chr16	75300795	BCAR1;BCAR1;BCAR1;BCAR1;BCAR1	TSS1500;TSS200;Body;TSS1500;TSS1500	shore
HGNET, BCOR	17	cg15944684	0.00317928	0.00317928	0.572453	chr17	77093406	HRNBP3	Body	island
HGNET, BCOR	18	cg05719164	0.00301196	0.00301196	0.732617	chr1	180204221	LHX4	Body	island
HGNET, BCOR	19	cg00643814	0.00299376	0.00299376	-0.45044	chr12	106573195			open sea
HGNET, BCOR	20	cg00084432	0.00287484	0.00287484	-0.232508	chr13	36944471	SPG20	TSS200	open sea
HGNET, BCOR	21	cg03989125	0.00270973	0.00266088	0.5577	chr22	38214979			island
HGNET, BCOR	22	cg05347108	0.00265496	0.00265496	-0.186624	chr16	72460114			open sea
HGNET, BCOR	23	cg10142436	0.00264574	0.00261392	0.223771	chr15	42209178	EHD4	Body	shelf
HGNET, BCOR	24	cg02824888	0.00260698	0.00260698	0.605322	chr12	115129011			shore
HGNET, BCOR	25	cg08093097	0.00246898	0.00246898	-0.330355	chr2	209054740	C2orf80;C2orf80	1stExon;5'UTR	open sea
HGNET, BCOR	26	cg26368049	0.0024179	0.0024179	-0.14003	chr3	49572730	DAG1;DAG1	3'UTR;3'UTR	open sea
HGNET, BCOR	27	cg03066050	0.00239171	0.00237198	-0.462902	chr9	110249749	KLF4	Body	island
HGNET, BCOR	28	cg17594860	0.00237632	0.00235579	0.621537	chr1	19615358	AKR7A3	TSS200	island
HGNET, BCOR	29	cg19236794	0.00231816	0.00231816	0.502389	chr1	1181769	FAM132A	Body	island
HGNET, BCOR	30	cg06798642	0.00225859	0.00223306	0.394073	chr4	48272082	TEC	TSS1500	island
HGNET, BCOR	31	cg23095743	0.00218889	0.00217445	0.606613	chr10	104000831	PITX3	5'UTR	island
HGNET, BCOR	32	cg26537639	0.00217147	0.00217147	0.47875	chr16	88717374	CYBA	1stExon	island
HGNET, BCOR	33	cg07864976	0.00216641	0.00216641	-0.273573	chr16	72459595			open sea
HGNET, BCOR	34	cg13911697	0.00208057	0.00208057	0.0630049	chr11	15911614			open sea
HGNET, BCOR	35	cg14213590	0.00204281	0.00203602	0.57987	chr9	139237503	GPSM1	Body	island
HGNET, BCOR	36	cg09848508	0.00199726	0.00199726	0.38493	chr16	1393584	BAIAP3	Body	island
HGNET, BCOR	37	cg17157894	0.00195385	0.00195385	0.238392	chr22	47187343	TBC1D22A	Body	shelf
HGNET, BCOR	38	cg13783653	0.00193127	0.00193127	-0.289101	chr9	135039836	NTNG2	5'UTR	island
HGNET, BCOR	39	cg22791987	0.0019198	0.00189922	0.533748	chr17	43037114	C1QL1	3'UTR	shore
HGNET, BCOR	40	cg18456523	0.00191211	0.00191211	0.768498	chr5	54516805			island
HGNET, BCOR	41	cg03061518	0.00189644	0.00189644	-0.170648	chr12	123738291	C12orf65;C12orf65	Body;Body	open sea
HGNET, BCOR	42	cg24593552	0.00187903	0.00183981	-0.465175	chr5	3225856			open sea
HGNET, BCOR	43	cg20253855	0.00185069	0.00159722	-0.278222	chr7	101762511	CUX1;CUX1;CUX1	Body;Body;Body	open sea
HGNET, BCOR	44	cg11122944	0.00183325	0.00183325	-0.3624	chr17	9924800	GAS7;GAS7;GAS7	Body;Body;5'UTR	open sea
HGNET, BCOR	45	cg00966763	0.00183156	0.00181541	0.403847	chr20	60472065	CDH4	Body	shore
HGNET, BCOR	46	cg09671258	0.00179636	0.00179053	0.706796	chr1	180202530	LHX4	Body	island
HGNET, BCOR	47	cg12869334	0.00175891	0.00175891	0.55313	chr8	37699360	GPR124	Body	island
HGNET, BCOR	48	cg11599887	0.00173337	0.00173337	-0.148948	chr5	1552064			shore
HGNET, BCOR	49	cg08671647	0.00170351	0.00170351	-0.367948	chr4	30724564	PCDH7;PCDH7;PCDH7	1stExon;Body;1stExon	island
HGNET, BCOR	50	cg15152595	0.00167901	0.0016127	-0.422766	chr1	204972818	NFASC;NFASC;NFASC;NFASC	Body;Body;Body;Body	open sea
HGNET, BCOR	51	cg24266670	0.00166221	0.00162655	0.472775	chr11	115630629			island
HGNET, BCOR	52	cg25887619	0.0016564	0.0016564	-0.230782	chr7	101558435	CUX1;CUX1;CUX1	Body;Body;Body	shore
HGNET, BCOR	53	cg17683336	0.00164858	0.00164858	-0.537	chr19	11305924	KANK2;KANK2	5'UTR;TSS1500	shore
HGNET, BCOR	54	cg15602037	0.00162386	0.00162386	-0.308164	chr10	79937002			open sea
HGNET, BCOR	55	cg09680447	0.00158919	0.00155325	0.353788	chr4	1037615			open sea
HGNET, BCOR	56	cg15249926	0.00158907	0.00158907	0.23272	chr11	133995787	JAM3	Body	shore
HGNET, BCOR	57	cg12922751	0.00156541	0.00152338	0.522669	chr14	26674046			shore
HGNET, BCOR	58	cg24425838	0.00155273	0.00153564	0.581743	chr1	151812435	LOC100132111;C2CD4D	Body;5'UTR	island
HGNET, BCOR	59	cg05225684	0.00154082	0.00154082	0.481847	chr14	53257343	GNPNAT1	5'UTR	shore
HGNET, BCOR	60	cg13962347	0.00153939	0.00143215	0.341975	chr6	5174647	LYRM4;LYRM4	Body;Body	open sea
HGNET, BCOR	61	cg02600394	0.00153208	0.00153208	-0.418294	chr4	48136234	TXK;TXK	5'UTR;1stExon	open sea
HGNET, BCOR	62	cg11857142	0.00149553	0.00142534	-0.186523	chr7	127682579	SND1	Body	open sea
HGNET, BCOR	63	cg18866599	0.00146149	0.00146149	0.380889	chr2	208635723			shore
HGNET, BCOR	64	cg19846168	0.00145299	0.00142105	-0.453217	chr1	2845268			shore
HGNET, BCOR	65	cg03048432	0.00143972	0.00143972	-0.574388	chr14	51290751	NIN;NIN;NIN;NIN	5'UTR;5'UTR;TSS1500;5'UTR	open sea
HGNET, BCOR	66	cg05385434	0.00143869	0.00143869	-0.402564	chr1	225998870	EPHX1	5'UTR	shore
HGNET, BCOR	67	cg26603050	0.00142877	0.00142877	-0.324407	chr1	22938172			open sea
HGNET, BCOR	68	cg02671880	0.00142214	0.00139402	0.502094	chr13	95355117			island
HGNET, BCOR	69	cg08390172	0.00142133	0.00141325	-0.557211	chr2	192711905	SDPR;SDPR	5'UTR;1stExon	open sea
HGNET, BCOR	70	cg04566826	0.00140494	0.00140494	-0.445749	chr19	34289872	KCTD15;KCTD15;KCTD15	5'UTR;5'UTR;5'UTR	shore
HGNET, BCOR	71	cg23696593	0.00139077	0.00139077	-0.500523	chr10	28200623	ARMC4	Body	open sea
HGNET, BCOR	72	cg00472029	0.00138029	0.00138029	-0.524298	chr13	100619842	ZIC5	Body	shore
HGNET, BCOR	73	cg01535312	0.00134626	0.00134626	-0.525124	chr6	39903199	MOCS1;MOCS1	TSS1500;TSS1500	shore
HGNET, BCOR	74	cg04465078	0.00134614	0.00134034	-0.209213	chr16	15766942	NDE1;NDE1	Body;Body	open sea
HGNET, BCOR	75	cg13136220	0.0013435	0.0013435	0.546264	chr8	48100957			shore
HGNET, BCOR	76	cg06536868	0.0013393	0.00131914	0.549171	chr2	27530884	UCN	5'UTR	island
HGNET, BCOR	77	cg14737571	0.00133732	0.00133732	-0.308819	chr13	113436568	ATP11A;ATP11A	Body;Body	shelf
HGNET, BCOR	78	cg21868134	0.0013248	0.0013248	0.483875	chr1	45792660	HPDL;HPDL	1stExon;5'UTR	island
HGNET, BCOR	79	cg13780614	0.00130825	0.00130737	-0.367256	chr15	49607868	GALK2;GALK2	Body;Body	open sea
HGNET, BCOR	80	cg12551557	0.00130021	0.00130021	-0.343583	chr12	32308125	BICD1;BICD1	Body;Body	open sea
HGNET, BCOR	81	cg09675196	0.00128966	0.00128966	0.646136	chr11	64067795	C11orf20	TSS200	island
HGNET, BCOR	82	cg13098379	0.00128745	0.00128745	-0.370155	chr1	204839819	NFASC;NFASC;NFASC;NFASC;NFASC	5'UTR;5'UTR;5'UTR;5'UTR;5'UTR	open sea
HGNET, BCOR	83	cg13428086	0.00127197	0.00120868	-0.180509	chr1	10743216	CASZ1;CASZ1	Body;Body	open sea
HGNET, BCOR	84	cg12610832	0.00127161	0.0011975	0.309488	chr1	27894955	AHDC1	5'UTR	island
HGNET, BCOR	85	cg01708411	0.00126274	0.00126274	0.562877	chr12	57631839	NDUFA4L2	5'UTR	shore
HGNET, BCOR	86	cg11287077	0.00125945	0.00125945	0.0987491	chr5	158590712	RNF145	Body	open sea
HGNET, BCOR	87	cg12389490	0.0012586	0.00125485	-0.256939	chr17	68100915	KCNJ16;KCNJ16;KCNJ16	5'UTR;TSS200;5'UTR	open sea
HGNET, BCOR	88	cg13656878	0.00125298	0.00125298	-0.366041	chr9	119048807	PAPPA	Body	open sea
HGNET, BCOR	89	cg05422096	0.00123977	0.00123977	-0.236275	chr17	54230560	ANKFN1	TSS1500	open sea
HGNET, BCOR	90	cg07599881	0.0012292	0.0012292	-0.386937	chr1	5907508			open sea
HGNET, BCOR	91	cg23714773	0.00122296	0.00122296	0.200925	chr7	808081	HEATR2	Body	island
HGNET, BCOR	92	cg19253831	0.00122139	0.00122139	-0.359033	chr1	10795020	CASZ1;CASZ1	5'UTR;5'UTR	open sea
HGNET, BCOR	93	cg06008480	0.00121914	0.00120036	0.411434	chr11	113185089	TTC12	TSS200	shore
HGNET, BCOR	94	cg09180702	0.00121894	0.00121444	0.441951	chr16	633722	PIGQ;PIGQ	3'UTR;3'UTR	shore
HGNET, BCOR	95	cg08473660	0.00121743	0.00121743	-0.260017	chr8	61777765	CHD7	Body	open sea
HGNET, BCOR	96	cg08853572	0.00121058	0.00121058	0.359826	chr16	1843915	IGFALS;IGFALS;IGFALS	TSS200;TSS200;Body	shore
HGNET, BCOR	97	cg23871994	0.00121013	0.00121013	-0.289398	chr11	113577434	TMPRSS5	TSS1500	open sea
HGNET, BCOR	98	cg17993027	0.00120394	0.00120394	0.545638	chr8	82543125			island
HGNET, BCOR	99	cg13476950	0.00119968	0.00119968	0.290685	chr3	52351680	DNAH1	5'UTR	open sea
HGNET, BCOR	100	cg23497569	0.00119549	0.00116968	-0.442331	chr7	19417585			open sea
