repeat	seed	accuracy_leaky	accuracy_inside	accuracy_gap
0	1042	0.5584	0.3468	0.2116
1	1043	0.5527	0.3656	0.1871
2	1044	0.5253	0.2328	0.2925
3	1045	0.4865	0.2868	0.1998
4	1046	0.5127	0.3583	0.1544
5	1047	0.5266	0.3795	0.1471
6	1048	0.5862	0.4326	0.1536
7	1049	0.6066	0.3460	0.2606
8	1050	0.5605	0.2872	0.2733
9	1051	0.5478	0.3272	0.2206
10	1052	0.5801	0.3333	0.2467
11	1053	0.6099	0.3391	0.2708
12	1054	0.5670	0.3868	0.1801
13	1055	0.5923	0.3856	0.2067
14	1056	0.6136	0.2729	0.3407
15	1057	0.5020	0.3154	0.1867
16	1058	0.5621	0.3799	0.1822
17	1059	0.5870	0.3395	0.2475
18	1060	0.5278	0.3002	0.2275
19	1061	0.5396	0.2998	0.2398
