outer	inner	setting	n	accuracy	macro_f1	balanced_accuracy	log_loss
0	0	t9bbc0e8804	738	0.90108	0.83460	0.82733	0.50393
0	1	t9bbc0e8804	738	0.91192	0.83051	0.82750	0.41688
0	2	t9bbc0e8804	737	0.94166	0.91021	0.90192	0.35359
0	0	tdce75c23a4	738	0.88347	0.80329	0.80397	0.52117
0	1	tdce75c23a4	738	0.90244	0.82630	0.82921	0.45360
0	2	tdce75c23a4	737	0.91180	0.84265	0.83966	0.40293
0	0	t8cad2e0206	738	0.53659	0.39779	0.41642	16.07890
0	1	t8cad2e0206	738	0.55014	0.40941	0.43234	15.32386
0	2	t8cad2e0206	737	0.52239	0.37267	0.39811	16.38753
0	0	tb6f8e38438	738	0.90379	0.83009	0.82357	0.69800
0	1	tb6f8e38438	738	0.93089	0.87541	0.87509	0.58433
0	2	tb6f8e38438	737	0.94030	0.91657	0.90861	0.56920
0	0	ta3b64c687f	738	0.91599	0.85686	0.84826	0.47500
0	1	ta3b64c687f	738	0.92954	0.87284	0.87244	0.40326
0	2	ta3b64c687f	737	0.93351	0.90460	0.89606	0.35502
0	0	t6ea174c336	738	0.90650	0.83223	0.83259	0.49681
0	1	t6ea174c336	738	0.92954	0.89294	0.88718	0.40578
0	2	t6ea174c336	737	0.93351	0.90576	0.90058	0.37853
0	0	t10a629151f	738	0.90650	0.84160	0.83744	0.50314
0	1	t10a629151f	738	0.92683	0.87135	0.86928	0.41707
0	2	t10a629151f	737	0.94301	0.90673	0.89800	0.36341
0	0	te10eef0a93	738	0.91870	0.86076	0.85267	0.46028
0	1	te10eef0a93	738	0.93767	0.87996	0.87925	0.37740
0	2	te10eef0a93	737	0.95115	0.93208	0.92218	0.30409
0	0	td516b24711	738	0.49729	0.35379	0.36242	17.24125
0	1	td516b24711	738	0.53117	0.37982	0.39908	16.17949
0	2	td516b24711	737	0.51153	0.38371	0.40524	17.12096
0	0	t4159a869f0	738	0.37669	0.26500	0.27297	22.07266
0	1	t4159a869f0	738	0.42683	0.28657	0.30985	20.26107
0	2	t4159a869f0	737	0.36771	0.25349	0.26941	22.57224
0	0	tbf4785bf5a	738	0.88618	0.79282	0.79189	0.50899
0	1	tbf4785bf5a	738	0.92412	0.87037	0.86483	0.39205
0	2	tbf4785bf5a	737	0.92944	0.90174	0.88632	0.33204
0	0	tdc2b2e5c11	738	0.91057	0.85032	0.84811	0.59219
0	1	tdc2b2e5c11	738	0.92276	0.86479	0.86287	0.52036
0	2	tdc2b2e5c11	737	0.94437	0.91831	0.90567	0.44026
0	0	t1d06fd39ec	738	0.91870	0.85806	0.85537	0.48043
0	1	t1d06fd39ec	738	0.93089	0.87427	0.86885	0.40197
0	2	t1d06fd39ec	737	0.95522	0.93555	0.92666	0.33599
0	0	t2ad51417f9	738	0.92818	0.86306	0.86675	0.43360
0	1	t2ad51417f9	738	0.93225	0.88178	0.87304	0.37060
0	2	t2ad51417f9	737	0.94301	0.92210	0.91075	0.30165
0	0	t08dd43cbd6	738	0.92005	0.87482	0.86912	0.44880
0	1	t08dd43cbd6	738	0.93902	0.88286	0.88072	0.35955
0	2	t08dd43cbd6	737	0.95251	0.93273	0.92221	0.30645
0	0	t7a354a3322	738	0.91599	0.86296	0.85783	0.48279
0	1	t7a354a3322	738	0.92683	0.86137	0.85923	0.38515
0	2	t7a354a3322	737	0.94573	0.92259	0.91368	0.32789
0	0	t4f0a24fec0	738	0.91870	0.87309	0.86764	0.45470
0	1	t4f0a24fec0	738	0.94580	0.91140	0.90228	0.34778
0	2	t4f0a24fec0	737	0.95387	0.93394	0.92244	0.29665
0	0	ta0dc8bf1ef	738	0.92412	0.88481	0.87905	0.46720
0	1	ta0dc8bf1ef	738	0.93360	0.88681	0.88268	0.38056
0	2	ta0dc8bf1ef	737	0.95251	0.93259	0.92309	0.30776
0	0	t600ef12291	738	0.93089	0.88912	0.88147	0.43431
0	1	t600ef12291	738	0.95664	0.92595	0.91956	0.34861
0	2	t600ef12291	737	0.94980	0.92950	0.92358	0.30115
0	0	tdb8004affe	738	0.93089	0.88400	0.87872	0.41391
0	1	tdb8004affe	738	0.93089	0.88166	0.87884	0.34705
0	2	tdb8004affe	737	0.94166	0.91852	0.91018	0.28450
1	0	t34ba8c7189	738	0.75745	0.65111	0.65177	1.27331
1	1	t34ba8c7189	738	0.70461	0.58726	0.58070	1.66418
1	2	t34ba8c7189	737	0.74627	0.63094	0.63411	1.20360
1	0	t8e28a351a9	738	0.91870	0.84825	0.84701	0.74516
1	1	t8e28a351a9	738	0.90515	0.86053	0.85999	0.74032
1	2	t8e28a351a9	737	0.91316	0.86952	0.86201	0.70695
1	0	tbaba04df93	738	0.82114	0.72181	0.73470	1.06289
1	1	tbaba04df93	738	0.80759	0.70038	0.70751	1.04157
1	2	tbaba04df93	737	0.71642	0.61018	0.59267	1.16396
1	0	t97b73f7257	738	0.93631	0.89263	0.88519	0.40706
1	1	t97b73f7257	738	0.93496	0.91076	0.90650	0.41660
1	2	t97b73f7257	737	0.94166	0.91696	0.91022	0.37942
1	0	tddc5d1e2ac	738	0.91057	0.84359	0.84376	0.42778
1	1	tddc5d1e2ac	738	0.89295	0.82403	0.82803	0.47986
1	2	tddc5d1e2ac	737	0.90773	0.87570	0.87246	0.42136
1	0	taa2caf7d31	738	0.91734	0.84191	0.83782	0.36507
1	1	taa2caf7d31	738	0.92005	0.86211	0.86370	0.37889
1	2	taa2caf7d31	737	0.92944	0.90050	0.89396	0.33462
1	0	t77aa44f805	738	0.93089	0.86470	0.86411	0.65440
1	1	t77aa44f805	738	0.92547	0.88886	0.87850	0.67993
1	2	t77aa44f805	737	0.93487	0.91654	0.90747	0.62061
1	0	t8b81317400	738	0.87263	0.76419	0.76625	0.60177
1	1	t8b81317400	738	0.85095	0.75539	0.76360	0.68660
1	2	t8b81317400	737	0.84532	0.77274	0.77971	0.65338
1	0	ta555c9ed09	738	0.84959	0.74229	0.74061	0.67426
1	1	ta555c9ed09	738	0.84688	0.72963	0.73783	0.75971
1	2	ta555c9ed09	737	0.81547	0.70361	0.70869	0.79041
1	0	t1dfcb42266	738	0.92141	0.87153	0.86398	0.50912
1	1	t1dfcb42266	738	0.91463	0.86219	0.85798	0.51112
1	2	t1dfcb42266	737	0.93351	0.91967	0.91058	0.47092
1	0	ta546431c3d	738	0.92818	0.87673	0.86896	0.51455
1	1	ta546431c3d	738	0.93089	0.90433	0.89717	0.52375
1	2	ta546431c3d	737	0.94573	0.92510	0.92136	0.48988
1	0	t4f3d14d242	738	0.93360	0.88213	0.87850	0.37601
1	1	t4f3d14d242	738	0.94309	0.92360	0.91736	0.39549
1	2	t4f3d14d242	737	0.94301	0.91302	0.90998	0.34591
1	0	t3e803517ef	738	0.93631	0.88823	0.88673	0.37827
1	1	t3e803517ef	738	0.93767	0.90690	0.90015	0.39653
1	2	t3e803517ef	737	0.94437	0.92421	0.92300	0.35037
1	0	tfa8004fbcd	738	0.94580	0.89167	0.89027	0.44448
1	1	tfa8004fbcd	738	0.94173	0.91476	0.90702	0.46071
1	2	tfa8004fbcd	737	0.94030	0.91686	0.90904	0.41116
1	0	t4c99b9de1c	738	0.92547	0.87122	0.86957	0.38444
1	1	t4c99b9de1c	738	0.91870	0.88010	0.88164	0.41605
1	2	t4c99b9de1c	737	0.93351	0.90126	0.89698	0.35607
1	0	t7b21e053a6	738	0.93360	0.89035	0.88611	0.34801
1	1	t7b21e053a6	738	0.93089	0.90584	0.89476	0.37550
1	2	t7b21e053a6	737	0.93758	0.89917	0.89529	0.32024
1	0	t23b8094f59	738	0.93902	0.88328	0.87884	0.41891
1	1	t23b8094f59	738	0.93089	0.90075	0.89821	0.45098
1	2	t23b8094f59	737	0.93216	0.90915	0.90552	0.39937
1	0	t9049bc9456	738	0.93496	0.88986	0.88446	0.61334
1	1	t9049bc9456	738	0.93225	0.89217	0.88633	0.61914
1	2	t9049bc9456	737	0.93487	0.90143	0.89608	0.58493
1	0	t54fbb2cd79	738	0.94444	0.89640	0.89312	0.45741
1	1	t54fbb2cd79	738	0.93360	0.90285	0.89875	0.48860
1	2	t54fbb2cd79	737	0.93894	0.91568	0.90875	0.43201
1	0	tcf1af3ae52	738	0.93360	0.88062	0.87529	0.38484
1	1	tcf1af3ae52	738	0.92818	0.89579	0.89252	0.39958
1	2	tcf1af3ae52	737	0.94301	0.91649	0.91299	0.34659
2	0	t75186af6fe	738	0.91463	0.86452	0.86684	0.57377
2	1	t75186af6fe	738	0.92954	0.88069	0.88088	0.50008
2	2	t75186af6fe	738	0.92276	0.86783	0.87367	0.56702
2	0	te2213fb9f8	738	0.48645	0.34459	0.36064	18.08768
2	1	te2213fb9f8	738	0.40379	0.29487	0.31824	20.97418
2	2	te2213fb9f8	738	0.47019	0.31799	0.32961	18.66621
2	0	t182746e306	738	0.91192	0.85728	0.86127	0.40302
2	1	t182746e306	738	0.92005	0.82855	0.83183	0.36906
2	2	t182746e306	738	0.91599	0.85200	0.85263	0.42055
2	0	t357a1cd479	738	0.94309	0.90346	0.90007	0.36279
2	1	t357a1cd479	738	0.94715	0.90847	0.90404	0.33387
2	2	t357a1cd479	738	0.93767	0.91115	0.90982	0.37329
2	0	t12e76125a8	738	0.92547	0.88686	0.87846	0.75486
2	1	t12e76125a8	738	0.93631	0.87211	0.86625	0.72591
2	2	t12e76125a8	738	0.93631	0.90228	0.89630	0.76011
2	0	tb6c092db02	738	0.92276	0.87356	0.87254	0.57974
2	1	tb6c092db02	738	0.93767	0.87194	0.87195	0.52340
2	2	tb6c092db02	738	0.92005	0.87818	0.87815	0.55593
2	0	t2c533bf1fa	738	0.92005	0.86493	0.86672	0.41583
2	1	t2c533bf1fa	738	0.94038	0.88713	0.88281	0.35581
2	2	t2c533bf1fa	738	0.92818	0.88307	0.88246	0.40037
2	0	t9341f7aaa0	738	0.93496	0.89686	0.88660	0.62911
2	1	t9341f7aaa0	738	0.94038	0.87578	0.87403	0.56113
2	2	t9341f7aaa0	738	0.93631	0.90104	0.89610	0.60854
2	0	t9cc7787b89	738	0.89837	0.84118	0.84781	0.47326
2	1	t9cc7787b89	738	0.91870	0.84312	0.84056	0.37828
2	2	t9cc7787b89	738	0.88889	0.82308	0.82892	0.49994
2	0	tcdbfce3339	738	0.91328	0.85732	0.85144	0.53206
2	1	tcdbfce3339	738	0.92818	0.86874	0.85576	0.47563
2	2	tcdbfce3339	738	0.91734	0.87815	0.87634	0.52944
2	0	tf6790ebb99	738	0.93767	0.90112	0.89847	0.46075
2	1	tf6790ebb99	738	0.94715	0.90116	0.89547	0.39900
2	2	tf6790ebb99	738	0.94715	0.91616	0.91830	0.43792
2	0	t1708114e8a	738	0.93631	0.89846	0.89553	0.39422
2	1	t1708114e8a	738	0.94580	0.90777	0.90363	0.34562
2	2	t1708114e8a	738	0.94986	0.91670	0.91887	0.38499
2	0	t3fac01806b	738	0.91734	0.87426	0.87200	0.43132
2	1	t3fac01806b	738	0.92412	0.85810	0.85558	0.36545
2	2	t3fac01806b	738	0.92818	0.88582	0.88067	0.43402
2	0	tfd1c282dd4	738	0.92818	0.88816	0.88580	0.39779
2	1	tfd1c282dd4	738	0.94173	0.88415	0.87450	0.32666
2	2	tfd1c282dd4	738	0.93902	0.89933	0.89878	0.38254
2	0	ta46a6b97d9	738	0.94580	0.91821	0.91285	0.46894
2	1	ta46a6b97d9	738	0.95393	0.91874	0.91010	0.39359
2	2	ta46a6b97d9	738	0.94309	0.91149	0.91251	0.45372
2	0	t6b2fa28c50	738	0.94173	0.90247	0.90067	0.35345
2	1	t6b2fa28c50	738	0.95393	0.91131	0.90617	0.31053
2	2	t6b2fa28c50	738	0.94038	0.91392	0.90914	0.37587
2	0	tecccdaaa71	738	0.91870	0.87483	0.87260	0.54032
2	1	tecccdaaa71	738	0.94038	0.88282	0.87836	0.46305
2	2	tecccdaaa71	738	0.93360	0.88648	0.88890	0.50795
2	0	tb24e46164c	738	0.94309	0.91722	0.91748	0.35722
2	1	tb24e46164c	738	0.94444	0.88941	0.88901	0.31886
2	2	tb24e46164c	738	0.93631	0.89741	0.89500	0.37336
2	0	tda8145e174	738	0.93902	0.91342	0.91235	0.59145
2	1	tda8145e174	738	0.95122	0.90513	0.90154	0.53689
2	2	tda8145e174	738	0.94038	0.90256	0.90105	0.57272
2	0	te379a2fd32	738	0.92954	0.89174	0.88941	0.51357
2	1	te379a2fd32	738	0.93902	0.89308	0.88976	0.43268
2	2	te379a2fd32	738	0.94038	0.89918	0.90065	0.48598
3	0	t10d80b028c	738	0.93902	0.90637	0.90053	0.45563
3	1	t10d80b028c	738	0.93767	0.89416	0.89255	0.46641
3	2	t10d80b028c	738	0.94309	0.91117	0.91143	0.43986
3	0	t4e80a59a10	738	0.39431	0.28586	0.31252	21.51855
3	1	t4e80a59a10	738	0.46883	0.34053	0.36076	18.66674
3	2	t4e80a59a10	738	0.40515	0.26019	0.26567	21.01231
3	0	t2750a61578	738	0.93902	0.90389	0.89659	0.42847
3	1	t2750a61578	738	0.92683	0.89267	0.88924	0.45536
3	2	t2750a61578	738	0.93360	0.88596	0.88879	0.43080
3	0	t60f9af5bcf	738	0.92954	0.89983	0.89306	0.36197
3	1	t60f9af5bcf	738	0.92276	0.87848	0.87829	0.39104
3	2	t60f9af5bcf	738	0.93631	0.88255	0.88798	0.37071
3	0	te6220ee47d	738	0.92412	0.86086	0.85357	0.38179
3	1	te6220ee47d	738	0.91599	0.86121	0.85901	0.39604
3	2	te6220ee47d	738	0.92954	0.87150	0.87035	0.38066
3	0	tf59289f5fc	738	0.89160	0.79653	0.80064	0.52820
3	1	tf59289f5fc	738	0.89973	0.84043	0.83778	0.48762
3	2	tf59289f5fc	738	0.90379	0.82980	0.84089	0.51681
3	0	td3433634f2	738	0.93360	0.89857	0.88989	0.44047
3	1	td3433634f2	738	0.92547	0.88327	0.88237	0.43531
3	2	td3433634f2	738	0.94038	0.88420	0.88880	0.43456
3	0	td0e523c10c	738	0.92005	0.86978	0.86304	0.40321
3	1	td0e523c10c	738	0.90379	0.85632	0.86387	0.42118
3	2	td0e523c10c	738	0.92683	0.86220	0.86576	0.37680
3	0	te4f8035af9	738	0.92683	0.87611	0.87115	0.39758
3	1	te4f8035af9	738	0.92141	0.88560	0.88550	0.39255
3	2	te4f8035af9	738	0.92683	0.86723	0.87165	0.38391
3	0	t543895373a	738	0.93902	0.89907	0.90048	0.33767
3	1	t543895373a	738	0.92141	0.87544	0.87089	0.34612
3	2	t543895373a	738	0.93902	0.89725	0.89341	0.31748
3	0	t819f2a1db5	738	0.93767	0.91884	0.91375	0.54820
3	1	t819f2a1db5	738	0.92954	0.88743	0.88738	0.54763
3	2	t819f2a1db5	738	0.93496	0.90002	0.89706	0.51095
3	0	tcd7554a53e	738	0.93631	0.90389	0.89562	0.62331
3	1	tcd7554a53e	738	0.92954	0.88547	0.88533	0.64054
3	2	tcd7554a53e	738	0.93767	0.89390	0.89224	0.59113
3	0	t260096840c	738	0.94038	0.91613	0.90916	0.51625
3	1	t260096840c	738	0.92547	0.88671	0.88921	0.52215
3	2	t260096840c	738	0.93631	0.89233	0.89116	0.48517
3	0	tac2c0c0e63	738	0.93631	0.91437	0.90768	0.39013
3	1	tac2c0c0e63	738	0.92276	0.88778	0.88763	0.41394
3	2	tac2c0c0e63	738	0.94173	0.91586	0.90964	0.37708
3	0	t81e47d283f	738	0.91057	0.85234	0.84901	0.43231
3	1	t81e47d283f	738	0.89431	0.81623	0.82335	0.47102
3	2	t81e47d283f	738	0.90379	0.84051	0.83883	0.42947
3	0	t76e2cef5de	738	0.93767	0.90355	0.89682	0.54409
3	1	t76e2cef5de	738	0.93089	0.89232	0.88943	0.55972
3	2	t76e2cef5de	738	0.94038	0.90536	0.90302	0.51667
3	0	t8e0417bf59	738	0.92683	0.89260	0.88224	0.42894
3	1	t8e0417bf59	738	0.91328	0.85444	0.85982	0.43680
3	2	t8e0417bf59	738	0.92683	0.87488	0.87842	0.38525
3	0	tb5d09b7b59	738	0.93631	0.89437	0.89182	0.39296
3	1	tb5d09b7b59	738	0.92412	0.87710	0.87882	0.40722
3	2	tb5d09b7b59	738	0.93767	0.89584	0.89658	0.37405
3	0	t3b691f7eec	738	0.92954	0.89507	0.88795	0.39104
3	1	t3b691f7eec	738	0.92547	0.88331	0.88249	0.39730
3	2	t3b691f7eec	738	0.92954	0.87861	0.88019	0.37913
3	0	tf2d51b3b18	738	0.93631	0.90328	0.89662	0.40913
3	1	tf2d51b3b18	738	0.90786	0.85024	0.85515	0.41824
3	2	tf2d51b3b18	738	0.93767	0.88407	0.88883	0.36424
4	0	t622e739549	738	0.79946	0.68002	0.70005	0.91715
4	1	t622e739549	738	0.79268	0.67274	0.67795	1.05994
4	2	t622e739549	738	0.81572	0.70842	0.72961	0.99356
4	0	tede7d765db	738	0.91328	0.86533	0.86355	0.48290
4	1	tede7d765db	738	0.90786	0.82569	0.82994	0.49197
4	2	tede7d765db	738	0.90786	0.83618	0.83118	0.49481
4	0	tbf2dc6693b	738	0.89160	0.82678	0.82837	0.48755
4	1	tbf2dc6693b	738	0.90515	0.83639	0.83040	0.41332
4	2	tbf2dc6693b	738	0.90108	0.84209	0.84313	0.42432
4	0	td3de9d7e9c	738	0.91328	0.87079	0.86606	0.54601
4	1	td3de9d7e9c	738	0.92141	0.86201	0.86295	0.52580
4	2	td3de9d7e9c	738	0.90650	0.85711	0.84897	0.54509
4	0	t1c24cf5da0	738	0.88076	0.80135	0.79892	0.50733
4	1	t1c24cf5da0	738	0.90244	0.81330	0.81063	0.46073
4	2	t1c24cf5da0	738	0.90108	0.83347	0.83798	0.45077
4	0	t0bd8f930df	738	0.91599	0.87715	0.87470	0.42914
4	1	t0bd8f930df	738	0.91870	0.84804	0.84285	0.43093
4	2	t0bd8f930df	738	0.91192	0.84724	0.84761	0.41498
4	0	tc19086f87b	738	0.91463	0.86474	0.87038	0.40451
4	1	tc19086f87b	738	0.91328	0.84937	0.84285	0.42161
4	2	tc19086f87b	738	0.92954	0.87994	0.87744	0.39570
4	0	t62d4eb84ab	738	0.50949	0.35686	0.37556	16.95644
4	1	t62d4eb84ab	738	0.53252	0.39001	0.40359	16.30325
4	2	t62d4eb84ab	738	0.51084	0.39534	0.40500	16.88628
4	0	t85af91f0ac	738	0.93225	0.91229	0.90760	0.43884
4	1	t85af91f0ac	738	0.92547	0.88805	0.87827	0.46177
4	2	t85af91f0ac	738	0.91057	0.83780	0.83814	0.44836
4	0	t89175c9f91	738	0.90921	0.85173	0.85129	0.59815
4	1	t89175c9f91	738	0.90650	0.81117	0.82153	0.64056
4	2	t89175c9f91	738	0.90244	0.83903	0.84174	0.64830
4	0	t0c0d2dfa34	738	0.92818	0.89277	0.88950	0.61514
4	1	t0c0d2dfa34	738	0.91192	0.86501	0.85845	0.62638
4	2	t0c0d2dfa34	738	0.91328	0.85703	0.85576	0.62125
4	0	t9c23338b89	738	0.92276	0.87757	0.87395	0.37982
4	1	t9c23338b89	738	0.92412	0.86853	0.85798	0.41828
4	2	t9c23338b89	738	0.91734	0.85846	0.86567	0.40435
4	0	t5a8525d150	738	0.91599	0.88761	0.88428	0.76326
4	1	t5a8525d150	738	0.91599	0.87270	0.86894	0.77139
4	2	t5a8525d150	738	0.90650	0.84172	0.84734	0.75888
4	0	t96e0ad2e57	738	0.92141	0.89375	0.89108	0.66169
4	1	t96e0ad2e57	738	0.92141	0.87927	0.87059	0.67740
4	2	t96e0ad2e57	738	0.91192	0.86592	0.86015	0.66055
4	0	t219a12a619	738	0.92954	0.90480	0.89625	0.50114
4	1	t219a12a619	738	0.92141	0.87042	0.86632	0.50026
4	2	t219a12a619	738	0.92276	0.88253	0.88068	0.50442
4	0	t079e9ebbd6	738	0.93496	0.90881	0.90636	0.46833
4	1	t079e9ebbd6	738	0.92005	0.85092	0.84832	0.47809
4	2	t079e9ebbd6	738	0.92954	0.88794	0.88268	0.47347
4	0	td99ea3356a	738	0.92412	0.90275	0.89722	0.56469
4	1	td99ea3356a	738	0.90921	0.84359	0.83614	0.57032
4	2	td99ea3356a	738	0.91463	0.85860	0.85686	0.56501
4	0	t826f454738	738	0.89295	0.80980	0.81058	0.47735
4	1	t826f454738	738	0.88347	0.78514	0.79037	0.48766
4	2	t826f454738	738	0.89973	0.82264	0.82721	0.46703
4	0	tca27be1198	738	0.92954	0.89801	0.89149	0.39791
4	1	tca27be1198	738	0.92683	0.86967	0.86326	0.42588
4	2	tca27be1198	738	0.92276	0.86975	0.87434	0.43175
4	0	t53aaf67461	738	0.93089	0.91218	0.90658	0.54504
4	1	t53aaf67461	738	0.92412	0.88613	0.87659	0.55946
4	2	t53aaf67461	738	0.91734	0.86631	0.86274	0.54861
