run	scores	group	level	metric	value	ci_low	ci_high	n	n_classes
lgbm_v1	raw	all	class	macro_f1	0.94545	0.93066	0.95574	2767	91
lgbm_v1	raw	all	class	balanced_accuracy	0.93594	0.92288	0.94945	2767	91
lgbm_v1	raw	all	class	accuracy	0.95410	0.94615	0.96169	2767	91
lgbm_v1	raw	all	class	brier	0.10114	0.09186	0.11097	2767	91
lgbm_v1	raw	all	class	ece	0.08953	0.08012	0.09869	2767	91
lgbm_v1	raw	all	class	confident_share	0.70654	0.68991	0.72389	2767	91
lgbm_v1	raw	all	class	confident_accuracy	0.99488	0.99117	0.99796	2767	91
lgbm_v1	raw	FFPE	class	macro_f1	0.90945	0.89825	0.94169	1844	90
lgbm_v1	raw	FFPE	class	balanced_accuracy	0.90066	0.89152	0.93484	1844	90
lgbm_v1	raw	FFPE	class	accuracy	0.94523	0.93438	0.95553	1844	90
lgbm_v1	raw	FFPE	class	brier	0.12020	0.10743	0.13249	1844	90
lgbm_v1	raw	FFPE	class	ece	0.10739	0.09646	0.11869	1844	90
lgbm_v1	raw	FFPE	class	confident_share	0.65184	0.63015	0.67246	1844	90
lgbm_v1	raw	FFPE	class	confident_accuracy	0.99418	0.98968	0.99833	1844	90
lgbm_v1	raw	Frozen	class	macro_f1	0.94813	0.93383	0.98006	923	57
lgbm_v1	raw	Frozen	class	balanced_accuracy	0.95712	0.94050	0.98158	923	57
lgbm_v1	raw	Frozen	class	accuracy	0.97183	0.96100	0.98158	923	57
lgbm_v1	raw	Frozen	class	brier	0.06307	0.05005	0.07843	923	57
lgbm_v1	raw	Frozen	class	ece	0.05386	0.04597	0.06762	923	57
lgbm_v1	raw	Frozen	class	confident_share	0.81582	0.79198	0.84074	923	57
lgbm_v1	raw	Frozen	class	confident_accuracy	0.99602	0.99085	1.00000	923	57
lgbm_v1	raw	all	family	macro_f1	0.95683	0.94134	0.96760	2767	75
lgbm_v1	raw	all	family	balanced_accuracy	0.94027	0.92480	0.95659	2767	75
lgbm_v1	raw	all	family	accuracy	0.97687	0.97109	0.98230	2767	75
lgbm_v1	raw	all	family	brier	0.06749	0.06018	0.07525	2767	75
lgbm_v1	raw	all	family	ece	0.09389	0.08662	0.10133	2767	75
lgbm_v1	raw	all	family	confident_share	0.74919	0.73256	0.76581	2767	75
lgbm_v1	raw	all	family	confident_accuracy	0.99952	0.99853	1.00000	2767	75
lgbm_v1	raw	FFPE	family	macro_f1	0.91633	0.90459	0.95494	1844	74
lgbm_v1	raw	FFPE	family	balanced_accuracy	0.90237	0.89170	0.94366	1844	74
lgbm_v1	raw	FFPE	family	accuracy	0.97072	0.96312	0.97777	1844	74
lgbm_v1	raw	FFPE	family	brier	0.08436	0.07465	0.09414	1844	74
lgbm_v1	raw	FFPE	family	ece	0.11320	0.10386	0.12248	1844	74
lgbm_v1	raw	FFPE	family	confident_share	0.70011	0.67787	0.72073	1844	74
lgbm_v1	raw	FFPE	family	confident_accuracy	0.99923	0.99763	1.00000	1844	74
lgbm_v1	raw	Frozen	family	macro_f1	0.95839	0.93137	0.99142	923	44
lgbm_v1	raw	Frozen	family	balanced_accuracy	0.95060	0.92785	0.98878	923	44
lgbm_v1	raw	Frozen	family	accuracy	0.98917	0.98267	0.99567	923	44
lgbm_v1	raw	Frozen	family	brier	0.03379	0.02528	0.04357	923	44
lgbm_v1	raw	Frozen	family	ece	0.05546	0.04800	0.06524	923	44
lgbm_v1	raw	Frozen	family	confident_share	0.84724	0.82449	0.86891	923	44
lgbm_v1	raw	Frozen	family	confident_accuracy	1.00000	1.00000	1.00000	923	44
lgbm_v1	calibrated	all	class	macro_f1	0.95212	0.93843	0.96142	2767	91
lgbm_v1	calibrated	all	class	balanced_accuracy	0.95226	0.94088	0.96354	2767	91
lgbm_v1	calibrated	all	class	accuracy	0.96061	0.95338	0.96747	2767	91
lgbm_v1	calibrated	all	class	brier	0.06298	0.05382	0.07355	2767	91
lgbm_v1	calibrated	all	class	ece	0.01470	0.01227	0.02272	2767	91
lgbm_v1	calibrated	all	class	confident_share	0.90784	0.89771	0.91905	2767	91
lgbm_v1	calibrated	all	class	confident_accuracy	0.98607	0.98155	0.99040	2767	91
lgbm_v1	calibrated	FFPE	class	macro_f1	0.91848	0.90809	0.95091	1844	90
lgbm_v1	calibrated	FFPE	class	balanced_accuracy	0.91972	0.91165	0.95284	1844	90
lgbm_v1	calibrated	FFPE	class	accuracy	0.95445	0.94414	0.96312	1844	90
lgbm_v1	calibrated	FFPE	class	brier	0.07220	0.05958	0.08638	1844	90
lgbm_v1	calibrated	FFPE	class	ece	0.01675	0.01418	0.02818	1844	90
lgbm_v1	calibrated	FFPE	class	confident_share	0.89534	0.88124	0.90945	1844	90
lgbm_v1	calibrated	FFPE	class	confident_accuracy	0.98486	0.97908	0.99037	1844	90
lgbm_v1	calibrated	Frozen	class	macro_f1	0.94272	0.92149	0.97988	923	57
lgbm_v1	calibrated	Frozen	class	balanced_accuracy	0.95334	0.93080	0.98162	923	57
lgbm_v1	calibrated	Frozen	class	accuracy	0.97291	0.96100	0.98267	923	57
lgbm_v1	calibrated	Frozen	class	brier	0.04455	0.03012	0.06264	923	57
lgbm_v1	calibrated	Frozen	class	ece	0.01666	0.01134	0.02869	923	57
lgbm_v1	calibrated	Frozen	class	confident_share	0.93283	0.91549	0.94800	923	57
lgbm_v1	calibrated	Frozen	class	confident_accuracy	0.98839	0.98019	0.99425	923	57
lgbm_v1	calibrated	all	family	macro_f1	0.96450	0.95061	0.97415	2767	75
lgbm_v1	calibrated	all	family	balanced_accuracy	0.96391	0.95239	0.97553	2767	75
lgbm_v1	calibrated	all	family	accuracy	0.98301	0.97795	0.98771	2767	75
lgbm_v1	calibrated	all	family	brier	0.02846	0.02184	0.03577	2767	75
lgbm_v1	calibrated	all	family	ece	0.00730	0.00609	0.01299	2767	75
lgbm_v1	calibrated	all	family	confident_share	0.95446	0.94650	0.96241	2767	75
lgbm_v1	calibrated	all	family	confident_accuracy	0.99583	0.99320	0.99811	2767	75
lgbm_v1	calibrated	FFPE	family	macro_f1	0.92550	0.91542	0.96496	1844	74
lgbm_v1	calibrated	FFPE	family	balanced_accuracy	0.92658	0.91852	0.96614	1844	74
lgbm_v1	calibrated	FFPE	family	accuracy	0.97885	0.97180	0.98483	1844	74
lgbm_v1	calibrated	FFPE	family	brier	0.03436	0.02584	0.04386	1844	74
lgbm_v1	calibrated	FFPE	family	ece	0.01012	0.00842	0.01737	1844	74
lgbm_v1	calibrated	FFPE	family	confident_share	0.94306	0.93275	0.95283	1844	74
lgbm_v1	calibrated	FFPE	family	confident_accuracy	0.99597	0.99252	0.99829	1844	74
lgbm_v1	calibrated	Frozen	family	macro_f1	0.96733	0.95352	0.99466	923	44
lgbm_v1	calibrated	Frozen	family	balanced_accuracy	0.96601	0.95144	0.99593	923	44
lgbm_v1	calibrated	Frozen	family	accuracy	0.99133	0.98483	0.99675	923	44
lgbm_v1	calibrated	Frozen	family	brier	0.01669	0.00760	0.02770	923	44
lgbm_v1	calibrated	Frozen	family	ece	0.00669	0.00412	0.01361	923	44
lgbm_v1	calibrated	Frozen	family	confident_share	0.97725	0.96641	0.98700	923	44
lgbm_v1	calibrated	Frozen	family	confident_accuracy	0.99557	0.99109	0.99890	923	44
