mc_class	family	n	n_predicted	sensitivity	precision	f1	n_family_correct
A IDH	MCF IDH GLM	77	78	0.9351	0.9231	0.9290	77
A IDH, HG	MCF IDH GLM	45	43	0.8889	0.9302	0.9091	45
ANA PA	ANA PA	21	23	1.0000	0.9130	0.9545	21
ATRT, MYC	MCF ATRT	29	28	0.9655	1.0000	0.9825	28
ATRT, SHH	MCF ATRT	46	46	1.0000	1.0000	1.0000	46
ATRT, TYR	MCF ATRT	37	37	1.0000	1.0000	1.0000	37
CHGL	CHGL	12	12	1.0000	1.0000	1.0000	12
CHORDM	CHORDM	9	9	1.0000	1.0000	1.0000	9
CN	CN	21	20	0.9524	1.0000	0.9756	20
CNS NB, FOXR2	CNS NB, FOXR2	39	39	1.0000	1.0000	1.0000	39
CONTR, ADENOPIT	CONTR, ADENOPIT	9	12	1.0000	0.7500	0.8571	9
CONTR, CEBM	CONTR, CEBM	8	7	0.8750	1.0000	0.9333	7
CONTR, HEMI	CONTR, HEMI	13	12	0.9231	1.0000	0.9600	12
CONTR, HYPTHAL	CONTR, HYPTHAL	9	9	1.0000	1.0000	1.0000	9
CONTR, INFLAM	CONTR, INFLAM	24	23	0.9583	1.0000	0.9787	23
CONTR, PINEAL	CONTR, PINEAL	11	11	1.0000	1.0000	1.0000	11
CONTR, PONS	CONTR, PONS	10	12	1.0000	0.8333	0.9091	10
CONTR, REACT	CONTR, REACT	23	22	0.8261	0.8636	0.8444	19
CONTR, WM	CONTR, WM	9	9	1.0000	1.0000	1.0000	9
CPH, ADM	CPH, ADM	24	23	0.9583	1.0000	0.9787	23
CPH, PAP	CPH, PAP	19	19	1.0000	1.0000	1.0000	19
DLGNT	DLGNT	8	6	0.7500	1.0000	0.8571	6
DMG, K27	DMG, K27	78	77	0.9744	0.9870	0.9806	76
EFT, CIC	EFT, CIC	13	13	1.0000	1.0000	1.0000	13
ENB, A	MCF ENB	23	20	0.8261	0.9500	0.8837	23
ENB, B	MCF ENB	16	19	0.9375	0.7895	0.8571	16
EPN, MPE	EPN, MPE	28	28	1.0000	1.0000	1.0000	28
EPN, PF A	EPN, PF A	91	91	1.0000	1.0000	1.0000	91
EPN, PF B	EPN, PF B	50	51	1.0000	0.9804	0.9901	50
EPN, RELA	EPN, RELA	68	69	1.0000	0.9855	0.9927	68
EPN, SPINE	EPN, SPINE	27	27	1.0000	1.0000	1.0000	27
EPN, YAP	EPN, YAP	10	10	1.0000	1.0000	1.0000	10
ETMR	ETMR	43	42	0.9767	1.0000	0.9882	42
EWS	EWS	14	14	1.0000	1.0000	1.0000	14
GBM, G34	GBM, G34	41	40	0.9756	1.0000	0.9877	40
GBM, MES	MCF GBM	55	56	0.8545	0.8393	0.8468	55
GBM, MID	MCF GBM	13	11	0.7692	0.9091	0.8333	12
GBM, MYCN	MCF GBM	16	20	1.0000	0.8000	0.8889	16
GBM, RTK I	MCF GBM	62	65	0.9194	0.8769	0.8976	62
GBM, RTK II	MCF GBM	143	140	0.8811	0.9000	0.8905	143
GBM, RTK III	MCF GBM	13	11	0.7692	0.9091	0.8333	13
HGNET, BCOR	HGNET, BCOR	23	23	1.0000	1.0000	1.0000	23
HGNET, MN1	HGNET, MN1	21	21	1.0000	1.0000	1.0000	21
HMB	HMB	25	25	1.0000	1.0000	1.0000	25
IHG	IHG	10	11	1.0000	0.9091	0.9524	10
LGG, DIG/DIA	LGG, DIG/DIA	8	8	1.0000	1.0000	1.0000	8
LGG, DNT	LGG, DNT	44	44	0.9773	0.9773	0.9773	43
LGG, GG	LGG, GG	21	21	1.0000	1.0000	1.0000	21
LGG, MYB	LGG, MYB	22	22	1.0000	1.0000	1.0000	22
LGG, PA MID	MCF PA	38	37	0.9474	0.9730	0.9600	37
LGG, PA PF	MCF PA	114	116	0.9825	0.9655	0.9739	112
LGG, PA/GG ST	MCF PA	24	25	0.9583	0.9200	0.9388	23
LGG, RGNT	LGG, RGNT	9	7	0.7778	1.0000	0.8750	7
LGG, SEGA	LGG, SEGA	21	23	1.0000	0.9130	0.9545	21
LIPN	LIPN	10	10	1.0000	1.0000	1.0000	10
LYMPHO	LYMPHO	13	13	1.0000	1.0000	1.0000	13
MB, G3	MCF MB G3G4	77	75	0.9610	0.9867	0.9737	75
MB, G4	MCF MB G3G4	138	138	0.9928	0.9928	0.9928	138
MB, SHH CHL AD	MCF MB SHH	84	82	0.9524	0.9756	0.9639	83
MB, SHH INF	MCF MB SHH	52	54	0.9615	0.9259	0.9434	52
MB, WNT	MB, WNT	39	40	1.0000	0.9750	0.9873	39
MELAN	MELAN	12	13	0.9167	0.8462	0.8800	11
MELCYT	MELCYT	15	13	0.8667	1.0000	0.9286	13
MNG	MNG	90	90	1.0000	1.0000	1.0000	90
O IDH	MCF IDH GLM	80	82	0.9750	0.9512	0.9630	80
PGG, nC	PGG, nC	19	19	1.0000	1.0000	1.0000	19
PIN T, PB A	PIN T, PB A	8	9	0.7500	0.6667	0.7059	6
PIN T, PB B	PIN T, PB B	20	19	0.9000	0.9474	0.9231	18
PIN T, PPT	PIN T, PPT	19	20	1.0000	0.9500	0.9744	19
PITAD, ACTH	PITAD, ACTH	18	17	0.9444	1.0000	0.9714	17
PITAD, FSH LH	PITAD, FSH LH	21	20	0.9524	1.0000	0.9756	20
PITAD, PRL	PITAD, PRL	8	8	1.0000	1.0000	1.0000	8
PITAD, STH DNS A	PITAD, STH DNS A	9	9	0.7778	0.7778	0.7778	7
PITAD, STH DNS B	PITAD, STH DNS B	12	13	1.0000	0.9231	0.9600	12
PITAD, STH SPA	PITAD, STH SPA	17	15	0.8824	1.0000	0.9375	15
PITAD, TSH	PITAD, TSH	10	11	0.9000	0.8182	0.8571	9
PITUI	PITUI	26	26	0.9615	0.9615	0.9615	25
PLASMA	PLASMA	8	8	1.0000	1.0000	1.0000	8
PLEX, AD	MCF PLEX T	22	22	1.0000	1.0000	1.0000	22
PLEX, PED A	MCF PLEX T	12	10	0.8333	1.0000	0.9091	12
PLEX, PED B	MCF PLEX T	36	38	1.0000	0.9474	0.9730	36
PTPR, A	PTPR, A	8	8	1.0000	1.0000	1.0000	8
PTPR, B	PTPR, B	22	22	1.0000	1.0000	1.0000	22
PXA	PXA	44	44	1.0000	1.0000	1.0000	44
RETB	RETB	19	20	1.0000	0.9500	0.9744	19
SCHW	SCHW	23	23	0.9565	0.9565	0.9565	22
SCHW, MEL	SCHW, MEL	8	9	0.7500	0.6667	0.7059	6
SFT HMPC	SFT HMPC	16	16	1.0000	1.0000	1.0000	16
SUBEPN, PF	SUBEPN, PF	37	36	0.9730	1.0000	0.9863	36
SUBEPN, SPINE	SUBEPN, SPINE	9	9	0.8889	0.8889	0.8889	8
SUBEPN, ST	SUBEPN, ST	19	19	1.0000	1.0000	1.0000	19
