setting	n_probes	correct_material	model_params
t9bbc0e8804	10000	False	"{""class_weight"": ""balanced"", ""colsample_bytree"": 0.32050175528444397, ""deterministic"": true, ""force_col_wise"": true, ""learning_rate"": 0.0403316977206044, ""max_bin"": 63, ""min_child_samples"": 9, ""n_estimators"": 131, ""num_leaves"": 5, ""reg_lambda"": 0.0012087541473056963, ""subsample"": 0.8832290311184181, ""subsample_freq"": 1, ""verbose"": -1}"
tdce75c23a4	5000	False	"{""class_weight"": ""balanced"", ""colsample_bytree"": 0.18105311308911887, ""deterministic"": true, ""force_col_wise"": true, ""learning_rate"": 0.05343048274530412, ""max_bin"": 63, ""min_child_samples"": 5, ""n_estimators"": 136, ""num_leaves"": 18, ""reg_lambda"": 0.003613894271216527, ""subsample"": 0.8447411578889518, ""subsample_freq"": 1, ""verbose"": -1}"
t8cad2e0206	10000	True	"{""class_weight"": ""balanced"", ""colsample_bytree"": 0.32339518335564726, ""deterministic"": true, ""force_col_wise"": true, ""learning_rate"": 0.07957992095277988, ""max_bin"": 63, ""min_child_samples"": 2, ""n_estimators"": 140, ""num_leaves"": 20, ""reg_lambda"": 0.0018205657658407262, ""subsample"": 0.6682096494749166, ""subsample_freq"": 1, ""verbose"": -1}"
tb6f8e38438	10000	False	"{""class_weight"": ""balanced"", ""colsample_bytree"": 0.2728296095500716, ""deterministic"": true, ""force_col_wise"": true, ""learning_rate"": 0.10986688873050877, ""max_bin"": 63, ""min_child_samples"": 3, ""n_estimators"": 119, ""num_leaves"": 16, ""reg_lambda"": 4.337920697490942, ""subsample"": 0.6137554084460873, ""subsample_freq"": 1, ""verbose"": -1}"
ta3b64c687f	10000	True	"{""class_weight"": ""balanced"", ""colsample_bytree"": 0.4727745237038851, ""deterministic"": true, ""force_col_wise"": true, ""learning_rate"": 0.042601457381983523, ""max_bin"": 63, ""min_child_samples"": 8, ""n_estimators"": 209, ""num_leaves"": 31, ""reg_lambda"": 0.24637685958997463, ""subsample"": 0.9579309401710595, ""subsample_freq"": 1, ""verbose"": -1}"
t6ea174c336	5000	False	"{""class_weight"": ""balanced"", ""colsample_bytree"": 0.2105389970121152, ""deterministic"": true, ""force_col_wise"": true, ""learning_rate"": 0.06271275372230548, ""max_bin"": 63, ""min_child_samples"": 9, ""n_estimators"": 165, ""num_leaves"": 11, ""reg_lambda"": 0.14817820606039092, ""subsample"": 0.7123738038749523, ""subsample_freq"": 1, ""verbose"": -1}"
t10a629151f	10000	True	"{""class_weight"": ""balanced"", ""colsample_bytree"": 0.3680858047314277, ""deterministic"": true, ""force_col_wise"": true, ""learning_rate"": 0.04373658216581733, ""max_bin"": 63, ""min_child_samples"": 9, ""n_estimators"": 255, ""num_leaves"": 4, ""reg_lambda"": 1.2164139351417065, ""subsample"": 0.8916028672163949, ""subsample_freq"": 1, ""verbose"": -1}"
te10eef0a93	10000	True	"{""class_weight"": ""balanced"", ""colsample_bytree"": 0.1963324949120362, ""deterministic"": true, ""force_col_wise"": true, ""learning_rate"": 0.05620190412589549, ""max_bin"": 63, ""min_child_samples"": 4, ""n_estimators"": 225, ""num_leaves"": 5, ""reg_lambda"": 0.35500125258511606, ""subsample"": 0.8918424713352255, ""subsample_freq"": 1, ""verbose"": -1}"
td516b24711	5000	True	"{""class_weight"": ""balanced"", ""colsample_bytree"": 0.28522977322189735, ""deterministic"": true, ""force_col_wise"": true, ""learning_rate"": 0.08700865271749024, ""max_bin"": 63, ""min_child_samples"": 6, ""n_estimators"": 252, ""num_leaves"": 25, ""reg_lambda"": 0.0012637946338082875, ""subsample"": 0.7710164073434198, ""subsample_freq"": 1, ""verbose"": -1}"
t4159a869f0	5000	False	"{""class_weight"": ""balanced"", ""colsample_bytree"": 0.3899980123443719, ""deterministic"": true, ""force_col_wise"": true, ""learning_rate"": 0.16783139545177708, ""max_bin"": 63, ""min_child_samples"": 5, ""n_estimators"": 202, ""num_leaves"": 10, ""reg_lambda"": 0.0020319809838424984, ""subsample"": 0.6915192661966489, ""subsample_freq"": 1, ""verbose"": -1}"
tbf4785bf5a	10000	True	"{""class_weight"": ""balanced"", ""colsample_bytree"": 0.3747260036104484, ""deterministic"": true, ""force_col_wise"": true, ""learning_rate"": 0.03726294440468528, ""max_bin"": 63, ""min_child_samples"": 3, ""n_estimators"": 201, ""num_leaves"": 4, ""reg_lambda"": 0.026243313847429624, ""subsample"": 0.9366956075731359, ""subsample_freq"": 1, ""verbose"": -1}"
tdc2b2e5c11	10000	True	"{""class_weight"": ""balanced"", ""colsample_bytree"": 0.4130174703653523, ""deterministic"": true, ""force_col_wise"": true, ""learning_rate"": 0.05550248135169183, ""max_bin"": 63, ""min_child_samples"": 8, ""n_estimators"": 199, ""num_leaves"": 27, ""reg_lambda"": 4.511724493397074, ""subsample"": 0.9934114020604429, ""subsample_freq"": 1, ""verbose"": -1}"
t1d06fd39ec	10000	True	"{""class_weight"": ""balanced"", ""colsample_bytree"": 0.2103248233137262, ""deterministic"": true, ""force_col_wise"": true, ""learning_rate"": 0.0388572906659689, ""max_bin"": 63, ""min_child_samples"": 8, ""n_estimators"": 192, ""num_leaves"": 19, ""reg_lambda"": 0.42677713475126694, ""subsample"": 0.9315733451229927, ""subsample_freq"": 1, ""verbose"": -1}"
t2ad51417f9	10000	True	"{""class_weight"": ""balanced"", ""colsample_bytree"": 0.20083354053230218, ""deterministic"": true, ""force_col_wise"": true, ""learning_rate"": 0.05935541952954163, ""max_bin"": 63, ""min_child_samples"": 5, ""n_estimators"": 220, ""num_leaves"": 11, ""reg_lambda"": 0.22616942167359727, ""subsample"": 0.9723237941168875, ""subsample_freq"": 1, ""verbose"": -1}"
t08dd43cbd6	10000	True	"{""class_weight"": ""balanced"", ""colsample_bytree"": 0.17288798199248417, ""deterministic"": true, ""force_col_wise"": true, ""learning_rate"": 0.03711784555747432, ""max_bin"": 63, ""min_child_samples"": 10, ""n_estimators"": 204, ""num_leaves"": 18, ""reg_lambda"": 0.13567296296631948, ""subsample"": 0.9361337344004571, ""subsample_freq"": 1, ""verbose"": -1}"
t7a354a3322	10000	True	"{""class_weight"": ""balanced"", ""colsample_bytree"": 0.19181525319508497, ""deterministic"": true, ""force_col_wise"": true, ""learning_rate"": 0.04702679608244925, ""max_bin"": 63, ""min_child_samples"": 9, ""n_estimators"": 213, ""num_leaves"": 27, ""reg_lambda"": 0.4242910384391365, ""subsample"": 0.8134163379455779, ""subsample_freq"": 1, ""verbose"": -1}"
t4f0a24fec0	10000	True	"{""class_weight"": ""balanced"", ""colsample_bytree"": 0.08777213000632993, ""deterministic"": true, ""force_col_wise"": true, ""learning_rate"": 0.047410567390581436, ""max_bin"": 63, ""min_child_samples"": 4, ""n_estimators"": 213, ""num_leaves"": 23, ""reg_lambda"": 0.2589085688509142, ""subsample"": 0.9849412650276903, ""subsample_freq"": 1, ""verbose"": -1}"
ta0dc8bf1ef	10000	True	"{""class_weight"": ""balanced"", ""colsample_bytree"": 0.13276508116578062, ""deterministic"": true, ""force_col_wise"": true, ""learning_rate"": 0.06211739110056408, ""max_bin"": 63, ""min_child_samples"": 3, ""n_estimators"": 221, ""num_leaves"": 26, ""reg_lambda"": 0.6389128162327382, ""subsample"": 0.9641154359210494, ""subsample_freq"": 1, ""verbose"": -1}"
t600ef12291	10000	True	"{""class_weight"": ""balanced"", ""colsample_bytree"": 0.09467356257075517, ""deterministic"": true, ""force_col_wise"": true, ""learning_rate"": 0.04120071141250457, ""max_bin"": 63, ""min_child_samples"": 2, ""n_estimators"": 264, ""num_leaves"": 24, ""reg_lambda"": 0.23159253077321265, ""subsample"": 0.9748987663070073, ""subsample_freq"": 1, ""verbose"": -1}"
tdb8004affe	10000	True	"{""class_weight"": ""balanced"", ""colsample_bytree"": 0.056471229721337744, ""deterministic"": true, ""force_col_wise"": true, ""learning_rate"": 0.060160466971707266, ""max_bin"": 63, ""min_child_samples"": 3, ""n_estimators"": 236, ""num_leaves"": 20, ""reg_lambda"": 0.14695479202132677, ""subsample"": 0.9398339297367356, ""subsample_freq"": 1, ""verbose"": -1}"
t34ba8c7189	10000	True	"{""class_weight"": ""balanced"", ""colsample_bytree"": 0.06305622099096218, ""deterministic"": true, ""force_col_wise"": true, ""learning_rate"": 0.15309892567685124, ""max_bin"": 63, ""min_child_samples"": 6, ""n_estimators"": 165, ""num_leaves"": 22, ""reg_lambda"": 0.03800144174512462, ""subsample"": 0.8934993185121132, ""subsample_freq"": 1, ""verbose"": -1}"
t8e28a351a9	5000	True	"{""class_weight"": ""balanced"", ""colsample_bytree"": 0.4294511124033671, ""deterministic"": true, ""force_col_wise"": true, ""learning_rate"": 0.06468381122033304, ""max_bin"": 63, ""min_child_samples"": 2, ""n_estimators"": 144, ""num_leaves"": 12, ""reg_lambda"": 7.68883189400676, ""subsample"": 0.9395756590979446, ""subsample_freq"": 1, ""verbose"": -1}"
tbaba04df93	10000	True	"{""class_weight"": ""balanced"", ""colsample_bytree"": 0.05230829707900563, ""deterministic"": true, ""force_col_wise"": true, ""learning_rate"": 0.16453133298785913, ""max_bin"": 63, ""min_child_samples"": 4, ""n_estimators"": 116, ""num_leaves"": 12, ""reg_lambda"": 0.07987032801740344, ""subsample"": 0.8172810061121624, ""subsample_freq"": 1, ""verbose"": -1}"
t97b73f7257	10000	True	"{""class_weight"": ""balanced"", ""colsample_bytree"": 0.23537884252386143, ""deterministic"": true, ""force_col_wise"": true, ""learning_rate"": 0.03654461380566751, ""max_bin"": 63, ""min_child_samples"": 10, ""n_estimators"": 205, ""num_leaves"": 9, ""reg_lambda"": 0.48832517896797484, ""subsample"": 0.9460068482428727, ""subsample_freq"": 1, ""verbose"": -1}"
tddc5d1e2ac	5000	False	"{""class_weight"": ""balanced"", ""colsample_bytree"": 0.30229842624968073, ""deterministic"": true, ""force_col_wise"": true, ""learning_rate"": 0.19757605788356347, ""max_bin"": 63, ""min_child_samples"": 6, ""n_estimators"": 181, ""num_leaves"": 24, ""reg_lambda"": 0.8090064196881628, ""subsample"": 0.764502195634654, ""subsample_freq"": 1, ""verbose"": -1}"
taa2caf7d31	10000	False	"{""class_weight"": ""balanced"", ""colsample_bytree"": 0.18064974999684047, ""deterministic"": true, ""force_col_wise"": true, ""learning_rate"": 0.04435206989812472, ""max_bin"": 63, ""min_child_samples"": 9, ""n_estimators"": 208, ""num_leaves"": 9, ""reg_lambda"": 0.015793089743169827, ""subsample"": 0.8623851311295415, ""subsample_freq"": 1, ""verbose"": -1}"
t77aa44f805	10000	False	"{""class_weight"": ""balanced"", ""colsample_bytree"": 0.3628673901297918, ""deterministic"": true, ""force_col_wise"": true, ""learning_rate"": 0.04778171189815417, ""max_bin"": 63, ""min_child_samples"": 8, ""n_estimators"": 218, ""num_leaves"": 24, ""reg_lambda"": 5.950722698017201, ""subsample"": 0.6410971114292846, ""subsample_freq"": 1, ""verbose"": -1}"
t8b81317400	10000	True	"{""class_weight"": ""balanced"", ""colsample_bytree"": 0.1811402103531236, ""deterministic"": true, ""force_col_wise"": true, ""learning_rate"": 0.19950669263767323, ""max_bin"": 63, ""min_child_samples"": 6, ""n_estimators"": 294, ""num_leaves"": 4, ""reg_lambda"": 0.1898880329986574, ""subsample"": 0.6254882273269258, ""subsample_freq"": 1, ""verbose"": -1}"
ta555c9ed09	10000	True	"{""class_weight"": ""balanced"", ""colsample_bytree"": 0.44865477299654305, ""deterministic"": true, ""force_col_wise"": true, ""learning_rate"": 0.12209602438966195, ""max_bin"": 63, ""min_child_samples"": 5, ""n_estimators"": 291, ""num_leaves"": 9, ""reg_lambda"": 0.05932678021275357, ""subsample"": 0.7020185121339186, ""subsample_freq"": 1, ""verbose"": -1}"
t1dfcb42266	5000	False	"{""class_weight"": ""balanced"", ""colsample_bytree"": 0.39960291501894624, ""deterministic"": true, ""force_col_wise"": true, ""learning_rate"": 0.12494915569239819, ""max_bin"": 63, ""min_child_samples"": 10, ""n_estimators"": 162, ""num_leaves"": 24, ""reg_lambda"": 4.167587459391027, ""subsample"": 0.6860914059948745, ""subsample_freq"": 1, ""verbose"": -1}"
ta546431c3d	10000	True	"{""class_weight"": ""balanced"", ""colsample_bytree"": 0.3081110488609549, ""deterministic"": true, ""force_col_wise"": true, ""learning_rate"": 0.1320132845393976, ""max_bin"": 63, ""min_child_samples"": 7, ""n_estimators"": 140, ""num_leaves"": 24, ""reg_lambda"": 9.293591958420151, ""subsample"": 0.960028526588067, ""subsample_freq"": 1, ""verbose"": -1}"
t4f3d14d242	10000	True	"{""class_weight"": ""balanced"", ""colsample_bytree"": 0.16338775326978214, ""deterministic"": true, ""force_col_wise"": true, ""learning_rate"": 0.11847955160046225, ""max_bin"": 63, ""min_child_samples"": 8, ""n_estimators"": 146, ""num_leaves"": 16, ""reg_lambda"": 1.286230663891304, ""subsample"": 0.9330782152396768, ""subsample_freq"": 1, ""verbose"": -1}"
t3e803517ef	10000	True	"{""class_weight"": ""balanced"", ""colsample_bytree"": 0.19227711612857606, ""deterministic"": true, ""force_col_wise"": true, ""learning_rate"": 0.06124482251381134, ""max_bin"": 63, ""min_child_samples"": 10, ""n_estimators"": 190, ""num_leaves"": 14, ""reg_lambda"": 0.8621353767758622, ""subsample"": 0.9123767815695081, ""subsample_freq"": 1, ""verbose"": -1}"
tfa8004fbcd	10000	True	"{""class_weight"": ""balanced"", ""colsample_bytree"": 0.19084607729499042, ""deterministic"": true, ""force_col_wise"": true, ""learning_rate"": 0.05654239106900279, ""max_bin"": 63, ""min_child_samples"": 10, ""n_estimators"": 202, ""num_leaves"": 8, ""reg_lambda"": 2.4851889775775287, ""subsample"": 0.8242289878053762, ""subsample_freq"": 1, ""verbose"": -1}"
t4c99b9de1c	10000	True	"{""class_weight"": ""balanced"", ""colsample_bytree"": 0.314702436418606, ""deterministic"": true, ""force_col_wise"": true, ""learning_rate"": 0.041146194412842105, ""max_bin"": 63, ""min_child_samples"": 8, ""n_estimators"": 200, ""num_leaves"": 10, ""reg_lambda"": 0.06363471325804887, ""subsample"": 0.8823831173779669, ""subsample_freq"": 1, ""verbose"": -1}"
t7b21e053a6	10000	True	"{""class_weight"": ""balanced"", ""colsample_bytree"": 0.21967870368027403, ""deterministic"": true, ""force_col_wise"": true, ""learning_rate"": 0.05763821368052793, ""max_bin"": 63, ""min_child_samples"": 10, ""n_estimators"": 266, ""num_leaves"": 6, ""reg_lambda"": 0.1425351920047418, ""subsample"": 0.8922768696706033, ""subsample_freq"": 1, ""verbose"": -1}"
t23b8094f59	10000	True	"{""class_weight"": ""balanced"", ""colsample_bytree"": 0.2511413626438395, ""deterministic"": true, ""force_col_wise"": true, ""learning_rate"": 0.03948564639316739, ""max_bin"": 63, ""min_child_samples"": 8, ""n_estimators"": 213, ""num_leaves"": 8, ""reg_lambda"": 0.5332728214628271, ""subsample"": 0.7792852636123198, ""subsample_freq"": 1, ""verbose"": -1}"
t9049bc9456	10000	True	"{""class_weight"": ""balanced"", ""colsample_bytree"": 0.3449414474603716, ""deterministic"": true, ""force_col_wise"": true, ""learning_rate"": 0.04430063507822897, ""max_bin"": 63, ""min_child_samples"": 10, ""n_estimators"": 171, ""num_leaves"": 7, ""reg_lambda"": 4.560669398898435, ""subsample"": 0.807997555729034, ""subsample_freq"": 1, ""verbose"": -1}"
t54fbb2cd79	10000	True	"{""class_weight"": ""balanced"", ""colsample_bytree"": 0.1916925860246603, ""deterministic"": true, ""force_col_wise"": true, ""learning_rate"": 0.05704671609595133, ""max_bin"": 63, ""min_child_samples"": 9, ""n_estimators"": 225, ""num_leaves"": 13, ""reg_lambda"": 3.1257129516297697, ""subsample"": 0.7780844527716771, ""subsample_freq"": 1, ""verbose"": -1}"
tcf1af3ae52	10000	True	"{""class_weight"": ""balanced"", ""colsample_bytree"": 0.3011513958963358, ""deterministic"": true, ""force_col_wise"": true, ""learning_rate"": 0.09433643958000477, ""max_bin"": 63, ""min_child_samples"": 10, ""n_estimators"": 187, ""num_leaves"": 5, ""reg_lambda"": 1.259595235127621, ""subsample"": 0.8937683612236103, ""subsample_freq"": 1, ""verbose"": -1}"
t75186af6fe	5000	False	"{""class_weight"": ""balanced"", ""colsample_bytree"": 0.2794560843153229, ""deterministic"": true, ""force_col_wise"": true, ""learning_rate"": 0.09529674827006658, ""max_bin"": 63, ""min_child_samples"": 5, ""n_estimators"": 172, ""num_leaves"": 15, ""reg_lambda"": 6.951922161731077, ""subsample"": 0.8840591973308294, ""subsample_freq"": 1, ""verbose"": -1}"
te2213fb9f8	5000	True	"{""class_weight"": ""balanced"", ""colsample_bytree"": 0.14622116545877384, ""deterministic"": true, ""force_col_wise"": true, ""learning_rate"": 0.17962060673134392, ""max_bin"": 63, ""min_child_samples"": 7, ""n_estimators"": 292, ""num_leaves"": 28, ""reg_lambda"": 0.0036023425503213325, ""subsample"": 0.8547328055227357, ""subsample_freq"": 1, ""verbose"": -1}"
t182746e306	10000	True	"{""class_weight"": ""balanced"", ""colsample_bytree"": 0.1278027169620346, ""deterministic"": true, ""force_col_wise"": true, ""learning_rate"": 0.03978858319627648, ""max_bin"": 63, ""min_child_samples"": 3, ""n_estimators"": 273, ""num_leaves"": 19, ""reg_lambda"": 0.006482617122786845, ""subsample"": 0.6416091843960924, ""subsample_freq"": 1, ""verbose"": -1}"
t357a1cd479	10000	False	"{""class_weight"": ""balanced"", ""colsample_bytree"": 0.08262851602893626, ""deterministic"": true, ""force_col_wise"": true, ""learning_rate"": 0.0798071547344345, ""max_bin"": 63, ""min_child_samples"": 8, ""n_estimators"": 175, ""num_leaves"": 5, ""reg_lambda"": 0.8021050936396523, ""subsample"": 0.953044632771952, ""subsample_freq"": 1, ""verbose"": -1}"
t12e76125a8	5000	True	"{""class_weight"": ""balanced"", ""colsample_bytree"": 0.09903807677112447, ""deterministic"": true, ""force_col_wise"": true, ""learning_rate"": 0.035922743880723966, ""max_bin"": 63, ""min_child_samples"": 6, ""n_estimators"": 277, ""num_leaves"": 16, ""reg_lambda"": 8.652390926796713, ""subsample"": 0.6614937843446999, ""subsample_freq"": 1, ""verbose"": -1}"
tb6c092db02	10000	False	"{""class_weight"": ""balanced"", ""colsample_bytree"": 0.3056339178145611, ""deterministic"": true, ""force_col_wise"": true, ""learning_rate"": 0.05375382685711302, ""max_bin"": 63, ""min_child_samples"": 4, ""n_estimators"": 163, ""num_leaves"": 15, ""reg_lambda"": 1.555643001067151, ""subsample"": 0.6381138646244594, ""subsample_freq"": 1, ""verbose"": -1}"
t2c533bf1fa	10000	False	"{""class_weight"": ""balanced"", ""colsample_bytree"": 0.3039122714054775, ""deterministic"": true, ""force_col_wise"": true, ""learning_rate"": 0.10808342208226515, ""max_bin"": 63, ""min_child_samples"": 4, ""n_estimators"": 271, ""num_leaves"": 5, ""reg_lambda"": 0.5287539578278707, ""subsample"": 0.837631051781117, ""subsample_freq"": 1, ""verbose"": -1}"
t9341f7aaa0	10000	True	"{""class_weight"": ""balanced"", ""colsample_bytree"": 0.13230667433325477, ""deterministic"": true, ""force_col_wise"": true, ""learning_rate"": 0.07652999247969139, ""max_bin"": 63, ""min_child_samples"": 2, ""n_estimators"": 121, ""num_leaves"": 28, ""reg_lambda"": 2.5893492801758677, ""subsample"": 0.6450719512340951, ""subsample_freq"": 1, ""verbose"": -1}"
t9cc7787b89	10000	True	"{""class_weight"": ""balanced"", ""colsample_bytree"": 0.07589986681888453, ""deterministic"": true, ""force_col_wise"": true, ""learning_rate"": 0.1756003811370267, ""max_bin"": 63, ""min_child_samples"": 6, ""n_estimators"": 169, ""num_leaves"": 12, ""reg_lambda"": 0.37340196924722213, ""subsample"": 0.8381227209602102, ""subsample_freq"": 1, ""verbose"": -1}"
tcdbfce3339	5000	True	"{""class_weight"": ""balanced"", ""colsample_bytree"": 0.2385204785071675, ""deterministic"": true, ""force_col_wise"": true, ""learning_rate"": 0.03014498046821775, ""max_bin"": 63, ""min_child_samples"": 8, ""n_estimators"": 136, ""num_leaves"": 11, ""reg_lambda"": 0.007059575414803108, ""subsample"": 0.7276299825577377, ""subsample_freq"": 1, ""verbose"": -1}"
tf6790ebb99	10000	False	"{""class_weight"": ""balanced"", ""colsample_bytree"": 0.12136789739841733, ""deterministic"": true, ""force_col_wise"": true, ""learning_rate"": 0.04781527523885579, ""max_bin"": 63, ""min_child_samples"": 8, ""n_estimators"": 230, ""num_leaves"": 9, ""reg_lambda"": 1.9694194692422151, ""subsample"": 0.8371793814533728, ""subsample_freq"": 1, ""verbose"": -1}"
t1708114e8a	10000	False	"{""class_weight"": ""balanced"", ""colsample_bytree"": 0.12482940307352454, ""deterministic"": true, ""force_col_wise"": true, ""learning_rate"": 0.05765662807083355, ""max_bin"": 63, ""min_child_samples"": 7, ""n_estimators"": 238, ""num_leaves"": 14, ""reg_lambda"": 0.6219611132233905, ""subsample"": 0.8887231818834403, ""subsample_freq"": 1, ""verbose"": -1}"
t3fac01806b	10000	False	"{""class_weight"": ""balanced"", ""colsample_bytree"": 0.18284612585909282, ""deterministic"": true, ""force_col_wise"": true, ""learning_rate"": 0.0849121944205055, ""max_bin"": 63, ""min_child_samples"": 9, ""n_estimators"": 121, ""num_leaves"": 6, ""reg_lambda"": 0.2646224961144935, ""subsample"": 0.9654462278410194, ""subsample_freq"": 1, ""verbose"": -1}"
tfd1c282dd4	10000	False	"{""class_weight"": ""balanced"", ""colsample_bytree"": 0.17594937576766947, ""deterministic"": true, ""force_col_wise"": true, ""learning_rate"": 0.08063373892182897, ""max_bin"": 63, ""min_child_samples"": 7, ""n_estimators"": 220, ""num_leaves"": 16, ""reg_lambda"": 0.6671901986823638, ""subsample"": 0.9756607021874978, ""subsample_freq"": 1, ""verbose"": -1}"
ta46a6b97d9	10000	False	"{""class_weight"": ""balanced"", ""colsample_bytree"": 0.0845026359626652, ""deterministic"": true, ""force_col_wise"": true, ""learning_rate"": 0.15722319771649645, ""max_bin"": 63, ""min_child_samples"": 7, ""n_estimators"": 152, ""num_leaves"": 5, ""reg_lambda"": 9.062900621368174, ""subsample"": 0.9343300756151175, ""subsample_freq"": 1, ""verbose"": -1}"
t6b2fa28c50	10000	False	"{""class_weight"": ""balanced"", ""colsample_bytree"": 0.0761974664410967, ""deterministic"": true, ""force_col_wise"": true, ""learning_rate"": 0.13220719788870813, ""max_bin"": 63, ""min_child_samples"": 7, ""n_estimators"": 235, ""num_leaves"": 7, ""reg_lambda"": 1.9238349887076867, ""subsample"": 0.8524134017666013, ""subsample_freq"": 1, ""verbose"": -1}"
tecccdaaa71	10000	False	"{""class_weight"": ""balanced"", ""colsample_bytree"": 0.2491947647141697, ""deterministic"": true, ""force_col_wise"": true, ""learning_rate"": 0.08688422375746205, ""max_bin"": 63, ""min_child_samples"": 7, ""n_estimators"": 222, ""num_leaves"": 8, ""reg_lambda"": 7.130576184186773, ""subsample"": 0.8236936013671712, ""subsample_freq"": 1, ""verbose"": -1}"
tb24e46164c	10000	False	"{""class_weight"": ""balanced"", ""colsample_bytree"": 0.054886332454263574, ""deterministic"": true, ""force_col_wise"": true, ""learning_rate"": 0.16217682004928058, ""max_bin"": 63, ""min_child_samples"": 6, ""n_estimators"": 186, ""num_leaves"": 8, ""reg_lambda"": 1.3387134791527955, ""subsample"": 0.9937143085762737, ""subsample_freq"": 1, ""verbose"": -1}"
tda8145e174	10000	False	"{""class_weight"": ""balanced"", ""colsample_bytree"": 0.06949104739811736, ""deterministic"": true, ""force_col_wise"": true, ""learning_rate"": 0.0849727369227986, ""max_bin"": 63, ""min_child_samples"": 9, ""n_estimators"": 144, ""num_leaves"": 5, ""reg_lambda"": 9.370130963250942, ""subsample"": 0.8492044025228482, ""subsample_freq"": 1, ""verbose"": -1}"
te379a2fd32	10000	False	"{""class_weight"": ""balanced"", ""colsample_bytree"": 0.15745806369227724, ""deterministic"": true, ""force_col_wise"": true, ""learning_rate"": 0.1333422361000116, ""max_bin"": 63, ""min_child_samples"": 6, ""n_estimators"": 166, ""num_leaves"": 6, ""reg_lambda"": 8.877175451613267, ""subsample"": 0.9403663913408131, ""subsample_freq"": 1, ""verbose"": -1}"
t10d80b028c	5000	False	"{""class_weight"": ""balanced"", ""colsample_bytree"": 0.10217782017407501, ""deterministic"": true, ""force_col_wise"": true, ""learning_rate"": 0.0735651074747693, ""max_bin"": 63, ""min_child_samples"": 3, ""n_estimators"": 189, ""num_leaves"": 5, ""reg_lambda"": 2.659060351206287, ""subsample"": 0.8509566730817704, ""subsample_freq"": 1, ""verbose"": -1}"
t4e80a59a10	10000	True	"{""class_weight"": ""balanced"", ""colsample_bytree"": 0.18035930311344267, ""deterministic"": true, ""force_col_wise"": true, ""learning_rate"": 0.19109922149234265, ""max_bin"": 63, ""min_child_samples"": 5, ""n_estimators"": 156, ""num_leaves"": 22, ""reg_lambda"": 0.0028173680367061496, ""subsample"": 0.8038798736188565, ""subsample_freq"": 1, ""verbose"": -1}"
t2750a61578	10000	True	"{""class_weight"": ""balanced"", ""colsample_bytree"": 0.36786716807359826, ""deterministic"": true, ""force_col_wise"": true, ""learning_rate"": 0.03455700208270661, ""max_bin"": 63, ""min_child_samples"": 4, ""n_estimators"": 264, ""num_leaves"": 29, ""reg_lambda"": 0.25352249141085603, ""subsample"": 0.6442261827090044, ""subsample_freq"": 1, ""verbose"": -1}"
t60f9af5bcf	10000	True	"{""class_weight"": ""balanced"", ""colsample_bytree"": 0.18953327188230007, ""deterministic"": true, ""force_col_wise"": true, ""learning_rate"": 0.048384385153928615, ""max_bin"": 63, ""min_child_samples"": 8, ""n_estimators"": 212, ""num_leaves"": 7, ""reg_lambda"": 0.06407167925775657, ""subsample"": 0.9303015861988821, ""subsample_freq"": 1, ""verbose"": -1}"
te6220ee47d	10000	False	"{""class_weight"": ""balanced"", ""colsample_bytree"": 0.46502508985599456, ""deterministic"": true, ""force_col_wise"": true, ""learning_rate"": 0.034062167594670824, ""max_bin"": 63, ""min_child_samples"": 3, ""n_estimators"": 272, ""num_leaves"": 9, ""reg_lambda"": 0.010476760628984446, ""subsample"": 0.866532988489387, ""subsample_freq"": 1, ""verbose"": -1}"
tf59289f5fc	10000	False	"{""class_weight"": ""balanced"", ""colsample_bytree"": 0.34226867764743485, ""deterministic"": true, ""force_col_wise"": true, ""learning_rate"": 0.06963587340411684, ""max_bin"": 63, ""min_child_samples"": 4, ""n_estimators"": 112, ""num_leaves"": 9, ""reg_lambda"": 0.07470161470159242, ""subsample"": 0.8896049483479385, ""subsample_freq"": 1, ""verbose"": -1}"
td3433634f2	10000	False	"{""class_weight"": ""balanced"", ""colsample_bytree"": 0.18721098307596368, ""deterministic"": true, ""force_col_wise"": true, ""learning_rate"": 0.19653164471626786, ""max_bin"": 63, ""min_child_samples"": 3, ""n_estimators"": 198, ""num_leaves"": 28, ""reg_lambda"": 5.770567609777677, ""subsample"": 0.841918086914559, ""subsample_freq"": 1, ""verbose"": -1}"
td0e523c10c	5000	False	"{""class_weight"": ""balanced"", ""colsample_bytree"": 0.39343802127241123, ""deterministic"": true, ""force_col_wise"": true, ""learning_rate"": 0.1475764805782491, ""max_bin"": 63, ""min_child_samples"": 10, ""n_estimators"": 189, ""num_leaves"": 19, ""reg_lambda"": 0.8072231060168935, ""subsample"": 0.9763510916962913, ""subsample_freq"": 1, ""verbose"": -1}"
te4f8035af9	10000	False	"{""class_weight"": ""balanced"", ""colsample_bytree"": 0.4283565800339676, ""deterministic"": true, ""force_col_wise"": true, ""learning_rate"": 0.12149460156774766, ""max_bin"": 63, ""min_child_samples"": 10, ""n_estimators"": 221, ""num_leaves"": 10, ""reg_lambda"": 0.7780738669201906, ""subsample"": 0.7732400958006278, ""subsample_freq"": 1, ""verbose"": -1}"
t543895373a	5000	True	"{""class_weight"": ""balanced"", ""colsample_bytree"": 0.15202218117376703, ""deterministic"": true, ""force_col_wise"": true, ""learning_rate"": 0.032637777939505556, ""max_bin"": 63, ""min_child_samples"": 10, ""n_estimators"": 215, ""num_leaves"": 16, ""reg_lambda"": 0.002067358437019352, ""subsample"": 0.7892989395764887, ""subsample_freq"": 1, ""verbose"": -1}"
t819f2a1db5	5000	False	"{""class_weight"": ""balanced"", ""colsample_bytree"": 0.1129221718762547, ""deterministic"": true, ""force_col_wise"": true, ""learning_rate"": 0.08592321644209337, ""max_bin"": 63, ""min_child_samples"": 2, ""n_estimators"": 125, ""num_leaves"": 11, ""reg_lambda"": 3.6695696371338546, ""subsample"": 0.9218832831647057, ""subsample_freq"": 1, ""verbose"": -1}"
tcd7554a53e	5000	False	"{""class_weight"": ""balanced"", ""colsample_bytree"": 0.16263620704992954, ""deterministic"": true, ""force_col_wise"": true, ""learning_rate"": 0.0668240380169965, ""max_bin"": 63, ""min_child_samples"": 3, ""n_estimators"": 183, ""num_leaves"": 8, ""reg_lambda"": 7.735291639716232, ""subsample"": 0.7905650987383168, ""subsample_freq"": 1, ""verbose"": -1}"
t260096840c	5000	False	"{""class_weight"": ""balanced"", ""colsample_bytree"": 0.16594012700359007, ""deterministic"": true, ""force_col_wise"": true, ""learning_rate"": 0.10570248586421842, ""max_bin"": 63, ""min_child_samples"": 3, ""n_estimators"": 155, ""num_leaves"": 11, ""reg_lambda"": 6.8601101521969055, ""subsample"": 0.9747755969100643, ""subsample_freq"": 1, ""verbose"": -1}"
tac2c0c0e63	5000	False	"{""class_weight"": ""balanced"", ""colsample_bytree"": 0.06197430099273531, ""deterministic"": true, ""force_col_wise"": true, ""learning_rate"": 0.0770544354235037, ""max_bin"": 63, ""min_child_samples"": 3, ""n_estimators"": 199, ""num_leaves"": 11, ""reg_lambda"": 0.6828418373162515, ""subsample"": 0.7602136124728016, ""subsample_freq"": 1, ""verbose"": -1}"
t81e47d283f	5000	False	"{""class_weight"": ""balanced"", ""colsample_bytree"": 0.07609581581997954, ""deterministic"": true, ""force_col_wise"": true, ""learning_rate"": 0.08697301773040542, ""max_bin"": 63, ""min_child_samples"": 3, ""n_estimators"": 237, ""num_leaves"": 17, ""reg_lambda"": 0.10639982146968849, ""subsample"": 0.7162618503404095, ""subsample_freq"": 1, ""verbose"": -1}"
t76e2cef5de	5000	False	"{""class_weight"": ""balanced"", ""colsample_bytree"": 0.08503600736501828, ""deterministic"": true, ""force_col_wise"": true, ""learning_rate"": 0.09550920030808166, ""max_bin"": 63, ""min_child_samples"": 4, ""n_estimators"": 154, ""num_leaves"": 15, ""reg_lambda"": 5.942918018092158, ""subsample"": 0.7223870404922962, ""subsample_freq"": 1, ""verbose"": -1}"
t8e0417bf59	5000	False	"{""class_weight"": ""balanced"", ""colsample_bytree"": 0.2010434126097958, ""deterministic"": true, ""force_col_wise"": true, ""learning_rate"": 0.05077400946437585, ""max_bin"": 63, ""min_child_samples"": 2, ""n_estimators"": 178, ""num_leaves"": 10, ""reg_lambda"": 0.10341307063252461, ""subsample"": 0.7944350331992379, ""subsample_freq"": 1, ""verbose"": -1}"
tb5d09b7b59	5000	False	"{""class_weight"": ""balanced"", ""colsample_bytree"": 0.16963498803641552, ""deterministic"": true, ""force_col_wise"": true, ""learning_rate"": 0.13709763868046532, ""max_bin"": 63, ""min_child_samples"": 4, ""n_estimators"": 193, ""num_leaves"": 14, ""reg_lambda"": 1.5248032237776645, ""subsample"": 0.779131898589342, ""subsample_freq"": 1, ""verbose"": -1}"
t3b691f7eec	5000	False	"{""class_weight"": ""balanced"", ""colsample_bytree"": 0.1115694031825876, ""deterministic"": true, ""force_col_wise"": true, ""learning_rate"": 0.15409508552718545, ""max_bin"": 63, ""min_child_samples"": 2, ""n_estimators"": 231, ""num_leaves"": 6, ""reg_lambda"": 1.3759867275552478, ""subsample"": 0.8659925336082757, ""subsample_freq"": 1, ""verbose"": -1}"
tf2d51b3b18	5000	False	"{""class_weight"": ""balanced"", ""colsample_bytree"": 0.2367786348711139, ""deterministic"": true, ""force_col_wise"": true, ""learning_rate"": 0.13541956811897307, ""max_bin"": 63, ""min_child_samples"": 4, ""n_estimators"": 172, ""num_leaves"": 6, ""reg_lambda"": 1.0237285414302784, ""subsample"": 0.8755272421340368, ""subsample_freq"": 1, ""verbose"": -1}"
t622e739549	5000	True	"{""class_weight"": ""balanced"", ""colsample_bytree"": 0.46072503047083896, ""deterministic"": true, ""force_col_wise"": true, ""learning_rate"": 0.17754943960797434, ""max_bin"": 63, ""min_child_samples"": 5, ""n_estimators"": 162, ""num_leaves"": 5, ""reg_lambda"": 0.10758144240488701, ""subsample"": 0.7820015675707115, ""subsample_freq"": 1, ""verbose"": -1}"
tede7d765db	10000	True	"{""class_weight"": ""balanced"", ""colsample_bytree"": 0.33249563970538537, ""deterministic"": true, ""force_col_wise"": true, ""learning_rate"": 0.03654845815338737, ""max_bin"": 63, ""min_child_samples"": 5, ""n_estimators"": 165, ""num_leaves"": 26, ""reg_lambda"": 0.015835486125102573, ""subsample"": 0.6143954174398802, ""subsample_freq"": 1, ""verbose"": -1}"
tbf2dc6693b	10000	True	"{""class_weight"": ""balanced"", ""colsample_bytree"": 0.07604383533032356, ""deterministic"": true, ""force_col_wise"": true, ""learning_rate"": 0.05376572932896858, ""max_bin"": 63, ""min_child_samples"": 6, ""n_estimators"": 179, ""num_leaves"": 10, ""reg_lambda"": 0.00870565720849901, ""subsample"": 0.7158800162911421, ""subsample_freq"": 1, ""verbose"": -1}"
td3de9d7e9c	5000	False	"{""class_weight"": ""balanced"", ""colsample_bytree"": 0.4584720610290959, ""deterministic"": true, ""force_col_wise"": true, ""learning_rate"": 0.10746366458847424, ""max_bin"": 63, ""min_child_samples"": 2, ""n_estimators"": 129, ""num_leaves"": 31, ""reg_lambda"": 1.0535659762702185, ""subsample"": 0.6232205264865011, ""subsample_freq"": 1, ""verbose"": -1}"
t1c24cf5da0	10000	True	"{""class_weight"": ""balanced"", ""colsample_bytree"": 0.11241991580590441, ""deterministic"": true, ""force_col_wise"": true, ""learning_rate"": 0.08057575038066948, ""max_bin"": 63, ""min_child_samples"": 9, ""n_estimators"": 121, ""num_leaves"": 4, ""reg_lambda"": 0.05228831591138928, ""subsample"": 0.6428580780593992, ""subsample_freq"": 1, ""verbose"": -1}"
t0bd8f930df	10000	True	"{""class_weight"": ""balanced"", ""colsample_bytree"": 0.2411601153030148, ""deterministic"": true, ""force_col_wise"": true, ""learning_rate"": 0.039695232087319905, ""max_bin"": 63, ""min_child_samples"": 6, ""n_estimators"": 240, ""num_leaves"": 28, ""reg_lambda"": 0.0949081929654921, ""subsample"": 0.6075873513094989, ""subsample_freq"": 1, ""verbose"": -1}"
tc19086f87b	5000	True	"{""class_weight"": ""balanced"", ""colsample_bytree"": 0.31039460710363914, ""deterministic"": true, ""force_col_wise"": true, ""learning_rate"": 0.07551130748701833, ""max_bin"": 63, ""min_child_samples"": 8, ""n_estimators"": 243, ""num_leaves"": 10, ""reg_lambda"": 0.20232605719499358, ""subsample"": 0.7793542774639663, ""subsample_freq"": 1, ""verbose"": -1}"
t62d4eb84ab	10000	True	"{""class_weight"": ""balanced"", ""colsample_bytree"": 0.30095043219080436, ""deterministic"": true, ""force_col_wise"": true, ""learning_rate"": 0.13966097601896663, ""max_bin"": 63, ""min_child_samples"": 7, ""n_estimators"": 215, ""num_leaves"": 17, ""reg_lambda"": 0.0035388339011866517, ""subsample"": 0.7329022028134791, ""subsample_freq"": 1, ""verbose"": -1}"
t85af91f0ac	5000	False	"{""class_weight"": ""balanced"", ""colsample_bytree"": 0.37626573724243695, ""deterministic"": true, ""force_col_wise"": true, ""learning_rate"": 0.033050118449494945, ""max_bin"": 63, ""min_child_samples"": 8, ""n_estimators"": 231, ""num_leaves"": 6, ""reg_lambda"": 0.43278713779153977, ""subsample"": 0.8062744248286213, ""subsample_freq"": 1, ""verbose"": -1}"
t89175c9f91	5000	True	"{""class_weight"": ""balanced"", ""colsample_bytree"": 0.2688918186462582, ""deterministic"": true, ""force_col_wise"": true, ""learning_rate"": 0.037880234094566576, ""max_bin"": 63, ""min_child_samples"": 4, ""n_estimators"": 104, ""num_leaves"": 16, ""reg_lambda"": 0.047477595783607135, ""subsample"": 0.6030445074887543, ""subsample_freq"": 1, ""verbose"": -1}"
t0c0d2dfa34	5000	False	"{""class_weight"": ""balanced"", ""colsample_bytree"": 0.3275247289671802, ""deterministic"": true, ""force_col_wise"": true, ""learning_rate"": 0.034131470884987435, ""max_bin"": 63, ""min_child_samples"": 9, ""n_estimators"": 127, ""num_leaves"": 5, ""reg_lambda"": 1.3110738822591448, ""subsample"": 0.7941085302550722, ""subsample_freq"": 1, ""verbose"": -1}"
t9c23338b89	5000	False	"{""class_weight"": ""balanced"", ""colsample_bytree"": 0.47521512523137877, ""deterministic"": true, ""force_col_wise"": true, ""learning_rate"": 0.035174583771956584, ""max_bin"": 63, ""min_child_samples"": 7, ""n_estimators"": 280, ""num_leaves"": 8, ""reg_lambda"": 0.08131076655556264, ""subsample"": 0.8522521859938214, ""subsample_freq"": 1, ""verbose"": -1}"
t5a8525d150	5000	False	"{""class_weight"": ""balanced"", ""colsample_bytree"": 0.42455473514940384, ""deterministic"": true, ""force_col_wise"": true, ""learning_rate"": 0.032601478396742566, ""max_bin"": 63, ""min_child_samples"": 9, ""n_estimators"": 193, ""num_leaves"": 5, ""reg_lambda"": 7.079401454867585, ""subsample"": 0.8903879606415672, ""subsample_freq"": 1, ""verbose"": -1}"
t96e0ad2e57	5000	False	"{""class_weight"": ""balanced"", ""colsample_bytree"": 0.36292373644273374, ""deterministic"": true, ""force_col_wise"": true, ""learning_rate"": 0.04141040563001877, ""max_bin"": 63, ""min_child_samples"": 6, ""n_estimators"": 117, ""num_leaves"": 4, ""reg_lambda"": 2.7071891486149986, ""subsample"": 0.8615344594697782, ""subsample_freq"": 1, ""verbose"": -1}"
t219a12a619	5000	False	"{""class_weight"": ""balanced"", ""colsample_bytree"": 0.33330134370344927, ""deterministic"": true, ""force_col_wise"": true, ""learning_rate"": 0.04178858310693727, ""max_bin"": 63, ""min_child_samples"": 5, ""n_estimators"": 251, ""num_leaves"": 6, ""reg_lambda"": 1.7066923233104538, ""subsample"": 0.7555937106739427, ""subsample_freq"": 1, ""verbose"": -1}"
t079e9ebbd6	5000	False	"{""class_weight"": ""balanced"", ""colsample_bytree"": 0.2583970972607355, ""deterministic"": true, ""force_col_wise"": true, ""learning_rate"": 0.039921736944728246, ""max_bin"": 63, ""min_child_samples"": 5, ""n_estimators"": 171, ""num_leaves"": 9, ""reg_lambda"": 0.2709307182648705, ""subsample"": 0.6639918085524623, ""subsample_freq"": 1, ""verbose"": -1}"
td99ea3356a	5000	False	"{""class_weight"": ""balanced"", ""colsample_bytree"": 0.3606836088190181, ""deterministic"": true, ""force_col_wise"": true, ""learning_rate"": 0.059577424197363095, ""max_bin"": 63, ""min_child_samples"": 6, ""n_estimators"": 224, ""num_leaves"": 8, ""reg_lambda"": 4.292417138955803, ""subsample"": 0.6942381622755074, ""subsample_freq"": 1, ""verbose"": -1}"
t826f454738	5000	False	"{""class_weight"": ""balanced"", ""colsample_bytree"": 0.29864645243509796, ""deterministic"": true, ""force_col_wise"": true, ""learning_rate"": 0.05869011555638169, ""max_bin"": 63, ""min_child_samples"": 5, ""n_estimators"": 181, ""num_leaves"": 5, ""reg_lambda"": 0.053177545267301486, ""subsample"": 0.6632050612130371, ""subsample_freq"": 1, ""verbose"": -1}"
tca27be1198	5000	False	"{""class_weight"": ""balanced"", ""colsample_bytree"": 0.2148898285858318, ""deterministic"": true, ""force_col_wise"": true, ""learning_rate"": 0.04381324759598871, ""max_bin"": 63, ""min_child_samples"": 2, ""n_estimators"": 263, ""num_leaves"": 7, ""reg_lambda"": 0.13178450645035933, ""subsample"": 0.7291633310881599, ""subsample_freq"": 1, ""verbose"": -1}"
t53aaf67461	5000	False	"{""class_weight"": ""balanced"", ""colsample_bytree"": 0.3748625656120362, ""deterministic"": true, ""force_col_wise"": true, ""learning_rate"": 0.03357381802032067, ""max_bin"": 63, ""min_child_samples"": 7, ""n_estimators"": 291, ""num_leaves"": 5, ""reg_lambda"": 4.0897258181812965, ""subsample"": 0.8797975119812756, ""subsample_freq"": 1, ""verbose"": -1}"
