outer	trial	setting	n_probes	correct_material	model_params	accuracy	macro_f1	balanced_accuracy	log_loss
2	0	t75186af6fe	5000	False	"{""class_weight"": ""balanced"", ""colsample_bytree"": 0.2794560843153229, ""deterministic"": true, ""force_col_wise"": true, ""learning_rate"": 0.09529674827006658, ""max_bin"": 63, ""min_child_samples"": 5, ""n_estimators"": 172, ""num_leaves"": 15, ""reg_lambda"": 6.951922161731077, ""subsample"": 0.8840591973308294, ""subsample_freq"": 1, ""verbose"": -1}"	0.922313	0.871015	0.873797	0.546956
2	1	te2213fb9f8	5000	True	"{""class_weight"": ""balanced"", ""colsample_bytree"": 0.14622116545877384, ""deterministic"": true, ""force_col_wise"": true, ""learning_rate"": 0.17962060673134392, ""max_bin"": 63, ""min_child_samples"": 7, ""n_estimators"": 292, ""num_leaves"": 28, ""reg_lambda"": 0.0036023425503213325, ""subsample"": 0.8547328055227357, ""subsample_freq"": 1, ""verbose"": -1}"	0.453478	0.319151	0.336164	19.2427
2	2	t182746e306	10000	True	"{""class_weight"": ""balanced"", ""colsample_bytree"": 0.1278027169620346, ""deterministic"": true, ""force_col_wise"": true, ""learning_rate"": 0.03978858319627648, ""max_bin"": 63, ""min_child_samples"": 3, ""n_estimators"": 273, ""num_leaves"": 19, ""reg_lambda"": 0.006482617122786845, ""subsample"": 0.6416091843960924, ""subsample_freq"": 1, ""verbose"": -1}"	0.915989	0.845944	0.848579	0.397545
2	3	t357a1cd479	10000	False	"{""class_weight"": ""balanced"", ""colsample_bytree"": 0.08262851602893626, ""deterministic"": true, ""force_col_wise"": true, ""learning_rate"": 0.0798071547344345, ""max_bin"": 63, ""min_child_samples"": 8, ""n_estimators"": 175, ""num_leaves"": 5, ""reg_lambda"": 0.8021050936396523, ""subsample"": 0.953044632771952, ""subsample_freq"": 1, ""verbose"": -1}"	0.942638	0.907693	0.904645	0.35665
2	4	t12e76125a8	5000	True	"{""class_weight"": ""balanced"", ""colsample_bytree"": 0.09903807677112447, ""deterministic"": true, ""force_col_wise"": true, ""learning_rate"": 0.035922743880723966, ""max_bin"": 63, ""min_child_samples"": 6, ""n_estimators"": 277, ""num_leaves"": 16, ""reg_lambda"": 8.652390926796713, ""subsample"": 0.6614937843446999, ""subsample_freq"": 1, ""verbose"": -1}"	0.932701	0.887085	0.880337	0.746964
2	5	tb6c092db02	10000	False	"{""class_weight"": ""balanced"", ""colsample_bytree"": 0.3056339178145611, ""deterministic"": true, ""force_col_wise"": true, ""learning_rate"": 0.05375382685711302, ""max_bin"": 63, ""min_child_samples"": 4, ""n_estimators"": 163, ""num_leaves"": 15, ""reg_lambda"": 1.555643001067151, ""subsample"": 0.6381138646244594, ""subsample_freq"": 1, ""verbose"": -1}"	0.926829	0.874561	0.874213	0.553023
2	6	t2c533bf1fa	10000	False	"{""class_weight"": ""balanced"", ""colsample_bytree"": 0.3039122714054775, ""deterministic"": true, ""force_col_wise"": true, ""learning_rate"": 0.10808342208226515, ""max_bin"": 63, ""min_child_samples"": 4, ""n_estimators"": 271, ""num_leaves"": 5, ""reg_lambda"": 0.5287539578278707, ""subsample"": 0.837631051781117, ""subsample_freq"": 1, ""verbose"": -1}"	0.929539	0.878378	0.87733	0.390668
2	7	t9341f7aaa0	10000	True	"{""class_weight"": ""balanced"", ""colsample_bytree"": 0.13230667433325477, ""deterministic"": true, ""force_col_wise"": true, ""learning_rate"": 0.07652999247969139, ""max_bin"": 63, ""min_child_samples"": 2, ""n_estimators"": 121, ""num_leaves"": 28, ""reg_lambda"": 2.5893492801758677, ""subsample"": 0.6450719512340951, ""subsample_freq"": 1, ""verbose"": -1}"	0.937218	0.891227	0.885578	0.599593
2	8	t9cc7787b89	10000	True	"{""class_weight"": ""balanced"", ""colsample_bytree"": 0.07589986681888453, ""deterministic"": true, ""force_col_wise"": true, ""learning_rate"": 0.1756003811370267, ""max_bin"": 63, ""min_child_samples"": 6, ""n_estimators"": 169, ""num_leaves"": 12, ""reg_lambda"": 0.37340196924722213, ""subsample"": 0.8381227209602102, ""subsample_freq"": 1, ""verbose"": -1}"	0.901987	0.835792	0.839099	0.450492
2	9	tcdbfce3339	5000	True	"{""class_weight"": ""balanced"", ""colsample_bytree"": 0.2385204785071675, ""deterministic"": true, ""force_col_wise"": true, ""learning_rate"": 0.03014498046821775, ""max_bin"": 63, ""min_child_samples"": 8, ""n_estimators"": 136, ""num_leaves"": 11, ""reg_lambda"": 0.007059575414803108, ""subsample"": 0.7276299825577377, ""subsample_freq"": 1, ""verbose"": -1}"	0.919603	0.868068	0.861178	0.512376
2	10	tf6790ebb99	10000	False	"{""class_weight"": ""balanced"", ""colsample_bytree"": 0.12136789739841733, ""deterministic"": true, ""force_col_wise"": true, ""learning_rate"": 0.04781527523885579, ""max_bin"": 63, ""min_child_samples"": 8, ""n_estimators"": 230, ""num_leaves"": 9, ""reg_lambda"": 1.9694194692422151, ""subsample"": 0.8371793814533728, ""subsample_freq"": 1, ""verbose"": -1}"	0.943993	0.906146	0.90408	0.432555
2	11	t1708114e8a	10000	False	"{""class_weight"": ""balanced"", ""colsample_bytree"": 0.12482940307352454, ""deterministic"": true, ""force_col_wise"": true, ""learning_rate"": 0.05765662807083355, ""max_bin"": 63, ""min_child_samples"": 7, ""n_estimators"": 238, ""num_leaves"": 14, ""reg_lambda"": 0.6219611132233905, ""subsample"": 0.8887231818834403, ""subsample_freq"": 1, ""verbose"": -1}"	0.943993	0.907641	0.906014	0.374943
2	12	t3fac01806b	10000	False	"{""class_weight"": ""balanced"", ""colsample_bytree"": 0.18284612585909282, ""deterministic"": true, ""force_col_wise"": true, ""learning_rate"": 0.0849121944205055, ""max_bin"": 63, ""min_child_samples"": 9, ""n_estimators"": 121, ""num_leaves"": 6, ""reg_lambda"": 0.2646224961144935, ""subsample"": 0.9654462278410194, ""subsample_freq"": 1, ""verbose"": -1}"	0.923216	0.872729	0.869416	0.410266
2	13	tfd1c282dd4	10000	False	"{""class_weight"": ""balanced"", ""colsample_bytree"": 0.17594937576766947, ""deterministic"": true, ""force_col_wise"": true, ""learning_rate"": 0.08063373892182897, ""max_bin"": 63, ""min_child_samples"": 7, ""n_estimators"": 220, ""num_leaves"": 16, ""reg_lambda"": 0.6671901986823638, ""subsample"": 0.9756607021874978, ""subsample_freq"": 1, ""verbose"": -1}"	0.936314	0.890547	0.886361	0.368998
2	14	ta46a6b97d9	10000	False	"{""class_weight"": ""balanced"", ""colsample_bytree"": 0.0845026359626652, ""deterministic"": true, ""force_col_wise"": true, ""learning_rate"": 0.15722319771649645, ""max_bin"": 63, ""min_child_samples"": 7, ""n_estimators"": 152, ""num_leaves"": 5, ""reg_lambda"": 9.062900621368174, ""subsample"": 0.9343300756151175, ""subsample_freq"": 1, ""verbose"": -1}"	0.947606	0.916146	0.911823	0.43875
2	15	t6b2fa28c50	10000	False	"{""class_weight"": ""balanced"", ""colsample_bytree"": 0.0761974664410967, ""deterministic"": true, ""force_col_wise"": true, ""learning_rate"": 0.13220719788870813, ""max_bin"": 63, ""min_child_samples"": 7, ""n_estimators"": 235, ""num_leaves"": 7, ""reg_lambda"": 1.9238349887076867, ""subsample"": 0.8524134017666013, ""subsample_freq"": 1, ""verbose"": -1}"	0.945348	0.909233	0.905326	0.346615
2	16	tecccdaaa71	10000	False	"{""class_weight"": ""balanced"", ""colsample_bytree"": 0.2491947647141697, ""deterministic"": true, ""force_col_wise"": true, ""learning_rate"": 0.08688422375746205, ""max_bin"": 63, ""min_child_samples"": 7, ""n_estimators"": 222, ""num_leaves"": 8, ""reg_lambda"": 7.130576184186773, ""subsample"": 0.8236936013671712, ""subsample_freq"": 1, ""verbose"": -1}"	0.930894	0.881376	0.879957	0.503774
2	17	tb24e46164c	10000	False	"{""class_weight"": ""balanced"", ""colsample_bytree"": 0.054886332454263574, ""deterministic"": true, ""force_col_wise"": true, ""learning_rate"": 0.16217682004928058, ""max_bin"": 63, ""min_child_samples"": 6, ""n_estimators"": 186, ""num_leaves"": 8, ""reg_lambda"": 1.3387134791527955, ""subsample"": 0.9937143085762737, ""subsample_freq"": 1, ""verbose"": -1}"	0.941283	0.901345	0.900497	0.349814
2	18	tda8145e174	10000	False	"{""class_weight"": ""balanced"", ""colsample_bytree"": 0.06949104739811736, ""deterministic"": true, ""force_col_wise"": true, ""learning_rate"": 0.0849727369227986, ""max_bin"": 63, ""min_child_samples"": 9, ""n_estimators"": 144, ""num_leaves"": 5, ""reg_lambda"": 9.370130963250942, ""subsample"": 0.8492044025228482, ""subsample_freq"": 1, ""verbose"": -1}"	0.943541	0.907036	0.904981	0.56702
2	19	te379a2fd32	10000	False	"{""class_weight"": ""balanced"", ""colsample_bytree"": 0.15745806369227724, ""deterministic"": true, ""force_col_wise"": true, ""learning_rate"": 0.1333422361000116, ""max_bin"": 63, ""min_child_samples"": 6, ""n_estimators"": 166, ""num_leaves"": 6, ""reg_lambda"": 8.877175451613267, ""subsample"": 0.9403663913408131, ""subsample_freq"": 1, ""verbose"": -1}"	0.936314	0.894668	0.893272	0.477409
